filename,PeakAccuracy,TotalAccuracy,Total_pellets,Total_pokes,PokesPerPellet,RetrievalTime,PokeTime,Win-stay,Win-shift,Lose-shift,Lose-stay,daily pellets,PeakAccuracy_Day,PeakAccuracy_Night,Win-stay_Day,Win-stay_Night,Lose-shift_Day,Lose-shift_Night,Session_type,Mouse_ID,Sex
CDKL5_005_178_78_Bandit80_20251013.csv,67.64705882352942,61.91198786039453,362,658.0,1.8176795580110496,0.85,0.1,0.8603896103896104,0.1396103896103896,0.5571428571428572,0.44285714285714284,185.01070663811564,68.0,65.00000000000001,0.8130841121495327,0.8855721393034826,0.6086956521739131,0.5319148936170213,Bandit80,CDKL5_005_178_78,F
CDKL5_005_179_14_Bandit80_20251013.csv,68.23529411764706,58.51063829787234,346,661.0,1.9104046242774566,0.67,0.08,0.8692307692307693,0.13076923076923078,0.5454545454545454,0.45454545454545453,173.98875554365665,71.11111111111111,63.000000000000014,0.8411214953271028,0.8888888888888888,0.5789473684210527,0.5277777777777778,Bandit80,CDKL5_005_179_14,F
CDKL5_005_179_17_Bandit80_20251013.csv,72.85714285714286,61.27167630057804,301,518.0,1.7209302325581395,0.66,0.12,0.9227941176470589,0.07720588235294118,0.5365853658536586,0.4634146341463415,152.25735675981628,60.0,74.0,0.883495145631068,0.9467455621301775,0.4444444444444444,0.5625,Bandit80,CDKL5_005_179_17,M
CDKL5_005_179_20_Bandit80_20251013.csv,68.46153846153847,65.59633027522935,271,437.0,1.6125461254612545,0.42,0.2,0.9330357142857143,0.06696428571428571,0.4857142857142857,0.5142857142857142,141.7298901178429,65.0,72.5,0.9166666666666666,0.9428571428571428,0.42857142857142855,0.5238095238095238,Bandit80,CDKL5_005_179_20,F
CDKL5_005_180_66_Bandit80_20251013.csv,60.71428571428572,57.43119266055046,300,551.0,1.8366666666666667,1.22,0.12,0.7511111111111111,0.24888888888888888,0.47435897435897434,0.5256410256410257,150.6994267375202,58.33333333333333,53.75,0.7604166666666666,0.7441860465116279,0.4722222222222222,0.4878048780487805,Bandit80,CDKL5_005_180_66,F
CDKL5_005_180_67_Bandit80_20251013.csv,59.375,48.15905743740795,334,679.0,2.032934131736527,0.61,0.12,0.8816326530612245,0.11836734693877551,0.55,0.45,168.2129242104527,56.25,59.999999999999986,0.8627450980392157,0.8951048951048951,0.5714285714285714,0.5384615384615384,Bandit80,CDKL5_005_180_67,M
CDKL5_005_180_69_Bandit80_20251013.csv,61.42857142857142,50.58430717863105,308,601.0,1.9512987012987013,0.69,0.2,0.8904109589041096,0.1095890410958904,0.43478260869565216,0.5652173913043478,155.0176225010597,60.0,55.00000000000001,0.8648648648648649,0.9166666666666666,0.4642857142857143,0.3888888888888889,Bandit80,CDKL5_005_180_69,M
CDKL5_005_182_57_Bandit80_20251013.csv,78.75,68.72852233676976,338,581.0,1.7189349112426036,0.49,0.12,0.9190140845070423,0.08098591549295775,0.6181818181818182,0.38181818181818183,170.64156043904825,66.66666666666666,78.33333333333333,0.8809523809523809,0.9346733668341709,0.6666666666666666,0.5882352941176471,Bandit80,CDKL5_005_182_57,M
CDKL5_005_182_64_Bandit80_20251013.csv,73.125,60.31999999999999,337,624.0,1.8516320474777448,0.61,0.11,0.8674242424242424,0.13257575757575757,0.609375,0.390625,173.99531694063955,63.74999999999999,72.0,0.816,0.9136690647482014,0.5675675675675675,0.6666666666666666,Bandit80,CDKL5_005_182_64,F
CDKL5_005_182_65_Bandit80_20251013.csv,61.764705882352935,56.76855895196506,361,696.0,1.92797783933518,0.91,0.17,0.8544061302681992,0.14559386973180077,0.29591836734693877,0.7040816326530612,182.483736398378,64.44444444444444,62.727272727272734,0.8850574712643678,0.838150289017341,0.25925925925925924,0.30985915492957744,Bandit80,CDKL5_005_182_65,F
CDKL5_005_183_74_Bandit80_20251013.csv,74.0,66.11111111111111,418,719.0,1.7200956937799043,0.85,0.2,0.9138461538461539,0.08615384615384615,0.5362318840579711,0.463768115942029,211.1779357977448,70.0,73.33333333333333,0.8925619834710744,0.9264705882352942,0.5714285714285714,0.5208333333333334,Bandit80,CDKL5_005_183_74,F
CDKL5_005_183_75_Bandit80_20251013.csv,71.76470588235294,59.4311377245509,362,669.0,1.8480662983425415,0.67,0.16,0.8546712802768166,0.1453287197231834,0.4915254237288136,0.5084745762711864,182.41099937767902,71.42857142857142,68.18181818181819,0.8712871287128713,0.8457446808510638,0.5263157894736842,0.475,Bandit80,CDKL5_005_183_75,F
CDKL5_005_184_3_Bandit80_20251013.csv,71.57894736842105,62.797619047619044,389,672.0,1.7275064267352185,0.61,0.1,0.883495145631068,0.11650485436893204,0.5909090909090909,0.4090909090909091,195.9309307558675,64.44444444444444,73.84615384615384,0.8715596330275229,0.898989898989899,0.53125,0.625,Bandit80,CDKL5_005_184_3,F
CDKL5_005_186_53_Bandit80_20251013.csv,63.125,50.075414781297134,331,662.0,2.0,0.49,0.16,0.7888888888888889,0.2111111111111111,0.3978494623655914,0.6021505376344086,166.96968104671328,67.5,53.75,0.7603305785123967,0.8120805369127517,0.4594594594594595,0.35714285714285715,Bandit80,CDKL5_005_186_53,M
CDKL5_005_275_28_Bandit80_20251013.csv,78.0,65.87771203155819,307,510.0,1.6612377850162867,0.61,0.14,0.9307359307359307,0.06926406926406926,0.5294117647058824,0.47058823529411764,154.60225683111068,77.14285714285715,72.22222222222221,0.9195402298850575,0.9375,0.5294117647058824,0.5294117647058824,Bandit80,CDKL5_005_275_28,M
CDKL5_005_275_29_Bandit80_20251013.csv,72.3076923076923,59.13757700205339,280,488.0,1.7428571428571429,0.61,0.14500000000000002,0.9004739336492891,0.0995260663507109,0.45454545454545453,0.5454545454545454,141.197894171618,74.28571428571428,71.25,0.89,0.9099099099099099,0.5,0.4,Bandit80,CDKL5_005_275_29,M
CDKL5_005_281_35_Bandit80_20251013.csv,78.66666666666666,65.26315789473685,324,569.0,1.7561728395061729,0.98,0.16,0.9411764705882353,0.058823529411764705,0.3333333333333333,0.6666666666666666,166.50064038707842,74.28571428571428,74.0,0.9298245614035088,0.9485714285714286,0.42857142857142855,0.3125,Bandit80,CDKL5_005_281_35,M
CDKL5_005_281_36_Bandit80_20251013.csv,73.75,65.84440227703985,327,528.0,1.614678899082569,0.67,0.14,0.9436619718309859,0.056338028169014086,0.3333333333333333,0.6666666666666666,164.7297533671506,76.25,75.0,0.9051724137931034,0.9702380952380952,0.4117647058823529,0.2631578947368421,Bandit80,CDKL5_005_281_36,M
CNTNAP2_008_242_53_Bandit80_20251124.csv,71.33333333333334,52.310231023102304,314,605.0,1.9267515923566878,0.67,0.2,0.8132295719844358,0.1867704280155642,0.5,0.5,164.53749302539967,70.0,69.0,0.85,0.7966101694915254,0.7,0.41304347826086957,Bandit80,CNTNAP2_008_242_53,M
CNTNAP2_008_243_81_Bandit80_20251124.csv,66.11111111111111,52.20385674931129,379,726.0,1.9155672823218997,0.67,0.15,0.8154362416107382,0.18456375838926176,0.4935064935064935,0.5064935064935064,190.43675487060193,58.33333333333333,61.53846153846153,0.87,0.7878787878787878,0.25,0.5384615384615384,Bandit80,CNTNAP2_008_243_81,F
CNTNAP2_008_243_82_Bandit80_20251124.csv,62.999999999999986,57.37931034482758,412,724.0,1.7572815533980584,0.49,0.13,0.797583081570997,0.20241691842900303,0.5247524752475248,0.4752475247524752,207.69714325626876,60.0,61.42857142857142,0.8387096774193549,0.7729468599033816,0.43243243243243246,0.5714285714285714,Bandit80,CNTNAP2_008_243_82,F
CNTNAP2_008_244_32_Bandit80_20251124.csv,65.99999999999999,47.77947932618683,317,652.0,2.056782334384858,1.16,0.15,0.8495575221238938,0.1504424778761062,0.38271604938271603,0.6172839506172839,159.49871300620785,57.99999999999999,64.54545454545455,0.864406779661017,0.8493975903614458,0.2857142857142857,0.4166666666666667,Bandit80,CNTNAP2_008_244_32,M
CNTNAP2_008_244_35_Bandit80_20251124.csv,70.0,51.46771037181996,262,511.0,1.950381679389313,0.5800000000000001,0.19,0.8071065989847716,0.19289340101522842,0.3191489361702128,0.6808510638297872,132.2438717787555,50.0,68.57142857142856,0.68,0.8852459016393442,0.2727272727272727,0.36,Bandit80,CNTNAP2_008_244_35,M
CNTNAP2_008_245_99_Bandit80_20251124.csv,64.54545454545453,46.33663366336634,239,506.0,2.1171548117154813,0.73,0.21,0.7797619047619048,0.22023809523809523,0.4090909090909091,0.5909090909090909,119.94284453015183,48.0,74.28571428571429,0.8088235294117647,0.76,0.375,0.45,Bandit80,CNTNAP2_008_245_99,M
CNTNAP2_008_246_28_Bandit80_20251124.csv,65.71428571428571,56.80473372781065,284,507.0,1.7852112676056338,0.8200000000000001,0.16,0.7373737373737373,0.26262626262626265,0.46774193548387094,0.532258064516129,147.4872423679608,45.0,71.11111111111111,0.7424242424242424,0.7348484848484849,0.3333333333333333,0.59375,Bandit80,CNTNAP2_008_246_28,F
CNTNAP2_008_246_29_Bandit80_20251124.csv,72.35294117647058,58.599695585996955,361,656.0,1.817174515235457,0.42,0.2,0.9333333333333333,0.06666666666666667,0.42592592592592593,0.5740740740740741,181.59926406371903,64.28571428571428,75.0,0.9468085106382979,0.9267015706806283,0.5263157894736842,0.37142857142857144,Bandit80,CNTNAP2_008_246_29,M
CNTNAP2_008_247_49_Bandit80_20251124.csv,79.44444444444446,60.334346504559264,370,659.0,1.781081081081081,0.67,0.18,0.9686520376175548,0.03134796238244514,0.27419354838709675,0.7258064516129032,187.58912067599684,88.75,69.0909090909091,0.9776119402985075,0.9621621621621622,0.4,0.23404255319148937,Bandit80,CNTNAP2_008_247_49,M
CNTNAP2_008_247_51_Bandit80_20251124.csv,71.25,63.73429084380611,338,556.0,1.6449704142011834,0.73,0.15,0.8669064748201439,0.13309352517985612,0.6206896551724138,0.3793103448275862,170.38238485863312,70.0,70.0,0.8725490196078431,0.8636363636363636,0.631578947368421,0.6153846153846154,Bandit80,CNTNAP2_008_247_51,M
CNTNAP2_008_248_45_Bandit80_20251124.csv,63.88888888888889,55.833333333333336,376,719.0,1.9122340425531914,0.91,0.1,0.7833333333333333,0.21666666666666667,0.5392156862745098,0.46078431372549017,188.5981004574693,66.25,57.49999999999999,0.7226890756302521,0.8232044198895028,0.5102040816326531,0.5660377358490566,Bandit80,CNTNAP2_008_248_45,F
CNTNAP2_008_248_46_Bandit80_20251124.csv,68.82352941176471,61.50306748466258,365,654.0,1.7917808219178082,1.1,0.13,0.8315018315018315,0.1684981684981685,0.5106382978723404,0.48936170212765956,183.29874976023996,72.85714285714285,71.81818181818183,0.8181818181818182,0.8421052631578947,0.5,0.5172413793103449,Bandit80,CNTNAP2_008_248_46,F
CNTNAP2_008_248_48_Bandit80_20251124.csv,81.76470588235294,60.85526315789473,363,609.0,1.677685950413223,0.67,0.11,0.882943143812709,0.11705685618729098,0.3888888888888889,0.6111111111111112,187.23068932786504,80.0,80.90909090909092,0.8319327731092437,0.9162011173184358,0.4666666666666667,0.3333333333333333,Bandit80,CNTNAP2_008_248_48,F
CNTNAP2_008_342_40_Bandit80_20251124.csv,75.45454545454547,61.771561771561764,236,431.0,1.826271186440678,0.79,0.13,0.8631578947368421,0.1368421052631579,0.41025641025641024,0.5897435897435898,123.0034203811282,74.0,75.71428571428571,0.8765432098765432,0.8532110091743119,0.45,0.3684210526315789,Bandit80,CNTNAP2_008_342_40,M
CNTNAP2_008_352_55_Bandit80_20251124.csv,64.28571428571428,61.44144144144145,303,554.0,1.8283828382838283,0.55,0.15,0.825531914893617,0.17446808510638298,0.5274725274725275,0.4725274725274725,152.30028157214997,75.0,63.33333333333334,0.8555555555555555,0.8125,0.4857142857142857,0.5535714285714286,Bandit80,CNTNAP2_008_352_55,F
CNTNAP2_008_352_58_Bandit80_20251124.csv,75.0,64.28571428571429,335,575.0,1.7164179104477613,0.85,0.15,0.8416988416988417,0.1583011583011583,0.5172413793103449,0.4827586206896552,168.83538340748495,80.0,72.0,0.8764044943820225,0.8224852071005917,0.4444444444444444,0.55,Bandit80,CNTNAP2_008_352_58,F
ChowHFD_177_Bandit80_20250728.csv,73.88888888888889,60.117302052785924,377,682.0,1.8090185676392574,0.66,0.18,0.9233333333333333,0.07666666666666666,0.423728813559322,0.576271186440678,187.24519711654537,64.99999999999999,78.46153846153847,0.9175257731958762,0.9261083743842364,0.34782608695652173,0.4722222222222222,Bandit80,ChowHFD_177,M
ChowHFD_182_Bandit80_20250728.csv,67.05882352941177,55.742725880551305,360,654.0,1.8166666666666667,0.66,0.14,0.8421052631578947,0.15789473684210525,0.509090909090909,0.4909090909090909,175.7437070938215,67.77777777777779,61.00000000000001,0.9368421052631579,0.7828947368421053,0.7058823529411765,0.42105263157894735,Bandit80,ChowHFD_182,M
ChowHFD_183_Bandit80_20250728.csv,68.23529411764706,56.58682634730538,351,672.0,1.9145299145299146,0.66,0.24,0.9197080291970803,0.08029197080291971,0.4264705882352941,0.5735294117647058,170.60402004961776,71.1111111111111,60.0,0.9203539823008849,0.91875,0.5161290322580645,0.35135135135135137,Bandit80,ChowHFD_183,M
ChowHFD_184_Bandit80_20250728.csv,79.00000000000001,65.55716353111433,408,692.0,1.696078431372549,0.66,0.22,0.9394812680115274,0.06051873198847262,0.5740740740740741,0.42592592592592593,199.87782529016494,80.0,74.28571428571428,0.9416666666666667,0.9383259911894273,0.8125,0.47368421052631576,Bandit80,ChowHFD_184,M
ChowHFD_185_Bandit80_20250728.csv,74.21052631578948,61.98581560283688,389,705.0,1.8123393316195373,0.66,0.13,0.9198813056379822,0.08011869436201781,0.4583333333333333,0.5416666666666666,189.7414817359183,70.0,73.33333333333333,0.8527131782945736,0.9615384615384616,0.45,0.4642857142857143,Bandit80,ChowHFD_185,M
ChowHFD_186_Bandit80_20250728.csv,77.77777777777779,70.79037800687286,370,581.0,1.5702702702702702,0.66,0.13,0.9417808219178082,0.05821917808219178,0.48484848484848486,0.5151515151515151,180.6346623270952,78.33333333333333,71.42857142857142,0.8764044943820225,0.9704433497536946,0.45454545454545453,0.5,Bandit80,ChowHFD_186,M
ChowHFD_187_Bandit80_20250728.csv,74.99999999999999,62.03966005665722,417,707.0,1.6954436450839327,0.66,0.14,0.8700564971751412,0.12994350282485875,0.4915254237288136,0.5084745762711864,207.1811699375276,65.0,78.57142857142857,0.8508771929824561,0.8823529411764706,0.5,0.48484848484848486,Bandit80,ChowHFD_187,M
ChowHFD_189_Bandit80_20250728.csv,77.64705882352942,60.09615384615385,354,623.0,1.7598870056497176,0.66,0.08,0.9285714285714286,0.07142857142857142,0.5116279069767442,0.4883720930232558,173.64621960540094,64.28571428571428,81.81818181818181,0.90625,0.9402173913043478,0.5555555555555556,0.5,Bandit80,ChowHFD_189,M
ChowHFD_190_Bandit80_20250728.csv,69.23076923076923,64.38053097345133,280,451.0,1.6107142857142858,0.66,0.15,0.9556451612903226,0.04435483870967742,0.37037037037037035,0.6296296296296297,136.02550478214664,76.0,68.88888888888889,0.9242424242424242,0.967032967032967,0.0,0.45454545454545453,Bandit80,ChowHFD_190,M
ChowHFD_670_Bandit80_20250728.csv,72.94117647058823,52.32876712328767,356,729.0,2.047752808988764,0.66,0.18,0.8907849829351536,0.10921501706484642,0.46835443037974683,0.5316455696202531,178.5041320400935,85.71428571428571,69.0909090909091,0.8543689320388349,0.9105263157894737,0.42857142857142855,0.4827586206896552,Bandit80,ChowHFD_670,M
ChowHFD_671_Bandit80_20250728.csv,76.31578947368422,65.51724137931035,398,695.0,1.7462311557788945,0.66,0.1,0.9529780564263323,0.047021943573667714,0.5849056603773585,0.41509433962264153,196.898834199858,75.7142857142857,78.33333333333334,0.957983193277311,0.949748743718593,0.6190476190476191,0.5483870967741935,Bandit80,ChowHFD_671,M
ChowHFD_672_Bandit80_20250728.csv,67.36842105263158,64.96913580246914,384,651.0,1.6953125,0.66,0.13,0.8921933085501859,0.10780669144981413,0.5606060606060606,0.4393939393939394,191.5665363673632,58.57142857142856,67.6923076923077,0.9102564102564102,0.8848167539267016,0.5263157894736842,0.574468085106383,Bandit80,ChowHFD_672,M
ChowHFD_674_Bandit80_20250728.csv,69.54545454545456,57.83274440518257,456,849.0,1.861842105263158,0.66,0.21,0.8769230769230769,0.12307692307692308,0.42857142857142855,0.5714285714285714,222.2746275056276,69.0,69.28571428571428,0.8278688524590164,0.9064039408866995,0.42857142857142855,0.42857142857142855,Bandit80,ChowHFD_674,M
DNMT3a_002_19_45_Bandit80_20250505.csv,76.875,64.34494195688225,344,602.0,1.75,0.37,0.12,0.9678456591639871,0.03215434083601286,0.4782608695652174,0.5217391304347826,165.9914551394823,66.25,82.0,0.9663865546218487,0.9685863874345549,0.5,0.46153846153846156,Bandit80,DNMT3A_002_19_45,M
DNMT3a_002_19_47_Bandit80_20250505.csv,67.33333333333333,60.223048327137555,314,537.0,1.7101910828025477,0.37,0.19,0.9122807017543859,0.08771929824561403,0.4090909090909091,0.5909090909090909,150.84905975112042,65.71428571428572,67.5,0.8787878787878788,0.937984496124031,0.34615384615384615,0.5,Bandit80,DNMT3A_002_19_47,F
DNMT3a_002_19_49_Bandit80_20250505.csv,76.66666666666666,64.40071556350627,313,558.0,1.7827476038338659,0.82,0.15,0.9311594202898551,0.06884057971014493,0.4533333333333333,0.5466666666666666,150.643389520828,72.85714285714285,73.0,0.9325842696629213,0.93048128342246,0.41379310344827586,0.4782608695652174,Bandit80,DNMT3A_002_19_49,F
DNMT3a_002_19_53_Bandit80_20250505.csv,63.63636363636363,60.35353535353535,232,397.0,1.7112068965517242,0.94,0.15,0.8941798941798942,0.10582010582010581,0.5277777777777778,0.4722222222222222,142.68541619414833,68.33333333333333,52.5,0.8653846153846154,0.9294117647058824,0.5238095238095238,0.5333333333333333,Bandit80,DNMT3A_002_19_53,F
DNMT3a_002_22_11_Bandit80_20250407.csv,78.82352941176471,58.57805255023184,354,647.0,1.8276836158192091,0.44,0.08,0.9195046439628483,0.0804953560371517,0.5,0.5,174.32261447444915,78.8888888888889,74.44444444444443,0.9119496855345912,0.926829268292683,0.5,0.48,Bandit80,DNMT3A_002_22_11,F
DNMT3a_002_22_12_Bandit80_20250407.csv,80.0,60.15325670498084,273,521.0,1.9084249084249085,0.69,0.08,0.9113924050632911,0.08860759493670886,0.5,0.5,131.61985859927347,88.00000000000001,75.71428571428571,0.8974358974358975,0.925,0.5,0.5,Bandit80,DNMT3A_002_22_12,M
DNMT3a_002_22_9_Bandit80_20250404.csv,76.875,59.85533453887884,328,555.0,1.6920731707317074,0.69,0.11,0.9590443686006825,0.040955631399317405,0.375,0.625,157.64318454897423,76.25,76.0,0.9285714285714286,0.9779005524861878,0.35714285714285715,0.3888888888888889,Bandit80,DNMT3A_002_22_9,F
DNMT3a_002_23_5_Bandit80_20250407.csv,69.16666666666667,57.70065075921909,254,462.0,1.8188976377952757,0.56,0.14,0.926605504587156,0.07339449541284404,0.5333333333333333,0.4666666666666667,122.08481449957443,71.00000000000001,60.0,0.9308176100628931,0.9152542372881356,0.7272727272727273,0.0,Bandit80,DNMT3A_002_23_5,F
DNMT3a_002_24_2_Bandit80_20250407.csv,71.25,62.207357859531776,338,598.0,1.7692307692307692,0.5,0.11,0.8419117647058824,0.15808823529411764,0.5432098765432098,0.4567901234567901,163.13417955587244,68.33333333333333,73.63636363636363,0.8333333333333334,0.8461538461538461,0.6086956521739131,0.5172413793103449,Bandit80,DNMT3A_002_24_2,F
DNMT3a_002_25_24_Bandit80_20250407.csv,76.15384615384615,66.66666666666666,274,433.0,1.5802919708029197,0.82,0.11,0.8544600938967136,0.14553990610328638,0.45454545454545453,0.5454545454545454,131.63554675770953,65.71428571428571,76.25,0.8796296296296297,0.8285714285714286,0.45454545454545453,0.45454545454545453,Bandit80,DNMT3A_002_25_24,M
DNMT3a_002_25_29_Bandit80_20250407.csv,80.625,66.72661870503596,334,558.0,1.6706586826347305,0.5,0.13,0.9311594202898551,0.06884057971014493,0.6470588235294118,0.35294117647058826,161.12672920087957,78.75,85.0,0.8818897637795275,0.9731543624161074,0.5,0.6923076923076923,Bandit80,DNMT3A_002_25_29,M
DNMT3a_002_26_55_Bandit80_20250505.csv,75.625,55.8641975308642,326,647.0,1.9846625766871167,0.69,0.17,0.8731884057971014,0.12681159420289856,0.4675324675324675,0.5324675324675324,156.89140412637585,73.75,71.25,0.8888888888888888,0.8616352201257862,0.42424242424242425,0.5,Bandit80,DNMT3A_002_26_55,F
DNMT3a_002_26_56_Bandit80_20250505.csv,74.70588235294119,48.728246318607766,366,747.0,2.040983606557377,0.56,0.14,0.7716535433070866,0.2283464566929134,0.5151515151515151,0.48484848484848486,176.06048627311245,75.71428571428571,72.22222222222223,0.6611570247933884,0.8721804511278195,0.4864864864864865,0.5517241379310345,Bandit80,DNMT3A_002_26_56,F
DNMT3a_002_26_59_Bandit80_20250505.csv,70.0,55.18072289156627,220,415.0,1.8863636363636365,0.82,0.17,0.9431818181818182,0.056818181818181816,0.34615384615384615,0.6538461538461539,106.10399397136396,70.0,64.0,0.927710843373494,0.956989247311828,0.4,0.2727272727272727,Bandit80,DNMT3A_002_26_59,M
DNMT3a_002_27_40_Bandit80_20250505.csv,72.0,63.61940298507462,311,535.0,1.720257234726688,0.37,0.14,0.8646616541353384,0.13533834586466165,0.5119047619047619,0.4880952380952381,150.60701514455144,77.14285714285714,71.00000000000001,0.8285714285714286,0.8881987577639752,0.5,0.53125,Bandit80,DNMT3A_002_27_40,M
DNMT3a_002_28_31_Bandit80_20250505.csv,64.16666666666666,62.41610738255034,265,446.0,1.6830188679245284,0.56,0.18,0.8583333333333333,0.14166666666666666,0.6896551724137931,0.3103448275862069,128.43060553903928,58.33333333333333,62.85714285714285,0.8380952380952381,0.8740740740740741,0.5,0.7894736842105263,Bandit80,DNMT3A_002_28_31,M
FMR1_007_207_61_Bandit80_20251110.csv,60.0,56.491712707182316,385,729.0,1.8935064935064936,0.61,0.08,0.8316498316498316,0.16835016835016836,0.36538461538461536,0.6346153846153846,195.04070365865073,63.74999999999999,58.33333333333333,0.8363636363636363,0.8279569892473119,0.6153846153846154,0.28205128205128205,Bandit80,FMR1_007_207_61,F
FMR1_007_210_79_Bandit80_20251110.csv,88.23529411764707,58.38323353293413,348,667.0,1.9166666666666667,0.37,0.14,0.9691358024691358,0.030864197530864196,0.3157894736842105,0.6842105263157895,178.75755792177216,72.85714285714285,90.90909090909089,0.9285714285714286,0.9905660377358491,0.34782608695652173,0.29411764705882354,Bandit80,FMR1_007_210_79,M
FMR1_007_211_81_Bandit80_20251110.csv,68.0,58.935361216730044,304,525.0,1.7269736842105263,0.91,0.18,0.8509803921568627,0.14901960784313725,0.5657894736842105,0.4342105263157895,153.84381095185938,50.0,71.1111111111111,0.926829268292683,0.815028901734104,0.38095238095238093,0.6363636363636364,Bandit80,FMR1_007_211_81,F
FMR1_007_211_83_Bandit80_20251110.csv,75.29411764705883,62.284820031298906,351,639.0,1.8205128205128205,1.34,0.16,0.7867647058823529,0.21323529411764705,0.5930232558139535,0.4069767441860465,176.29987908101572,72.22222222222221,78.8888888888889,0.7289719626168224,0.8242424242424242,0.5666666666666667,0.6071428571428571,Bandit80,FMR1_007_211_83,F
FMR1_007_213_39_Bandit80_20251110.csv,79.44444444444446,66.9918699186992,372,615.0,1.653225806451613,0.44,0.12,0.9269102990033222,0.07308970099667775,0.6764705882352942,0.3235294117647059,190.58484490906824,67.5,80.83333333333333,0.8942307692307693,0.9438775510204082,0.7777777777777778,0.64,Bandit80,FMR1_007_213_39,M
FMR1_007_213_40_Bandit80_20251110.csv,67.77777777777779,59.67016491754122,376,668.0,1.7765957446808511,0.61,0.18,0.8452380952380952,0.15476190476190477,0.6190476190476191,0.38095238095238093,191.00584637577475,63.74999999999999,70.0,0.8108108108108109,0.8661971830985915,0.5384615384615384,0.6888888888888889,Bandit80,FMR1_007_213_40,F
FMR1_007_214_94_Bandit80_20251110.csv,62.727272727272734,57.5682382133995,238,402.0,1.6890756302521008,0.3,0.2,0.9261363636363636,0.07386363636363637,0.6190476190476191,0.38095238095238093,122.30244923691816,63.33333333333333,67.14285714285714,0.9242424242424242,0.9272727272727272,0.6666666666666666,0.6111111111111112,Bandit80,FMR1_007_214_94,M
FMR1_007_214_98_Bandit80_20251110.csv,71.66666666666667,60.43956043956044,256,455.0,1.77734375,0.37,0.11,0.8586956521739131,0.14130434782608695,0.509090909090909,0.4909090909090909,128.33883375622048,77.5,64.44444444444444,0.8307692307692308,0.8739495798319328,0.375,0.5641025641025641,Bandit80,FMR1_007_214_98,M
FMR1_007_218_77_Bandit80_20251110.csv,63.07692307692307,54.302103250478005,273,524.0,1.9194139194139195,0.63,0.12,0.9512195121951219,0.04878048780487805,0.5238095238095238,0.47619047619047616,136.43841321625655,48.0,70.0,0.978021978021978,0.9298245614035088,0.6,0.45454545454545453,Bandit80,FMR1_007_218_77,M
FMR1_007_221_47_Bandit80_20251110.csv,75.83333333333333,52.69709543568465,246,482.0,1.9593495934959348,0.44,0.11,0.8728323699421965,0.12716763005780346,0.2682926829268293,0.7317073170731707,122.90540267039836,63.33333333333332,78.33333333333333,0.8333333333333334,0.9052631578947369,0.25,0.2857142857142857,Bandit80,FMR1_007_221_47,M
FMR1_007_221_51_Bandit80_20251110.csv,69.375,50.983358547655065,328,661.0,2.0152439024390243,0.44,0.12,0.8692307692307693,0.13076923076923078,0.3333333333333333,0.6666666666666666,164.00664378765345,63.33333333333334,72.72727272727273,0.881578947368421,0.8641304347826086,0.17647058823529413,0.3877551020408163,Bandit80,FMR1_007_221_51,M
FMR1_007_307_40_Bandit80_20251110.csv,71.25,56.31825273010921,332,644.0,1.9397590361445782,1.22,0.2,0.7719298245614035,0.22807017543859648,0.5057471264367817,0.4942528735632184,165.8311094716335,70.0,70.0,0.78125,0.7651515151515151,0.4634146341463415,0.5434782608695652,Bandit80,FMR1_007_307_40,F
MYT1L_001_10_42_Bandit80_20250310.csv,74.5,62.57062146892656,416,708.0,1.7019230769230769,0.63,0.14,0.907563025210084,0.09243697478991597,0.4583333333333333,0.5416666666666666,209.54979536152797,57.49999999999999,82.5,0.88125,0.9285714285714286,0.4444444444444444,0.47619047619047616,Bandit80,MYT1L_001_10_42,F
MYT1L_001_10_44_Bandit80_20250310.csv,75.00000000000001,49.795081967213115,249,487.0,1.9558232931726907,0.63,0.19,0.8383838383838383,0.16161616161616163,0.4090909090909091,0.5909090909090909,126.49480551423653,68.33333333333333,70.0,0.8658536585365854,0.8189655172413793,0.16666666666666666,0.5,Bandit80,MYT1L_001_10_44,M
MYT1L_001_12_45_Bandit80_20250310.csv,70.625,64.19753086419753,333,567.0,1.7027027027027026,0.44,0.15,0.914179104477612,0.08582089552238806,0.6212121212121212,0.3787878787878788,168.3698012066877,63.74999999999999,76.25,0.9272727272727272,0.9050632911392406,0.7142857142857143,0.5526315789473685,Bandit80,MYT1L_001_12_45,M
MYT1L_001_12_48_Bandit80_20250310.csv,71.42857142857143,60.80305927342257,300,523.0,1.7433333333333334,1.01,0.09,0.8387096774193549,0.16129032258064516,0.5094339622641509,0.49056603773584906,150.90209411586625,70.0,72.5,0.8148148148148148,0.8571428571428571,0.6363636363636364,0.4,Bandit80,MYT1L_001_12_48,F
MYT1L_001_1_1_Bandit80_20250310.csv,76.0,68.35443037974683,418,713.0,1.7057416267942584,0.63,0.14,0.8141025641025641,0.1858974358974359,0.5714285714285714,0.42857142857142855,210.5552130468668,79.0,78.33333333333334,0.8125,0.8143712574850299,0.5714285714285714,0.5625,Bandit80,MYT1L_001_1_1,F
MYT1L_001_1_3_Bandit80_20250310.csv,68.82352941176471,53.48189415041783,364,718.0,1.9725274725274726,0.63,0.06,0.815625,0.184375,0.41304347826086957,0.5869565217391305,185.62380806630097,68.88888888888889,65.55555555555556,0.8220858895705522,0.8089171974522293,0.37037037037037035,0.47368421052631576,Bandit80,MYT1L_001_1_3,M
MYT1L_001_1_4_Bandit80_20250310.csv,74.375,65.16464471403813,337,577.0,1.7121661721068249,0.37,0.07,0.8888888888888888,0.1111111111111111,0.5,0.5,169.0861260968287,59.999999999999986,71.81818181818181,0.9351851851851852,0.8596491228070176,0.5714285714285714,0.45454545454545453,Bandit80,MYT1L_001_1_4,F
MYT1L_001_2_6_Bandit80_20250310.csv,70.625,70.05347593582889,334,561.0,1.6796407185628743,0.63,0.1,0.9333333333333333,0.06666666666666667,0.46875,0.53125,167.97792705216713,71.66666666666667,69.09090909090911,0.9537037037037037,0.9197530864197531,0.26666666666666666,0.6875,Bandit80,MYT1L_001_2_6,F
MYT1L_001_2_9_Bandit80_20250310.csv,79.44444444444446,63.50148367952523,385,674.0,1.7506493506493506,0.75,0.08,0.905982905982906,0.09401709401709402,0.5,0.5,196.37059163842872,80.0,79.0,0.8513513513513513,0.9458128078817734,0.48,0.5294117647058824,Bandit80,MYT1L_001_2_9,M
MYT1L_001_3_19_Bandit80_20250310.csv,78.94736842105263,64.54545454545455,398,661.0,1.6608040201005025,0.82,0.13,0.9044776119402985,0.0955223880597015,0.5806451612903226,0.41935483870967744,201.75427273954034,81.42857142857143,79.0909090909091,0.89375,0.9142857142857143,0.76,0.4594594594594595,Bandit80,MYT1L_001_3_19,M
MYT1L_001_5_22_Bandit80_20250310.csv,68.46153846153847,53.30739299610895,271,513.0,1.8929889298892988,0.69,0.09,0.8972972972972973,0.10270270270270271,0.4,0.6,136.79192372406058,66.66666666666667,74.0,0.9223300970873787,0.8658536585365854,0.5454545454545454,0.3157894736842105,Bandit80,MYT1L_001_5_22,M
MYT1L_001_5_23_Bandit80_20250310.csv,68.42105263157893,64.53055141579732,397,675.0,1.7002518891687657,1.07,0.14,0.8404255319148937,0.1595744680851064,0.5555555555555556,0.4444444444444444,203.22666650867103,60.0,73.0,0.8770491803278688,0.8125,0.6521739130434783,0.5,Bandit80,MYT1L_001_5_23,F
MYT1L_001_5_26_Bandit80_20250310.csv,73.07692307692307,51.162790697674424,270,559.0,2.0703703703703704,0.82,0.11,0.9301310043668122,0.06986899563318777,0.3055555555555556,0.6944444444444444,136.95686633672085,62.0,74.44444444444444,0.9489795918367347,0.916030534351145,0.3333333333333333,0.2857142857142857,Bandit80,MYT1L_001_5_26,M
MYT1L_001_5_27_Bandit80_20250310.csv,58.00000000000001,52.472089314194584,321,630.0,1.9626168224299065,0.88,0.15,0.68359375,0.31640625,0.43478260869565216,0.5652173913043478,161.6883344021454,50.0,58.88888888888889,0.6818181818181818,0.684931506849315,0.4117647058823529,0.4482758620689655,Bandit80,MYT1L_001_5_27,F
MYT1L_001_7_30_Bandit80_20250310.csv,78.66666666666667,59.082892416225754,318,566.0,1.779874213836478,0.37,0.12,0.8862745098039215,0.11372549019607843,0.43478260869565216,0.5652173913043478,161.65115376016377,72.85714285714285,75.00000000000001,0.897196261682243,0.8775510204081632,0.4782608695652174,0.391304347826087,Bandit80,MYT1L_001_7_30,M
MYT1L_001_7_32_Bandit80_20250310.csv,67.64705882352942,61.489698890649755,344,633.0,1.8401162790697674,0.88,0.14,0.8772563176895307,0.12274368231046931,0.5178571428571429,0.48214285714285715,173.3597762049051,63.33333333333333,75.0,0.8920863309352518,0.8623188405797102,0.5555555555555556,0.4827586206896552,Bandit80,MYT1L_001_7_32,F
MYT1L_001_8_34_Bandit80_20250310.csv,68.23529411764706,57.710651828298886,347,629.0,1.8126801152737753,1.13,0.12,0.8076923076923077,0.19230769230769232,0.4827586206896552,0.5172413793103449,175.9911030466212,71.1111111111111,70.0,0.7770700636942676,0.84375,0.4583333333333333,0.5,Bandit80,MYT1L_001_8_34,M
MYT1L_001_8_36_Bandit80_20250310.csv,71.66666666666666,58.309859154929576,377,713.0,1.8912466843501325,0.63,0.17,0.71280276816609,0.28719723183391005,0.3979591836734694,0.6020408163265306,192.33355908247697,64.0,74.0,0.6412213740458015,0.7721518987341772,0.39655172413793105,0.4,Bandit80,MYT1L_001_8_36,M
MYT1L_001_8_41_Bandit80_20250310.csv,81.11111111111111,61.732283464566926,377,636.0,1.687002652519894,1.01,0.11,0.8745644599303136,0.1254355400696864,0.5128205128205128,0.48717948717948717,189.77836817450884,58.75,84.00000000000001,0.8308823529411765,0.9139072847682119,0.47368421052631576,0.55,Bandit80,MYT1L_001_8_41,F
MYT1L_001_9_11_Bandit80_20250310.csv,70.0,59.940209267563525,369,676.0,1.8319783197831978,0.69,0.11,0.8823529411764706,0.11764705882352941,0.4461538461538462,0.5538461538461539,185.86046511627904,63.99999999999999,70.0,0.8467153284671532,0.9144736842105263,0.35294117647058826,0.5483870967741935,Bandit80,MYT1L_001_9_11,F
NF1_003_140_12_Bandit80_20250811.csv,63.888888888888886,57.97720797720798,379,708.0,1.8680738786279683,0.91,0.09,0.8368055555555556,0.16319444444444445,0.5428571428571428,0.45714285714285713,196.82394662499246,58.75,62.727272727272734,0.86,0.824468085106383,0.47619047619047616,0.5714285714285714,Bandit80,NF1_003_140_12,F
NF1_003_140_15_Bandit80_20250811.csv,66.84210526315788,59.49720670391061,397,718.0,1.8085642317380353,0.67,0.12,0.8907849829351536,0.10921501706484642,0.40789473684210525,0.5921052631578947,206.63025255529715,60.0,67.6923076923077,0.8648648648648649,0.9065934065934066,0.47368421052631576,0.38596491228070173,Bandit80,NF1_003_140_15,F
NF1_003_140_8_Bandit80_20250811.csv,65.29411764705884,57.80525502318392,346,651.0,1.8815028901734103,0.91,0.09,0.8370044052863436,0.16299559471365638,0.42574257425742573,0.5742574257425742,181.9467690790795,74.0,61.66666666666668,0.8518518518518519,0.8287671232876712,0.5,0.4074074074074074,Bandit80,NF1_003_140_8,F
NF1_003_141_19_Bandit80_20250811.csv,,65.96958174904944,437,,,0.52,0.11,0.899581589958159,0.100418410041841,0.6271186440677966,0.3728813559322034,226.99660919125603,,,0.8875,0.9056603773584906,0.625,0.627906976744186,Bandit80,NF1_003_141_19,F
NF1_003_141_23_Bandit80_20250811.csv,69.33333333333334,65.20076481835564,308,522.0,1.6948051948051948,0.66,0.18,0.8803088803088803,0.11969111969111969,0.5584415584415584,0.44155844155844154,162.82037946879262,58.57142857142856,71.0,0.8352941176470589,0.9017341040462428,0.631578947368421,0.5344827586206896,Bandit80,NF1_003_141_23,M
NF1_003_142_55_Bandit80_20250811.csv,70.0,56.03015075376885,425,796.0,1.8729411764705883,0.72,0.15,0.7933130699088146,0.2066869300911854,0.4796747967479675,0.5203252032520326,221.36217311100663,66.66666666666667,72.30769230769229,0.7663551401869159,0.8054298642533937,0.4423076923076923,0.5070422535211268,Bandit80,NF1_003_142_55,M
NF1_003_144_26_Bandit80_20250811.csv,76.66666666666667,56.46067415730337,190,355.0,1.868421052631579,1.04,0.12,0.9141104294478528,0.08588957055214724,0.45714285714285713,0.5428571428571428,105.01116774526086,65.0,73.33333333333334,0.9142857142857143,0.9139784946236559,0.45454545454545453,0.4583333333333333,Bandit80,NF1_003_144_26,M
NF1_003_144_28_Bandit80_20250811.csv,66.25,58.890701468189235,330,612.0,1.8545454545454545,0.66,0.15,0.9305555555555556,0.06944444444444445,0.4166666666666667,0.5833333333333334,172.3904421011899,72.5,61.11111111111111,0.952,0.9197530864197531,0.5714285714285714,0.3695652173913043,Bandit80,NF1_003_144_28,M
NF1_003_145_34_Bandit80_20250811.csv,75.29411764705883,65.8578856152513,360,576.0,1.6,0.66,0.13,0.9475308641975309,0.05246913580246913,0.6111111111111112,0.3888888888888889,189.9817372236915,77.14285714285714,74.16666666666667,0.9185185185185185,0.9682539682539683,1.0,0.46153846153846156,Bandit80,NF1_003_145_34,M
NF1_003_146_42_Bandit80_20250811.csv,66.47058823529412,63.77473363774734,363,658.0,1.81267217630854,0.66,0.09,0.8595890410958904,0.1404109589041096,0.5079365079365079,0.49206349206349204,192.07878346184233,66.66666666666667,62.999999999999986,0.8476190476190476,0.8663101604278075,0.4166666666666667,0.5294117647058824,Bandit80,NF1_003_146_42,F
NF1_003_146_46_Bandit80_20250811.csv,65.0,64.82142857142857,346,559.0,1.615606936416185,0.66,0.12,0.9548387096774194,0.04516129032258064,0.35135135135135137,0.6486486486486487,181.05638025328415,72.5,66.66666666666667,0.9423076923076923,0.9611650485436893,0.5555555555555556,0.2857142857142857,Bandit80,NF1_003_146_46,M
NF1_003_146_50_Bandit80_20250811.csv,64.16666666666667,54.702495201535505,259,521.0,2.011583011583012,0.79,0.09,0.8355555555555556,0.16444444444444445,0.4057971014492754,0.5942028985507246,134.93324971961263,55.00000000000001,68.75,0.7439024390243902,0.8881118881118881,0.34375,0.4594594594594595,Bandit80,NF1_003_146_50,M
NF1_003_147_2_Bandit80_20250811.csv,64.70588235294117,55.62310030395137,354,659.0,1.8615819209039548,1.59,0.13,0.7787234042553192,0.22127659574468084,0.4375,0.5625,184.2184290501988,65.99999999999999,61.81818181818181,0.8636363636363636,0.7455621301775148,0.38461538461538464,0.46296296296296297,Bandit80,NF1_003_147_2,F
SHANK3B_004_115_85_Bandit80_20250825.csv,70.0,48.96142433234421,330,673.0,2.0393939393939395,0.67,0.16,0.8560311284046692,0.14396887159533073,0.3246753246753247,0.6753246753246753,165.544149751498,65.0,66.36363636363637,0.8210526315789474,0.8765432098765432,0.3448275862068966,0.3125,Bandit80,SHANK3B_004_115_85,F
SHANK3B_004_120_96_Bandit80_20250825.csv,85.625,62.02945990180033,339,611.0,1.8023598820058997,0.92,0.16,0.9195804195804196,0.08041958041958042,0.42857142857142855,0.5714285714285714,172.2147745713681,82.5,86.66666666666669,0.8125,0.9504504504504504,0.5,0.39285714285714285,Bandit80,SHANK3B_004_120_96,M
SHANK3B_004_122_12_Bandit80_20250825.csv,67.5,55.30546623794213,328,622.0,1.896341463414634,0.67,0.1,0.7678571428571429,0.23214285714285715,0.4268292682926829,0.573170731707317,165.49989520016766,55.00000000000001,70.0,0.7962962962962963,0.7588235294117647,0.6363636363636364,0.35,Bandit80,SHANK3B_004_122_12,F
SHANK3B_004_122_15_Bandit80_20250825.csv,68.66666666666666,57.73195876288659,321,581.0,1.809968847352025,0.73,0.14,0.8382352941176471,0.16176470588235295,0.39436619718309857,0.6056338028169014,161.61165522289218,67.14285714285714,71.81818181818181,0.8470588235294118,0.8342245989304813,0.3125,0.46153846153846156,Bandit80,SHANK3B_004_122_15,F
SHANK3B_004_126_28_Bandit80_20250825.csv,68.33333333333333,59.01386748844376,375,649.0,1.7306666666666666,0.94,0.13,0.6968641114982579,0.30313588850174217,0.5353535353535354,0.46464646464646464,185.9963145174716,71.66666666666667,65.0,0.7211538461538461,0.6830601092896175,0.7058823529411765,0.4461538461538462,Bandit80,SHANK3B_004_126_28,F
SHANK3B_004_126_31_Bandit80_20250825.csv,70.0,53.37423312883436,422,814.0,1.9289099526066351,0.67,0.16,0.8211143695014663,0.17888563049853373,0.45454545454545453,0.5454545454545454,214.63254207824852,70.0,68.33333333333333,0.7807017543859649,0.8414096916299559,0.5517241379310345,0.4067796610169492,Bandit80,SHANK3B_004_126_31,M
SHANK3B_004_68_23_Bandit80_20250825.csv,78.8888888888889,58.70503597122302,374,694.0,1.8556149732620322,0.73,0.23,0.9285714285714286,0.07142857142857142,0.4230769230769231,0.5769230769230769,188.56284846297999,61.66666666666666,80.90909090909089,0.8691588785046729,0.9625668449197861,0.2857142857142857,0.5161290322580645,Bandit80,SHANK3B_004_68_23,M
SHANK3B_004_69_32_Bandit80_20250825.csv,66.66666666666667,55.63063063063063,259,444.0,1.7142857142857142,0.85,0.23,0.7839506172839507,0.21604938271604937,0.5483870967741935,0.45161290322580644,130.4116742039256,56.666666666666664,67.5,0.7536231884057971,0.8064516129032258,0.5454545454545454,0.5555555555555556,Bandit80,SHANK3B_004_69_32,M
SHANK3B_004_69_33_Bandit80_20250825.csv,71.66666666666666,61.31045241809673,364,640.0,1.7582417582417582,0.5,0.2,0.8006535947712419,0.19934640522875818,0.47674418604651164,0.5232558139534884,182.4889605830437,65.0,71.66666666666667,0.8037383177570093,0.7989949748743719,0.4782608695652174,0.47619047619047616,Bandit80,SHANK3B_004_69_33,F
SHANK3B_004_70_4_Bandit80_20250825.csv,77.64705882352942,59.08419497784343,358,678.0,1.893854748603352,0.55,0.12,0.847972972972973,0.15202702702702703,0.5384615384615384,0.46153846153846156,181.65930680660162,67.14285714285714,80.0,0.8191489361702128,0.8613861386138614,0.5,0.5641025641025641,Bandit80,SHANK3B_004_70_4,M
SHANK3B_004_71_38_Bandit80_20250825.csv,67.05882352941177,55.14592933947773,347,650.0,1.8731988472622478,0.98,0.18,0.8148148148148148,0.18518518518518517,0.4393939393939394,0.5606060606060606,171.4432759774236,67.77777777777779,67.77777777777779,0.8403361344537815,0.7933333333333333,0.47619047619047616,0.4222222222222222,Bandit80,SHANK3B_004_71_38,F
SHANK3B_004_72_63_Bandit80_20250825.csv,73.57142857142858,53.94265232974911,292,558.0,1.9109589041095891,0.755,0.16,0.905511811023622,0.09448818897637795,0.484375,0.515625,147.81778233484692,75.0,71.1111111111111,0.8488372093023255,0.9341317365269461,0.48148148148148145,0.4864864864864865,Bandit80,SHANK3B_004_72_63,M
SHANK3B_004_73_12_Bandit80_20250825.csv,71.42857142857142,52.92035398230088,303,564.0,1.8613861386138615,0.95,0.18,0.870722433460076,0.12927756653992395,0.3333333333333333,0.6666666666666666,149.81372857592493,66.66666666666666,74.44444444444444,0.8404255319148937,0.8875739644970414,0.5,0.2647058823529412,Bandit80,SHANK3B_004_73_12,F
SHANK3B_004_73_16_Bandit80_20250825.csv,70.625,59.93589743589743,338,624.0,1.8461538461538463,0.69,0.19,0.8529411764705882,0.14705882352941177,0.47474747474747475,0.5252525252525253,168.1339119652821,66.66666666666666,72.72727272727273,0.8725490196078431,0.8411764705882353,0.46153846153846156,0.4794520547945205,Bandit80,SHANK3B_004_73_16,F
SHANK3B_004_75_47_Bandit80_20250825.csv,76.15384615384616,57.16911764705882,280,543.0,1.9392857142857143,0.67,0.17,0.9017857142857143,0.09821428571428571,0.49019607843137253,0.5098039215686274,141.51671853429113,76.0,76.25,0.922077922077922,0.8904109589041096,0.6,0.38461538461538464,Bandit80,SHANK3B_004_75_47,M
SHANK3B_004_77_56_Bandit80_20250825.csv,70.0,63.7123745819398,347,600.0,1.7291066282420748,0.61,0.17,0.863481228668942,0.13651877133105803,0.5633802816901409,0.43661971830985913,174.99270396787412,74.44444444444444,63.63636363636365,0.928,0.8154761904761905,0.6,0.5365853658536586,Bandit80,SHANK3B_004_77_56,M
WAC_006_198_77_Bandit80_20251027.csv,74.11764705882354,68.50258175559381,364,580.0,1.5934065934065933,0.44,0.19,0.9294871794871795,0.07051282051282051,0.5,0.5,176.38388801022984,74.28571428571428,70.0,0.9252336448598131,0.9317073170731708,0.5,0.5,Bandit80,WAC_006_198_77,M
WAC_006_199_93_Bandit80_20251027.csv,82.10526315789473,65.78125,399,639.0,1.6015037593984962,0.44,0.22,0.9136904761904762,0.08630952380952381,0.5106382978723404,0.48936170212765956,198.97060347507687,91.42857142857143,74.54545454545455,0.9153846153846154,0.912621359223301,0.5555555555555556,0.4827586206896552,Bandit80,WAC_006_199_93,M
WAC_006_199_95_Bandit80_20251027.csv,61.76470588235294,53.551912568306015,360,731.0,2.0305555555555554,0.75,0.19,0.8339350180505415,0.16606498194945848,0.417910447761194,0.582089552238806,173.63053271481922,64.28571428571428,60.0,0.7894736842105263,0.8650306748466258,0.45,0.391304347826087,Bandit80,WAC_006_199_95,F
WAC_006_200_85_Bandit80_20251027.csv,61.76470588235294,50.20632737276479,344,727.0,2.113372093023256,0.88,0.15,0.8174904942965779,0.18250950570342206,0.45454545454545453,0.5454545454545454,167.03533854869164,65.55555555555556,57.49999999999999,0.8380281690140845,0.7933884297520661,0.40540540540540543,0.5,Bandit80,WAC_006_200_85,F
WAC_006_200_87_Bandit80_20251027.csv,73.1578947368421,62.71929824561403,383,684.0,1.7859007832898173,0.75,0.15,0.8627450980392157,0.13725490196078433,0.41304347826086957,0.5869565217391305,185.3329599551946,77.14285714285714,72.0,0.8857142857142857,0.8507462686567164,0.23076923076923078,0.48484848484848486,Bandit80,WAC_006_200_87,M
WAC_006_201_83_Bandit80_20251027.csv,66.42857142857143,51.93370165745856,285,542.0,1.9017543859649122,0.69,0.15,0.9118942731277533,0.0881057268722467,0.3888888888888889,0.6111111111111112,139.4440134324724,67.5,68.88888888888889,0.9166666666666666,0.9101796407185628,0.5714285714285714,0.325,Bandit80,WAC_006_201_83,F
WAC_006_201_84_Bandit80_20251027.csv,70.58823529411764,63.114754098360656,353,610.0,1.728045325779037,0.94,0.08,0.8213058419243986,0.17869415807560138,0.5740740740740741,0.42592592592592593,170.35137988237068,68.57142857142857,70.0,0.8113207547169812,0.8315217391304348,0.6875,0.5263157894736842,Bandit80,WAC_006_201_84,F
WAC_006_203_6_Bandit80_20251027.csv,76.47058823529413,54.02298850574713,350,696.0,1.9885714285714287,0.56,0.16,0.8146718146718147,0.18532818532818532,0.4262295081967213,0.5737704918032787,169.5086267783271,70.0,75.45454545454545,0.7613636363636364,0.8421052631578947,0.4444444444444444,0.4117647058823529,Bandit80,WAC_006_203_6,F
WAC_006_235_13_Bandit80_20251027.csv,65.625,52.31481481481482,338,647.0,1.9142011834319526,0.915,0.18,0.8560885608856088,0.14391143911439114,0.3492063492063492,0.6507936507936508,168.24981043634108,73.33333333333331,59.16666666666666,0.8431372549019608,0.863905325443787,0.2857142857142857,0.38095238095238093,Bandit80,WAC_006_235_13,F
WAC_006_235_20_Bandit80_20251027.csv,70.625,61.317567567567565,334,591.0,1.7694610778443114,1.13,0.13,0.8503649635036497,0.14963503649635038,0.5111111111111111,0.4888888888888889,161.54414563693769,68.75,74.44444444444443,0.8467741935483871,0.8590604026845637,0.35294117647058826,0.6071428571428571,Bandit80,WAC_006_235_20,F
WAC_006_260_25_Bandit80_20251027.csv,74.99999999999999,50.16556291390728,301,603.0,2.0033222591362128,0.44,0.11,0.9,0.1,0.2909090909090909,0.7090909090909091,145.8207406992066,75.0,74.44444444444444,0.8504672897196262,0.9366197183098591,0.2413793103448276,0.34615384615384615,Bandit80,WAC_006_260_25,M
WAC_006_264_30_Bandit80_20251027.csv,66.66666666666667,48.61111111111111,364,722.0,1.9835164835164836,0.5,0.18,0.7392857142857143,0.26071428571428573,0.4235294117647059,0.5764705882352941,176.34531599576093,63.99999999999999,64.54545454545453,0.7521367521367521,0.7300613496932515,0.41935483870967744,0.42592592592592593,Bandit80,WAC_006_264_30,M
