session_length,total_rewards,reward_rate,correct_port_rate,action_bias,alpha,beta,bias,c_preva,lapse,best_loss,Mouse_ID,Gene,Sex
257,168,0.653696498,0.704280156,-0.073929961,0.336595744,20,0.183054402,0.864613295,0.390642315,0.501522079,CDKL5_005_180_67,CDKL5,M
327,180,0.550458716,0.614678899,0.094801223,0.924897909,20,0.542110741,0.505029619,0.634091735,0.63709812,CDKL5_005_184_3,CDKL5,F
250,166,0.664,0.68,-0.088,0.366638899,20,-0.780430794,0.149446398,0.466253817,0.558043396,CDKL5_005_275_29,CDKL5,M
343,188,0.548104956,0.594752187,-0.072886297,0.636777163,20,-0.100259893,0.997926831,0.552939713,0.604299962,CNTNAP2_008_243_81,CNTNAP2,F
237,150,0.632911392,0.675105485,0.046413502,0.765649557,20,0.572276354,0.267989874,0.521499097,0.578485288,CNTNAP2_008_352_58,CNTNAP2,F
249,157,0.630522088,0.722891566,-0.012048193,0.766259909,20,-0.108829357,0.926809311,0.287931532,0.442546982,ChowHFD_186,C57B6/J,M
208,120,0.576923077,0.625,0.105769231,0,20,-0.41821757,0.998437762,0.288455367,0.412571173,DNMT3A_002_23_5,DNMT3A,F
226,127,0.561946903,0.646017699,0.044247788,0.477750987,20,-0.108304277,0.65678072,0.199426726,0.34148515,DNMT3A_002_26_59,DNMT3A,M
246,137,0.556910569,0.605691057,0.203252033,0.128944725,20,0.613934398,0.68360734,0.469907999,0.551255203,FMR1_007_211_81,FMR1,F
230,132,0.573913043,0.656521739,0.060869565,0.694993019,20,0.423561126,0.242774591,0.57483238,0.604997519,MYT1L_001_12_48,MYT1L,F
311,187,0.601286174,0.63022508,-0.022508039,0.178632438,20,0.133915439,0.595083177,0.543485522,0.593506056,SHANK3B_004_115_85,SHANK3B,F
279,157,0.562724014,0.677419355,-0.146953405,0.328847378,20,-0.485845089,0.299902976,0.58084178,0.610191318,SHANK3B_004_126_28,SHANK3B,F
247,158,0.639676113,0.684210526,-0.133603239,0.878532588,20,-0.542833626,0.464056522,0.386656463,0.523010995,SHANK3B_004_126_31,SHANK3B,M
207,126,0.608695652,0.632850242,-0.149758454,0.034851838,20,-0.017151639,0.427636027,0.295280457,0.438441843,SHANK3B_004_73_12,SHANK3B,F
282,167,0.592198582,0.638297872,-0.127659574,0.409458041,20,-0.510758042,0.475171,0.383104682,0.506368542,SHANK3B_004_75_47,SHANK3B,M
275,154,0.56,0.6,0.025454545,0.357514322,20,-0.343316436,0.484292656,0.622848868,0.625380526,SHANK3B_004_77_56,SHANK3B,M
271,150,0.553505535,0.616236162,-0.040590406,0.283003181,20,-0.312389135,0.040087532,0.698449969,0.649652573,WAC_006_200_85,WAC,F
301,178,0.591362126,0.647840532,-0.096345515,0.239040807,20,-0.542800903,0.339776158,0.375633299,0.499123659,WAC_006_203_6,WAC,F
263,144,0.547528517,0.619771863,-0.140684411,0.07199946,19.63233566,-0.439894527,0.732789516,0.351595491,0.476996534,CDKL5_005_186_53,CDKL5,M
227,88,0.387665198,0.550660793,-0.215859031,1,19.18354225,-0.522235036,0.568454206,0.399617553,0.534395596,FMR1_007_221_47,FMR1,M
328,170,0.518292683,0.527439024,0.067073171,0.153299242,17.91807175,-0.083814733,1,0.646620333,0.632634698,FMR1_007_213_40,FMR1,F
303,175,0.577557756,0.650165017,0.00330033,0.266518444,17.59464073,-0.199291185,0.712730348,0.528272212,0.589872253,MYT1L_001_5_26,MYT1L,M
284,177,0.623239437,0.665492958,0.028169014,1,16.78761673,0.0959998,1,0.48780486,0.577237304,CNTNAP2_008_244_35,CNTNAP2,M
324,189,0.583333333,0.645061728,0.117283951,1,16.50834465,0.043503374,0.996982634,0.433331877,0.562107793,FMR1_007_221_51,FMR1,M
282,164,0.581560284,0.617021277,0.056737589,1,16.4985218,-0.038218703,0.950206876,0.662591338,0.650484829,CDKL5_005_182_64,CDKL5,F
268,152,0.567164179,0.686567164,-0.082089552,1,16.32261467,-0.512510478,0.478969783,0.423963785,0.548945925,NF1_003_146_42,NF1,F
346,161,0.465317919,0.505780347,0.023121387,1,14.8982048,0.106452271,1,0.635944426,0.639744047,FMR1_007_207_61,FMR1,F
270,153,0.566666667,0.737037037,-0.02962963,0.907226324,8.776443481,0.05123746,0.95297873,0.34515959,0.495187943,ChowHFD_185,C57B6/J,M
297,172,0.579124579,0.63973064,0.205387205,1,7.309625149,0.845672131,0.371181637,0.413694531,0.538106591,CNTNAP2_008_248_48,CNTNAP2,F
294,166,0.56462585,0.629251701,0.06122449,0.310005128,6.871809006,-0.285903066,0.930987298,0.478244334,0.570508373,MYT1L_001_5_22,MYT1L,M
316,165,0.522151899,0.553797468,-0.094936709,0.263168126,6.792338848,-0.309838921,0.749979854,0.456426591,0.565342094,CDKL5_005_178_78,CDKL5,F
293,161,0.549488055,0.590443686,-0.010238908,0.1598638,4.812060833,-0.171514392,1,0.542833745,0.601855906,SHANK3B_004_122_15,SHANK3B,F
360,203,0.563888889,0.616666667,0.011111111,1,3.84147048,0.241107553,0.943915725,0.578971982,0.627382745,NF1_003_147_2,NF1,F
289,194,0.671280277,0.709342561,-0.065743945,1,3.597249031,-0.275646836,0.955907226,0.24539344,0.430736555,WAC_006_260_25,WAC,M
274,142,0.518248175,0.572992701,-0.051094891,0.375925332,3.179172039,-0.290482074,1,0.667150021,0.654506711,CNTNAP2_008_248_45,CNTNAP2,F
262,159,0.606870229,0.694656489,-0.030534351,1,3.143719196,-0.175919145,0.812226593,0.403067529,0.554306671,CDKL5_005_180_69,CDKL5,M
258,171,0.662790698,0.697674419,-0.023255814,0.542018712,3.066520691,-0.242044806,0.828467071,0.336420119,0.517828535,DNMT3A_002_22_11,DNMT3A,F
282,198,0.70212766,0.74822695,-0.028368794,0.459791094,2.926309347,-0.196820498,0.323135585,0.232438087,0.475707359,WAC_006_200_87,WAC,M
270,229,0.848148148,0.866666667,0.022222222,0.791702151,2.698256969,0.291712612,0.582631648,0.086455964,0.31220624,NF1_003_145_34,NF1,M
258,150,0.581395349,0.608527132,0.069767442,0.824997962,2.609932184,0.281659693,0.74107641,0.547357023,0.62408672,CNTNAP2_008_352_55,CNTNAP2,F
323,217,0.671826625,0.749226006,-0.102167183,0.447804928,2.431423664,-0.287559181,0.156016767,0,0.399047568,ChowHFD_184,C57B6/J,M
312,167,0.53525641,0.580128205,0.032051282,0.286083579,2.408014059,0.171166494,0.876857877,0.353616446,0.545702323,WAC_006_264_30,WAC,M
265,203,0.766037736,0.830188679,0.094339623,0.982822597,2.326970339,0.20128119,0.839213073,0.201823354,0.425464098,CNTNAP2_008_247_51,CNTNAP2,M
215,144,0.669767442,0.753488372,0.03255814,0.680099785,2.261138439,-0.118671283,0.548505187,0.268253863,0.513894937,ChowHFD_190,C57B6/J,M
258,153,0.593023256,0.709302326,0.046511628,0.439628482,2.20442605,-0.125675902,0.826650918,0.255223721,0.493962488,ChowHFD_182,C57B6/J,M
289,177,0.612456747,0.626297578,0.031141869,0.283085048,2.182430029,0.16906105,1,0.318093836,0.525870986,NF1_003_146_50,NF1,M
254,157,0.618110236,0.68503937,0.007874016,0.867927551,2.172353745,0.221954584,0.507797718,0.372975975,0.568692966,CDKL5_005_183_75,CDKL5,F
280,195,0.696428571,0.771428571,-0.15,0.917371809,2.086931705,-0.459489077,0.70741117,0.141634196,0.400180926,ChowHFD_670,C57B6/J,M
381,193,0.50656168,0.603674541,-0.007874016,1,2.042088985,-0.210717395,1,0.484045595,0.60755604,MYT1L_001_1_1,MYT1L,F
243,122,0.502057613,0.58436214,0.053497942,0.262708873,1.934871674,0.363038599,0.629010856,0.340266019,0.58717679,SHANK3B_004_73_16,SHANK3B,F
298,175,0.587248322,0.647651007,0.020134228,0.381805122,1.905464888,0.150551617,0.696258664,0.383734673,0.585580608,FMR1_007_214_98,FMR1,M
248,185,0.745967742,0.774193548,-0.048387097,0.786398768,1.879312396,-0.244979978,0.947418332,0.19740665,0.443482307,DNMT3A_002_19_45,DNMT3A,M
281,185,0.658362989,0.740213523,0.181494662,0.949235797,1.818632841,0.665705025,0.739660442,0.148073152,0.445051879,ChowHFD_671,C57B6/J,M
284,154,0.542253521,0.64084507,-0.281690141,0.508543134,1.724991441,-0.678008556,0.939082384,0.098191746,0.392847061,CDKL5_005_275_28,CDKL5,M
275,183,0.665454545,0.716363636,0.090909091,1,1.698193669,0.467252046,1,0.247737408,0.500463201,CNTNAP2_008_247_49,CNTNAP2,M
215,146,0.679069767,0.730232558,0.069767442,1,1.646175861,0.423368484,0.981552064,0.200596645,0.467623121,FMR1_007_213_39,FMR1,M
218,145,0.665137615,0.69266055,0.04587156,0.387767136,1.591522932,-0.01787433,0.355528295,0,0.481343996,CNTNAP2_008_245_99,CNTNAP2,M
325,149,0.458461538,0.547692308,0.181538462,0.197470099,1.58859694,0.533838868,0.549308836,0.40549171,0.626332444,DNMT3A_002_26_56,DNMT3A,F
192,143,0.744791667,0.765625,0.020833333,0.638344407,1.537774324,-0.001323741,0.478788346,0,0.411052227,CDKL5_005_179_20,CDKL5,F
301,192,0.637873754,0.687707641,0.043189369,1,1.519086599,0.251286477,0.65840441,0.288466394,0.558389556,MYT1L_001_1_4,MYT1L,F
302,203,0.67218543,0.688741722,0,0.743148148,1.511695981,-0.025191436,0.871135771,0.33867088,0.569748531,CNTNAP2_008_242_53,CNTNAP2,M
235,170,0.723404255,0.795744681,0.004255319,0.765218616,1.481450558,0.112224214,0.514241219,0,0.424568436,DNMT3A_002_19_53,DNMT3A,F
256,147,0.57421875,0.63671875,-0.0546875,0.200708196,1.477544785,-0.172353402,0.335766435,0,0.554364443,WAC_006_201_83,WAC,F
288,173,0.600694444,0.690972222,0.048611111,0.916644216,1.458092213,0.239545316,0.755440295,0.314446092,0.573967722,ChowHFD_183,C57B6/J,M
342,207,0.605263158,0.666666667,-0.14619883,0.539519072,1.456479311,-0.414223403,0.817427874,0.030551629,0.422187002,MYT1L_001_7_32,MYT1L,F
276,163,0.59057971,0.612318841,-0.188405797,0.669980824,1.42457509,-0.657925069,0.628715813,0.225845352,0.55588631,WAC_006_199_95,WAC,F
339,225,0.663716814,0.719764012,0.156342183,0.986172259,1.346164465,0.422094256,0.688607216,0,0.419513038,ChowHFD_187,C57B6/J,M
252,187,0.742063492,0.781746032,-0.047619048,0.804355025,1.332966566,-0.129268244,0.796065152,0,0.380086929,WAC_006_198_77,WAC,M
277,188,0.678700361,0.722021661,-0.176895307,0.758541644,1.320273399,-0.45774582,0.939515829,0,0.371406748,FMR1_007_210_79,FMR1,M
261,190,0.727969349,0.789272031,-0.049808429,1,1.314234614,-0.282660902,1,0.07407181,0.41914432,NF1_003_146_46,NF1,M
297,183,0.616161616,0.68013468,0.158249158,0.872502327,1.297100186,0.560425401,1,0.22506918,0.530797323,ChowHFD_189,C57B6/J,M
351,189,0.538461538,0.683760684,-0.133903134,0.584743917,1.296814799,-0.455847919,0.719578862,0.120398074,0.530946215,MYT1L_001_10_44,MYT1L,M
215,150,0.697674419,0.753488372,0.088372093,0.930194557,1.275024652,0.311986685,0.342537791,0,0.505830951,NF1_003_144_26,NF1,M
256,160,0.625,0.6875,0.1796875,0.440318525,1.274965405,0.426288664,0.221484542,0,0.565711737,MYT1L_001_1_3,MYT1L,M
199,129,0.648241206,0.668341709,0.035175879,1,1.263165236,-0.123895518,1,0,0.384816692,DNMT3A_002_22_12,DNMT3A,M
257,179,0.696498054,0.73540856,-0.105058366,0.851369381,1.252261281,-0.428597033,0.451986223,0,0.493766191,ChowHFD_177,C57B6/J,M
394,210,0.532994924,0.611675127,0.14213198,0.217516884,1.248196125,0.410987169,0.533900559,0,0.550387968,MYT1L_001_8_34,MYT1L,M
284,193,0.679577465,0.746478873,-0.042253521,1,1.207490087,-0.183295161,1,0,0.399138034,CNTNAP2_008_342_40,CNTNAP2,M
261,157,0.601532567,0.659003831,-0.111111111,0.807399511,1.151342392,-0.510245502,0.573336065,0.209548801,0.588754004,WAC_006_235_20,WAC,F
270,174,0.644444444,0.737037037,-0.059259259,0.576612055,1.143843055,-0.204891548,0.679906189,0,0.493742992,MYT1L_001_8_41,MYT1L,F
280,187,0.667857143,0.714285714,-0.05,1,1.142809749,-0.129726917,1,0,0.408303942,DNMT3A_002_22_9,DNMT3A,F
335,178,0.531343284,0.608955224,-0.110447761,0.178590551,1.115264416,-0.288001895,0.703712106,0,0.554620134,SHANK3B_004_69_32,SHANK3B,M
245,151,0.616326531,0.681632653,-0.102040816,0.784458697,1.113574982,-0.312948495,0.462900221,0,0.536178527,CDKL5_005_179_14,CDKL5,F
264,173,0.65530303,0.678030303,0.257575758,1,1.103960037,0.894565105,0.60422492,0.026812211,0.526823448,CDKL5_005_281_36,CDKL5,M
241,162,0.67219917,0.68879668,-0.087136929,0.435128242,1.094928026,-0.327513158,0.700610816,0,0.507730508,FMR1_007_218_77,FMR1,M
284,201,0.707746479,0.73943662,0.112676056,0.715054989,1.080307126,0.286303401,1,0,0.43455277,NF1_003_144_28,NF1,M
289,155,0.53633218,0.570934256,0.107266436,0.597440898,1.057189941,0.296334505,1,0.029875301,0.48858537,SHANK3B_004_72_63,SHANK3B,M
255,153,0.6,0.650980392,0.223529412,0.456407309,1.055204153,0.756414771,0.772647321,0,0.517695528,DNMT3A_002_25_24,DNMT3A,M
365,197,0.539726027,0.638356164,-0.134246575,0.461294711,1.054745793,-0.34825483,0.754184484,0,0.53018803,ChowHFD_674,C57B6/J,M
311,183,0.588424437,0.662379421,-0.099678457,1,1.042607546,-0.368798107,1,0.148245856,0.540326477,NF1_003_140_15,NF1,F
234,136,0.581196581,0.705128205,0.042735043,1,1.038149714,0.145156413,0.341207713,0,0.567025796,NF1_003_141_19,NF1,F
241,131,0.543568465,0.589211618,-0.10373444,0.547321677,1.016347528,-0.464293391,1,0.245498687,0.587965336,DNMT3A_002_27_40,DNMT3A,M
274,173,0.631386861,0.667883212,0.051094891,0.429978281,1.001665473,0.168648422,0.752553165,0.070734344,0.55358987,CDKL5_005_182_65,CDKL5,F
218,149,0.683486239,0.706422018,-0.018348624,0.948647141,1.000343084,-0.054463785,0.726885378,0,0.505960027,CDKL5_005_179_17,CDKL5,M
308,219,0.711038961,0.733766234,-0.012987013,0.789272368,0.989762664,0.03077055,1,0,0.475910137,NF1_003_141_23,NF1,M
331,195,0.589123867,0.70694864,0.063444109,0.40414086,0.970287919,0.149952143,0.771346867,0,0.554120297,SHANK3B_004_68_23,SHANK3B,M
241,175,0.726141079,0.738589212,0.10373444,1,0.959267616,0.194983944,0.616223514,0,0.520402014,MYT1L_001_2_6,MYT1L,F
341,202,0.592375367,0.674486804,-0.020527859,0.368358463,0.952281892,-0.084503293,0.991377413,0.027537216,0.529848787,MYT1L_001_7_30,MYT1L,M
293,176,0.600682594,0.624573379,-0.133105802,0.265208602,0.950099647,-0.253650337,1,0,0.510579913,MYT1L_001_3_19,MYT1L,M
277,184,0.664259928,0.700361011,-0.061371841,0.831377327,0.938401043,-0.244734645,1,0,0.489060936,CDKL5_005_183_74,CDKL5,F
262,165,0.629770992,0.698473282,-0.091603053,0.589001298,0.935784936,-0.396800309,0.706792116,0,0.54916178,WAC_006_235_13,WAC,F
281,161,0.572953737,0.68683274,-0.046263345,1,0.931258082,-0.165150866,0.626586437,0,0.554051735,MYT1L_001_2_9,MYT1L,M
277,186,0.671480144,0.718411552,-0.032490975,0.682083368,0.908803642,-0.087483019,1,0,0.496188332,CDKL5_005_182_57,CDKL5,M
239,148,0.619246862,0.686192469,-0.079497908,0.637817025,0.900198877,-0.357860684,1,0,0.51298989,DNMT3A_002_25_29,DNMT3A,M
232,159,0.685344828,0.711206897,0.120689655,1,0.886926651,0.468427628,0.891104162,0,0.512778973,DNMT3A_002_28_31,DNMT3A,M
217,143,0.658986175,0.69124424,-0.041474654,1,0.879528344,-0.083413288,0.888340175,0,0.516691287,DNMT3A_002_26_55,DNMT3A,F
252,174,0.69047619,0.714285714,0.03968254,1,0.877613902,0.015741222,1,0,0.498074971,CDKL5_005_281_35,CDKL5,M
313,188,0.600638978,0.658146965,-0.067092652,0.54745388,0.876702011,-0.175052583,0.700252175,0,0.573688007,MYT1L_001_10_42,MYT1L,F
260,174,0.669230769,0.692307692,-0.076923077,0.922388494,0.873502374,-0.104009487,0.963814497,0,0.505184643,FMR1_007_214_94,FMR1,M
289,166,0.574394464,0.698961938,0.031141869,0.803396583,0.859964907,0.050486948,0.975503445,0,0.530187059,ChowHFD_672,C57B6/J,M
213,119,0.558685446,0.591549296,0.154929577,0.228446931,0.838799238,0.486693889,1,0,0.556301099,SHANK3B_004_71_38,SHANK3B,F
308,181,0.587662338,0.655844156,0.071428571,0.437489539,0.837758362,0.232856512,0.991413772,0,0.542793868,NF1_003_140_8,NF1,F
308,179,0.581168831,0.694805195,-0.071428571,0.689953804,0.835559785,-0.299675435,0.767407179,0,0.57539764,MYT1L_001_9_11,MYT1L,F
264,169,0.640151515,0.689393939,-0.060606061,0.589440405,0.820570469,-0.061157417,0.959398389,0,0.538673343,CNTNAP2_008_246_28,CNTNAP2,F
279,167,0.598566308,0.663082437,0.075268817,0.794946194,0.815576196,0.190169007,0.592891872,0,0.586014614,SHANK3B_004_69_33,SHANK3B,F
302,193,0.639072848,0.67218543,-0.086092715,1,0.815232933,-0.326830566,0.710076034,0,0.562699173,WAC_006_199_93,WAC,M
305,205,0.672131148,0.71147541,0.08852459,1,0.806190968,0.361723244,0.689804077,0,0.570974982,CNTNAP2_008_243_82,CNTNAP2,F
269,158,0.587360595,0.6133829,-0.085501859,0.325363338,0.782141089,-0.305811584,1,0,0.563347742,SHANK3B_004_70_4,SHANK3B,M
218,150,0.688073394,0.706422018,-0.073394495,1,0.781692386,-0.172071204,0.815175414,0,0.553499694,DNMT3A_002_19_49,DNMT3A,F
253,152,0.600790514,0.679841897,0.130434783,1,0.778961837,0.415849417,0.893753409,0,0.549986587,MYT1L_001_12_45,MYT1L,M
328,200,0.609756098,0.661585366,-0.12195122,1,0.757384479,-0.343828648,0.544500828,0,0.597075486,NF1_003_140_12,NF1,F
305,195,0.639344262,0.675409836,-0.081967213,0.833778977,0.743311286,-0.273368806,1,0,0.551906248,WAC_006_201_84,WAC,F
217,120,0.552995392,0.589861751,-0.059907834,1,0.731478333,-0.258687705,1,0,0.562981496,SHANK3B_004_120_96,SHANK3B,M
328,212,0.646341463,0.667682927,-0.048780488,0.939977288,0.70922941,-0.117935941,1,0,0.560169034,CNTNAP2_008_246_29,CNTNAP2,M
271,152,0.560885609,0.649446494,0.10701107,1,0.704895854,0.481498808,1,0,0.569401421,DNMT3A_002_19_47,DNMT3A,F
271,159,0.586715867,0.667896679,-0.003690037,0.907007158,0.674475133,0.063950822,0.839648902,0,0.598151119,MYT1L_001_5_23,MYT1L,F
287,169,0.588850174,0.613240418,-0.135888502,0.337265491,0.663071692,-0.468878567,0.750070572,0,0.616456567,SHANK3B_004_122_12,SHANK3B,F
300,167,0.556666667,0.583333333,-0.053333333,0.241931766,0.645651937,-0.137869954,1,0,0.607923533,CNTNAP2_008_244_32,CNTNAP2,M
268,145,0.541044776,0.626865672,-0.089552239,0.966107309,0.643991649,-0.373202831,1,0,0.589145034,FMR1_007_307_40,FMR1,F
314,162,0.515923567,0.585987261,-0.01910828,0.590679944,0.616058111,-0.210570812,0.735869646,0,0.629103399,MYT1L_001_5_27,MYT1L,F
248,144,0.580645161,0.629032258,-0.008064516,0.507830501,0.551653862,-0.023573732,0.537602663,0,0.649040222,CDKL5_005_180_66,CDKL5,F
247,126,0.510121457,0.587044534,-0.141700405,1,0.535202682,-0.462485343,0.926482081,0.000584596,0.62018403,DNMT3A_002_24_2,DNMT3A,F
327,195,0.596330275,0.608562691,0.119266055,0.329914004,0.532892764,0.53606838,0.710957229,0,0.644106337,NF1_003_142_55,NF1,M
251,116,0.462151394,0.629482072,-0.003984064,0.652328014,0.509204388,-0.005731033,0.82541883,0,0.648706809,CNTNAP2_008_248_46,CNTNAP2,F
303,184,0.607260726,0.633663366,0.089108911,1,0.489302576,0.379684895,1,0,0.626515102,FMR1_007_211_83,FMR1,F
361,178,0.493074792,0.570637119,-0.069252078,0.777530134,0.405130506,-0.437447876,1,0,0.653607228,MYT1L_001_8_36,MYT1L,M
