filename,PeakAccuracy,TotalAccuracy,Total_pellets,Total_pokes,PokesPerPellet,RetrievalTime,PokeTime,Win-stay,Win-shift,Lose-shift,Lose-stay,daily pellets,PeakAccuracy_Day,PeakAccuracy_Night,Win-stay_Day,Win-stay_Night,Lose-shift_Day,Lose-shift_Night,Session_type,Mouse_ID,Sex
CDKL5_005_178_78_Bandit100_20251006.csv,75.0,55.379746835443036,174,315,1.8103448275862069,1.34,0.1,0.8175182481751825,0.18248175182481752,0.36585365853658536,0.6341463414634146,175.43656088646517,95.0,62.0,0.9047619047619048,0.7789473684210526,0.5555555555555556,0.3125,Bandit100,CDKL5_005_178_78,F
CDKL5_005_179_14_Bandit100_20251006.csv,68.75,68.16326530612244,167,250,1.4970059880239521,0.73,0.09,0.905511811023622,0.09448818897637795,0.6,0.4,173.77396666345507,85.0,62.0,0.9090909090909091,0.9042553191489362,0.5,0.6666666666666666,Bandit100,CDKL5_005_179_14,F
CDKL5_005_179_17_Bandit100_20251006.csv,80.0,70.64220183486239,153,218,1.4248366013071896,0.66,0.12,0.8968253968253969,0.10317460317460317,0.47058823529411764,0.5294117647058824,164.52869384575436,80.0,80.0,0.8913043478260869,0.9,0.5,0.45454545454545453,Bandit100,CDKL5_005_179_17,M
CDKL5_005_179_20_Bandit100_20251006.csv,87.14285714285715,76.5625,146,192,1.3150684931506849,0.42,0.15,0.9576271186440678,0.0423728813559322,0.5454545454545454,0.45454545454545453,148.4518730641108,86.66666666666666,87.5,0.9473684210526315,0.9625,0.5,0.5714285714285714,Bandit100,CDKL5_005_179_20,F
CDKL5_005_180_66_Bandit100_20251006.csv,77.14285714285714,62.903225806451616,155,248,1.6,1.22,0.11,0.7522123893805309,0.24778761061946902,0.8421052631578947,0.15789473684210525,155.49853117053516,63.33333333333333,80.0,0.7222222222222222,0.7662337662337663,0.75,0.8666666666666667,Bandit100,CDKL5_005_180_66,F
CDKL5_005_180_67_Bandit100_20251006.csv,85.0,70.42801556420234,181,256,1.4143646408839778,0.67,0.13,0.8888888888888888,0.1111111111111111,0.625,0.375,185.30666413878092,85.0,86.00000000000001,0.8958333333333334,0.8846153846153846,0.75,0.5833333333333334,Bandit100,CDKL5_005_180_67,M
CDKL5_005_180_69_Bandit100_20251006.csv,81.25,69.46564885496184,182,261,1.434065934065934,0.88,0.17,0.84251968503937,0.15748031496062992,0.4375,0.5625,182.05689277899342,75.0,82.0,0.9111111111111111,0.8048780487804879,0.3333333333333333,0.46153846153846156,Bandit100,CDKL5_005_180_69,M
CDKL5_005_182_57_Bandit100_20251006.csv,84.44444444444443,71.84115523465704,198,276,1.393939393939394,0.55,0.19,0.9090909090909091,0.09090909090909091,0.5,0.5,201.71048463731393,80.0,83.33333333333333,0.9019607843137255,0.9122807017543859,0.4,0.5384615384615384,Bandit100,CDKL5_005_182_57,M
CDKL5_005_182_64_Bandit100_20251006.csv,65.0,61.702127659574465,174,281,1.6149425287356323,1.04,0.12,0.7560975609756098,0.24390243902439024,0.5862068965517241,0.41379310344827586,174.09268823679275,45.0,78.0,0.6829268292682927,0.7926829268292683,0.5,0.6923076923076923,Bandit100,CDKL5_005_182_64,F
CDKL5_005_182_65_Bandit100_20251006.csv,71.1111111111111,66.78832116788321,182,273,1.5,0.79,0.16,0.875968992248062,0.12403100775193798,0.4782608695652174,0.5217391304347826,193.56781704883514,70.0,62.0,0.9411764705882353,0.8526315789473684,0.5,0.47368421052631576,Bandit100,CDKL5_005_182_65,F
CDKL5_005_183_74_Bandit100_20251006.csv,80.0,70.03610108303249,194,277,1.4278350515463918,0.98,0.22,0.9130434782608695,0.08695652173913043,0.38461538461538464,0.6153846153846154,199.78783508349522,73.33333333333333,86.66666666666669,0.8913043478260869,0.9217391304347826,0.3333333333333333,0.4,Bandit100,CDKL5_005_183_74,F
CDKL5_005_183_75_Bandit100_20251006.csv,78.75,68.50393700787401,173,255,1.4739884393063585,0.73,0.16,0.8650793650793651,0.1349206349206349,0.5294117647058824,0.47058823529411764,175.26172211989086,62.5,80.0,0.875,0.8604651162790697,0.75,0.46153846153846156,Bandit100,CDKL5_005_183_75,F
CDKL5_005_184_3_Bandit100_20251006.csv,67.77777777777779,61.46788990825688,200,328,1.64,0.61,0.11,0.75,0.25,0.5526315789473685,0.4473684210526316,208.9794346638428,86.66666666666666,60.00000000000001,0.7547169811320755,0.7471264367816092,0.5714285714285714,0.5666666666666667,Bandit100,CDKL5_005_184_3,F
CDKL5_005_186_53_Bandit100_20251006.csv,67.14285714285714,61.97718631178707,162,264,1.6296296296296295,0.67,0.17,0.9224137931034483,0.07758620689655173,0.2777777777777778,0.7222222222222222,174.32507705447657,70.0,70.0,1.0,0.875,0.1111111111111111,0.4444444444444444,Bandit100,CDKL5_005_186_53,M
CDKL5_005_275_28_Bandit100_20251006.csv,82.22222222222221,64.08450704225352,182,284,1.5604395604395604,0.73,0.2,0.9130434782608695,0.08695652173913043,0.36363636363636365,0.6363636363636364,190.44896871631522,90.00000000000001,82.0,0.9473684210526315,0.9,1.0,0.3,Bandit100,CDKL5_005_275_28,M
CDKL5_005_275_29_Bandit100_20251006.csv,82.5,68.0,170,249,1.464705882352941,0.61,0.09,0.8656716417910447,0.13432835820895522,0.6428571428571429,0.35714285714285715,176.71900378992964,80.0,92.5,0.8809523809523809,0.8586956521739131,1.0,0.5833333333333334,Bandit100,CDKL5_005_275_29,M
CDKL5_005_281_35_Bandit100_20251006.csv,72.5,71.42857142857143,179,251,1.4022346368715084,1.16,0.15,0.9375,0.0625,0.45454545454545453,0.5454545454545454,181.6376823442847,65.0,76.0,0.8666666666666667,0.9696969696969697,0.8,0.16666666666666666,Bandit100,CDKL5_005_281_35,M
CDKL5_005_281_36_Bandit100_20251006.csv,68.88888888888889,67.8030303030303,178,264,1.4831460674157304,0.42,0.14,0.9124087591240876,0.08759124087591241,0.75,0.25,182.2849262755914,60.0,73.33333333333334,0.8333333333333334,0.9473684210526315,0.5,0.875,Bandit100,CDKL5_005_281_36,M
CNTNAP2_008_242_53_Bandit100_20251117.csv,83.0,68.87417218543047,207,301,1.4541062801932367,0.61,0.19,0.8197674418604651,0.18023255813953487,0.5625,0.4375,210.06417224813268,70.0,81.42857142857143,0.8225806451612904,0.8181818181818182,0.4166666666666667,0.65,Bandit100,CNTNAP2_008_242_53,M
CNTNAP2_008_243_81_Bandit100_20251117.csv,74.0,59.475218658892125,204,342,1.6764705882352942,0.79,0.14,0.7986111111111112,0.2013888888888889,0.45161290322580644,0.5483870967741935,211.59183673469386,82.5,68.33333333333333,0.875,0.75,0.5714285714285714,0.4166666666666667,Bandit100,CNTNAP2_008_243_81,F
CNTNAP2_008_243_82_Bandit100_20251117.csv,75.0,71.14754098360656,217,306,1.4101382488479262,0.67,0.16,0.8650306748466258,0.13496932515337423,0.56,0.44,232.54902447192487,87.5,70.0,0.9565217391304348,0.7978723404255319,1.0,0.47619047619047616,Bandit100,CNTNAP2_008_243_82,F
CNTNAP2_008_244_32_Bandit100_20251117.csv,70.0,58.333333333333336,175,300,1.7142857142857142,0.79,0.13,0.888,0.112,0.4411764705882353,0.5588235294117647,181.1602885145336,85.0,65.0,0.9428571428571428,0.8666666666666667,0.3333333333333333,0.45161290322580644,Bandit100,CNTNAP2_008_244_32,M
CNTNAP2_008_244_35_Bandit100_20251117.csv,74.44444444444443,66.54929577464789,188,283,1.5053191489361701,0.61,0.2,0.8148148148148148,0.18518518518518517,0.5333333333333333,0.4666666666666667,228.0479289445019,75.0,71.66666666666667,0.7380952380952381,0.8494623655913979,0.6666666666666666,0.47619047619047616,Bandit100,CNTNAP2_008_244_35,M
CNTNAP2_008_245_99_Bandit100_20251117.csv,88.57142857142858,69.26605504587155,150,217,1.4466666666666668,0.67,0.19,0.856,0.144,0.5,0.5,157.26512210998334,73.33333333333333,87.5,0.825,0.8705882352941177,0.42857142857142855,0.5,Bandit100,CNTNAP2_008_245_99,M
CNTNAP2_008_246_28_Bandit100_20251117.csv,83.75,68.93939393939394,181,263,1.4530386740331491,1.0350000000000001,0.14,0.8615384615384616,0.13846153846153847,0.5,0.5,197.46835443037975,85.0,82.0,0.95,0.8222222222222222,0.4,0.5454545454545454,Bandit100,CNTNAP2_008_246_28,F
CNTNAP2_008_246_29_Bandit100_20251117.csv,72.0,66.76829268292683,218,328,1.5045871559633028,0.36,0.13,0.867816091954023,0.13218390804597702,0.5,0.5,228.26810789943542,75.0,71.25,0.75,0.9029850746268657,0.5,0.5,Bandit100,CNTNAP2_008_246_29,M
CNTNAP2_008_247_49_Bandit100_20251117.csv,85.55555555555556,71.63636363636363,196,274,1.3979591836734695,0.73,0.16,0.9183673469387755,0.08163265306122448,0.391304347826087,0.6086956521739131,201.50351016349194,76.66666666666667,86.0,0.88,0.9375,0.7142857142857143,0.25,Bandit100,CNTNAP2_008_247_49,M
CNTNAP2_008_247_51_Bandit100_20251117.csv,80.0,83.01886792452831,220,264,1.2,0.55,0.15,0.9298245614035088,0.07017543859649122,0.7777777777777778,0.2222222222222222,230.17122375336032,77.5,83.33333333333334,0.9558823529411765,0.912621359223301,0.75,0.8,Bandit100,CNTNAP2_008_247_51,M
CNTNAP2_008_248_45_Bandit100_20251117.csv,55.714285714285715,57.299270072992705,156,276,1.7692307692307692,1.4,0.16,0.7289719626168224,0.27102803738317754,0.4411764705882353,0.5588235294117647,157.65690376569037,70.0,60.0,0.8157894736842105,0.6811594202898551,0.4,0.4482758620689655,Bandit100,CNTNAP2_008_248_45,F
CNTNAP2_008_248_46_Bandit100_20251117.csv,64.28571428571428,62.94820717131474,157,255,1.624203821656051,1.22,0.17,0.7378640776699029,0.2621359223300971,0.6363636363636364,0.36363636363636365,162.3924913457764,60.0,68.0,0.7857142857142857,0.72,0.5454545454545454,0.6818181818181818,Bandit100,CNTNAP2_008_248_46,F
CNTNAP2_008_248_48_Bandit100_20251117.csv,68.88888888888889,63.97306397306397,189,300,1.5873015873015872,0.85,0.12,0.8714285714285714,0.12857142857142856,0.4166666666666667,0.5833333333333334,209.923273657289,73.33333333333333,65.0,0.9117647058823529,0.8571428571428571,0.6,0.3684210526315789,Bandit100,CNTNAP2_008_248_48,F
CNTNAP2_008_342_40_Bandit100_20251117.csv,84.00000000000001,74.64788732394366,211,284,1.3459715639810426,0.73,0.14,0.9704142011834319,0.029585798816568046,0.4444444444444444,0.5555555555555556,226.25064848439933,85.0,90.0,0.9830508474576272,0.9636363636363636,1.0,0.16666666666666666,Bandit100,CNTNAP2_008_342_40,M
CNTNAP2_008_352_55_Bandit100_20251117.csv,68.57142857142857,60.85271317829457,156,258,1.6538461538461537,0.49,0.16,0.7647058823529411,0.23529411764705882,0.4444444444444444,0.5555555555555556,165.67492305437491,70.0,65.0,0.7804878048780488,0.7564102564102564,0.75,0.40625,Bandit100,CNTNAP2_008_352_55,F
CNTNAP2_008_352_58_Bandit100_20251117.csv,75.71428571428571,67.51054852320675,160,236,1.475,0.92,0.12,0.8173076923076923,0.18269230769230768,0.7407407407407407,0.25925925925925924,170.19809659825418,90.0,72.0,0.7931034482758621,0.8266666666666667,0.6666666666666666,0.7777777777777778,Bandit100,CNTNAP2_008_352_58,F
ChowHFD_177_Bandit100_20250721.csv,77.77777777777779,73.54085603112841,188,258,1.372340425531915,0.66,0.17,0.9117647058823529,0.08823529411764706,0.3333333333333333,0.6666666666666666,192.73877531750153,80.0,82.0,0.95,0.881578947368421,0.25,0.42857142857142855,Bandit100,ChowHFD_177,M
ChowHFD_182_Bandit100_20250721.csv,75.55555555555557,70.93023255813954,183,257,1.4043715846994536,0.66,0.11,0.9203539823008849,0.07964601769911504,0.5,0.5,184.51843293771663,96.66666666666666,60.0,0.9555555555555556,0.8970588235294118,0.25,0.5833333333333334,Bandit100,ChowHFD_182,M
ChowHFD_183_Bandit100_20250721.csv,77.0,69.09722222222221,199,287,1.4422110552763818,0.66,0.22,0.8445945945945946,0.1554054054054054,0.45454545454545453,0.5454545454545454,212.31646929526676,75.0,76.0,0.7796610169491526,0.8876404494382022,0.4444444444444444,0.46153846153846156,Bandit100,ChowHFD_183,M
ChowHFD_184_Bandit100_20250721.csv,81.81818181818181,74.92260061919505,241,324,1.3443983402489628,0.66,0.23,0.9317073170731708,0.06829268292682927,0.4666666666666667,0.5333333333333333,251.3167542098874,84.00000000000001,82.85714285714285,0.9146341463414634,0.9426229508196722,0.8,0.3,Bandit100,ChowHFD_184,M
ChowHFD_185_Bandit100_20250721.csv,90.0,73.70370370370371,198,269,1.3585858585858586,0.66,0.16,0.904,0.096,0.6,0.4,201.17238232300184,96.66666666666666,84.00000000000001,0.9361702127659575,0.8831168831168831,0.6,0.6,Bandit100,ChowHFD_185,M
ChowHFD_186_Bandit100_20250721.csv,83.75,72.28915662650603,180,248,1.3777777777777778,0.66,0.14,0.9420289855072463,0.057971014492753624,0.4444444444444444,0.5555555555555556,187.7535252076492,95.0,70.0,1.0,0.9111111111111111,1.0,0.375,Bandit100,ChowHFD_186,M
ChowHFD_187_Bandit100_20250721.csv,79.16666666666667,71.976401179941,243,338,1.3909465020576133,0.66,0.14,0.946078431372549,0.05392156862745098,0.4,0.6,251.32747582885276,88.33333333333334,81.66666666666667,0.9318181818181818,0.9568965517241379,0.5714285714285714,0.0,Bandit100,ChowHFD_187,M
ChowHFD_189_Bandit100_20250721.csv,67.77777777777779,68.01346801346801,201,296,1.472636815920398,0.66,0.08,0.8986486486486487,0.10135135135135136,0.375,0.625,206.84064566593187,70.0,62.0,0.9016393442622951,0.8953488372093024,0.375,0.375,Bandit100,ChowHFD_189,M
ChowHFD_190_Bandit100_20250721.csv,81.42857142857143,75.34883720930232,162,216,1.3333333333333333,0.91,0.14,0.904,0.096,0.4,0.6,162.28738390900554,95.0,76.0,0.9142857142857143,0.9,0.3333333333333333,0.375,Bandit100,ChowHFD_190,M
ChowHFD_670_Bandit100_20250721.csv,88.00000000000001,77.14285714285715,215,280,1.302325581395349,0.66,0.23,0.9281437125748503,0.0718562874251497,0.45454545454545453,0.5454545454545454,221.64370546318293,77.5,95.0,0.9032258064516129,0.9428571428571428,0.5714285714285714,0.25,Bandit100,ChowHFD_670,M
ChowHFD_671_Bandit100_20250721.csv,82.0,74.02135231316726,207,280,1.3526570048309179,0.66,0.11,0.9426751592356688,0.05732484076433121,0.38461538461538464,0.6153846153846154,216.6405477734648,92.5,72.0,0.9436619718309859,0.9418604651162791,0.3333333333333333,0.4,Bandit100,ChowHFD_671,M
ChowHFD_672_Bandit100_20250721.csv,71.11111111111111,69.8961937716263,201,288,1.4328358208955223,0.66,0.11,0.9318181818181818,0.06818181818181818,0.43478260869565216,0.5652173913043478,209.10071166702613,73.33333333333333,70.0,0.9210526315789473,0.9361702127659575,0.3,0.5384615384615384,Bandit100,ChowHFD_672,M
ChowHFD_674_Bandit100_20250721.csv,82.5,63.83561643835617,232,364,1.5689655172413792,0.66,0.19,0.8579881656804734,0.14201183431952663,0.5185185185185185,0.48148148148148145,233.13491603937464,87.5,81.42857142857143,0.8679245283018868,0.853448275862069,0.5555555555555556,0.5,Bandit100,ChowHFD_674,M
DNMT3a_002_19_45_Bandit100_20250428.csv,81.11111111111111,77.41935483870968,192,248,1.2916666666666667,0.31,0.12,0.9433962264150944,0.05660377358490566,0.4666666666666667,0.5333333333333333,192.1200750469043,80.0,82.5,0.9333333333333333,0.9523809523809523,0.36363636363636365,0.75,Bandit100,DNMT3A_002_19_45,M
DNMT3a_002_19_47_Bandit100_20250428.csv,73.75,64.94464944649447,175,270,1.542857142857143,0.31,0.17,0.8440366972477065,0.1559633027522936,0.6190476190476191,0.38095238095238093,181.27890896952934,75.0,76.0,0.9024390243902439,0.8088235294117647,0.6,0.625,Bandit100,DNMT3A_002_19_47,F
DNMT3a_002_19_49_Bandit100_20250428.csv,80.0,70.64220183486239,153,217,1.4183006535947713,0.88,0.16,0.859375,0.140625,0.4782608695652174,0.5217391304347826,154.565331774335,56.66666666666668,87.5,0.7954545454545454,0.8928571428571429,0.42857142857142855,0.5555555555555556,Bandit100,DNMT3A_002_19_49,F
DNMT3a_002_19_53_Bandit100_20250428.csv,90.0,79.57446808510639,186,237,1.2741935483870968,0.75,0.12,0.9645390070921985,0.03546099290780142,0.8571428571428571,0.14285714285714285,188.65509913360268,83.99999999999999,88.00000000000001,0.9607843137254902,0.9666666666666667,0.8,1.0,Bandit100,DNMT3A_002_19_53,F
DNMT3a_002_22_11_Bandit100_20250331.csv,82.5,69.76744186046511,179,260,1.452513966480447,0.5,0.08,0.8873239436619719,0.11267605633802817,0.4375,0.5625,189.3583343479849,90.0,74.0,0.9482758620689655,0.8452380952380952,1.0,0.4,Bandit100,DNMT3A_002_22_11,F
DNMT3a_002_22_12_Bandit100_20250331.csv,90.0,66.83417085427136,133,198,1.4887218045112782,0.69,0.07,0.9545454545454546,0.045454545454545456,0.2857142857142857,0.7142857142857143,140.28371218595112,80.0,96.66666666666666,0.9583333333333334,0.9516129032258065,0.5,0.25,Bandit100,DNMT3A_002_22_12,M
DNMT3a_002_22_9_Bandit100_20250331.csv,76.66666666666669,71.42857142857143,199,280,1.407035175879397,0.63,0.11,0.9634146341463414,0.036585365853658534,0.5454545454545454,0.45454545454545453,213.78201162934556,80.0,74.0,0.9491525423728814,0.9714285714285714,,0.5454545454545454,Bandit100,DNMT3A_002_22_9,F
DNMT3a_002_23_5_Bandit100_20250331.csv,68.33333333333333,62.5,129,207,1.6046511627906976,0.56,0.16,0.96,0.04,0.125,0.875,137.4264355018292,82.5,30.0,0.9701492537313433,0.9393939393939394,0.25,0.08333333333333333,Bandit100,DNMT3A_002_23_5,F
DNMT3a_002_24_2_Bandit100_20250331.csv,61.66666666666666,58.70445344129555,144,247,1.7152777777777777,0.56,0.12,0.8210526315789474,0.17894736842105263,0.48148148148148145,0.5185185185185185,159.18273995578255,65.0,70.0,0.8333333333333334,0.8135593220338984,0.42857142857142855,0.5,Bandit100,DNMT3A_002_24_2,F
DNMT3a_002_25_24_Bandit100_20250331.csv,80.0,65.09803921568627,165,254,1.5393939393939393,0.82,0.15,0.8449612403100775,0.15503875968992248,0.5384615384615384,0.46153846153846156,167.36175128650945,77.5,83.33333333333333,0.7466666666666667,0.9814814814814815,0.5454545454545454,0.5,Bandit100,DNMT3A_002_25_24,M
DNMT3a_002_25_29_Bandit100_20250331.csv,80.0,68.6192468619247,164,238,1.451219512195122,0.44,0.15,0.8888888888888888,0.1111111111111111,0.36363636363636365,0.6363636363636364,168.6816980548082,63.33333333333333,78.0,0.925,0.872093023255814,0.375,0.3333333333333333,Bandit100,DNMT3A_002_25_29,M
DNMT3a_002_26_55_Bandit100_20250428.csv,84.28571428571428,69.12442396313364,149,216,1.4496644295302012,0.63,0.19,0.8782608695652174,0.12173913043478261,0.45454545454545453,0.5454545454545454,150.49817683535778,100.0,80.0,0.88,0.8769230769230769,0.2,0.6666666666666666,Bandit100,DNMT3A_002_26_55,F
DNMT3a_002_26_56_Bandit100_20250428.csv,72.22222222222221,54.769230769230774,178,327,1.8370786516853932,0.63,0.12,0.7155172413793104,0.28448275862068967,0.4594594594594595,0.5405405405405406,178.03709106063764,76.0,64.0,0.7674418604651163,0.684931506849315,0.5833333333333334,0.4,Bandit100,DNMT3A_002_26_56,F
DNMT3a_002_26_59_Bandit100_20250428.csv,92.85714285714286,64.60176991150442,145,225,1.5517241379310345,0.82,0.14,0.9196428571428571,0.08035714285714286,0.5454545454545454,0.45454545454545453,147.65600309021315,90.0,100.0,0.8974358974358975,0.9315068493150684,0.4,0.6666666666666666,Bandit100,DNMT3A_002_26_59,M
DNMT3a_002_27_40_Bandit100_20250428.csv,70.0,58.921161825726145,141,244,1.7304964539007093,0.69,0.1,0.7777777777777778,0.2222222222222222,0.425531914893617,0.574468085106383,143.1865925960506,47.5,83.33333333333333,0.6444444444444445,0.8888888888888888,0.47058823529411764,0.3333333333333333,Bandit100,DNMT3A_002_27_40,M
DNMT3a_002_28_31_Bandit100_20250428.csv,78.75,71.12068965517241,165,231,1.4,0.56,0.18,0.9015151515151515,0.09848484848484848,0.7,0.3,165.05922263775196,80.0,78.0,0.8048780487804879,0.945054945054945,0.4,1.0,Bandit100,DNMT3A_002_28_31,M
FMR1_007_207_61_Bandit100_20251103.csv,70.0,50.57803468208093,174,348,2.0,0.79,0.1,0.6814814814814815,0.31851851851851853,0.4230769230769231,0.5769230769230769,181.36237690268564,53.333333333333336,78.33333333333333,0.53125,0.7281553398058253,0.16666666666666666,0.6428571428571429,Bandit100,FMR1_007_207_61,F
FMR1_007_210_79_Bandit100_20251103.csv,82.22222222222221,72.20216606498195,200,276,1.38,0.31,0.13,0.9464285714285714,0.05357142857142857,0.5555555555555556,0.4444444444444444,206.51823168764116,73.33333333333333,88.33333333333334,0.9433962264150944,0.9478260869565217,0.6666666666666666,0.5,Bandit100,FMR1_007_210_79,M
FMR1_007_211_81_Bandit100_20251103.csv,62.857142857142854,60.56910569105691,149,245,1.6442953020134228,1.07,0.22,0.8269230769230769,0.17307692307692307,0.5161290322580645,0.4838709677419355,160.73114090943142,90.0,57.49999999999999,0.8620689655172413,0.8133333333333334,0.75,0.48148148148148145,Bandit100,FMR1_007_211_81,F
FMR1_007_211_83_Bandit100_20251103.csv,67.77777777777779,63.366336633663366,191,302,1.581151832460733,1.53,0.16,0.7972972972972973,0.20270270270270271,0.5111111111111111,0.4888888888888889,194.43721649847043,66.66666666666667,70.0,0.7777777777777778,0.803921568627451,0.4444444444444444,0.5555555555555556,Bandit100,FMR1_007_211_83,F
FMR1_007_213_39_Bandit100_20251103.csv,78.57142857142857,73.0232558139535,157,214,1.3630573248407643,0.44,0.1,0.9333333333333333,0.06666666666666667,0.16666666666666666,0.8333333333333334,167.7607657869351,90.0,80.0,0.8888888888888888,0.946236559139785,0.0,0.25,Bandit100,FMR1_007_213_39,M
FMR1_007_213_40_Bandit100_20251103.csv,67.5,52.743902439024396,173,327,1.8901734104046244,0.61,0.17,0.7703703703703704,0.22962962962962963,0.34146341463414637,0.6585365853658537,175.33783783783784,65.0,64.0,0.7551020408163265,0.7790697674418605,0.3157894736842105,0.36363636363636365,Bandit100,FMR1_007_213_40,F
FMR1_007_214_94_Bandit100_20251103.csv,75.0,69.23076923076923,180,259,1.4388888888888889,0.24,0.17,0.9183673469387755,0.08163265306122448,0.625,0.375,183.7385695045013,90.0,72.85714285714285,0.875,0.926829268292683,0.5,0.6428571428571429,Bandit100,FMR1_007_214_94,M
FMR1_007_214_98_Bandit100_20251103.csv,78.8888888888889,64.76510067114094,192,297,1.546875,0.5,0.13,0.7638888888888888,0.2361111111111111,0.5625,0.4375,198.25230944822914,80.0,78.33333333333333,0.7954545454545454,0.7575757575757576,0.5,0.5909090909090909,Bandit100,FMR1_007_214_98,M
FMR1_007_218_77_Bandit100_20251103.csv,85.0,68.87966804979253,166,240,1.4457831325301205,0.53,0.1,0.9318181818181818,0.06818181818181818,0.5,0.5,166.7061859264942,77.5,88.00000000000001,0.9444444444444444,0.9230769230769231,0.4,0.6,Bandit100,FMR1_007_218_77,M
FMR1_007_221_47_Bandit100_20251103.csv,77.99999999999999,55.06607929515418,125,228,1.824,0.5,0.135,0.8108108108108109,0.1891891891891892,0.45454545454545453,0.5454545454545454,129.1866028708134,90.0,75.0,0.9090909090909091,0.7317073170731707,0.25,0.5714285714285714,Bandit100,FMR1_007_221_47,M
FMR1_007_221_51_Bandit100_20251103.csv,81.00000000000001,64.50617283950618,208,325,1.5625,0.63,0.1,0.8533333333333334,0.14666666666666667,0.5806451612903226,0.41935483870967744,213.64884051112165,95.0,80.0,0.8780487804878049,0.8440366972477065,0.7142857142857143,0.5416666666666666,Bandit100,FMR1_007_221_51,M
FMR1_007_307_40_Bandit100_20251103.csv,68.57142857142857,62.68656716417911,168,270,1.6071428571428572,1.28,0.15,0.8584070796460177,0.1415929203539823,0.5357142857142857,0.4642857142857143,168.04667963323146,,68.57142857142857,0.5,0.8773584905660378,0.6666666666666666,0.52,Bandit100,FMR1_007_307_40,F
MYT1L_001_10_42_Bandit100_20250303.csv,77.77777777777779,65.814696485623,206,313,1.5194174757281553,0.82,0.15,0.8741721854304636,0.12582781456953643,0.5172413793103449,0.4827586206896552,206.67216293733088,76.66666666666666,75.71428571428571,0.82,0.900990099009901,0.3333333333333333,0.7142857142857143,Bandit100,MYT1L_001_10_42,F
MYT1L_001_10_44_Bandit100_20250303.csv,71.81818181818181,68.37606837606837,239,352,1.4728033472803348,0.63,0.13,0.8653846153846154,0.1346153846153846,0.44,0.56,239.0110653270985,63.33333333333333,72.85714285714285,0.8888888888888888,0.8529411764705882,0.3333333333333333,0.47368421052631576,Bandit100,MYT1L_001_10_44,M
MYT1L_001_12_45_Bandit100_20250303.csv,78.57142857142857,67.98418972332016,171,252,1.4736842105263157,0.69,0.15,0.8629032258064516,0.13709677419354838,0.6,0.4,182.90890740581193,56.666666666666664,82.0,0.9411764705882353,0.8333333333333334,0.5,0.6666666666666666,Bandit100,MYT1L_001_12_45,M
MYT1L_001_12_48_Bandit100_20250303.csv,67.14285714285715,65.65217391304347,151,229,1.5165562913907285,1.26,0.12,0.8571428571428571,0.14285714285714285,0.6470588235294118,0.35294117647058826,151.18723419049053,100.0,55.00000000000001,0.9375,0.8135593220338984,0.0,0.7333333333333333,Bandit100,MYT1L_001_12_48,F
MYT1L_001_1_1_Bandit100_20250303.csv,70.0,60.367454068241464,229,380,1.6593886462882097,0.63,0.15,0.8176100628930818,0.18238993710691823,0.5,0.5,233.0788804071247,78.0,61.42857142857143,0.864406779661017,0.79,0.5555555555555556,0.48717948717948717,Bandit100,MYT1L_001_1_1,F
MYT1L_001_1_3_Bandit100_20250303.csv,81.25,68.75,175,256,1.4628571428571429,0.69,0.09,0.8161764705882353,0.18382352941176472,0.5555555555555556,0.4444444444444444,177.69260432125452,85.0,80.0,0.7959183673469388,0.8255813953488372,1.0,0.42857142857142855,Bandit100,MYT1L_001_1_3,M
MYT1L_001_1_4_Bandit100_20250303.csv,67.77777777777779,68.77076411960132,207,300,1.4492753623188406,0.63,0.095,0.8466257668711656,0.15337423312883436,0.4,0.6,223.45665129877432,83.33333333333333,66.66666666666666,0.8333333333333334,0.8532110091743119,0.2857142857142857,0.46153846153846156,Bandit100,MYT1L_001_1_4,F
MYT1L_001_2_6_Bandit100_20250303.csv,83.75,73.85892116182573,177,240,1.3559322033898304,0.63,0.09,0.9139072847682119,0.08609271523178808,0.3333333333333333,0.6666666666666666,188.35978835978835,85.0,80.0,0.9459459459459459,0.9035087719298246,0.5,0.25,Bandit100,MYT1L_001_2_6,F
MYT1L_001_2_9_Bandit100_20250303.csv,83.75,68.68327402135232,192,284,1.4791666666666667,1.07,0.09,0.9064748201438849,0.09352517985611511,0.5,0.5,200.2954848473929,85.0,80.0,0.9285714285714286,0.891566265060241,0.7142857142857143,0.4,Bandit100,MYT1L_001_2_9,M
MYT1L_001_3_19_Bandit100_20250303.csv,84.44444444444444,62.45733788395904,183,293,1.6010928961748634,0.945,0.15,0.9172932330827067,0.08270676691729323,0.19230769230769232,0.8076923076923077,183.1483841074945,90.0,78.0,0.9130434782608695,0.9195402298850575,0.3333333333333333,0.11764705882352941,Bandit100,MYT1L_001_3_19,M
MYT1L_001_5_22_Bandit100_20250303.csv,76.25,62.925170068027214,184,293,1.5923913043478262,0.56,0.07,0.8373983739837398,0.16260162601626016,0.3684210526315789,0.631578947368421,186.14184231978572,90.0,67.5,0.7333333333333333,0.9365079365079365,0.36363636363636365,0.375,Bandit100,MYT1L_001_5_22,M
MYT1L_001_5_23_Bandit100_20250303.csv,66.25,66.78966789667896,181,271,1.4972375690607735,1.1,0.19,0.8688524590163934,0.13114754098360656,0.42857142857142855,0.5714285714285714,181.28745812225404,70.0,68.0,0.9230769230769231,0.8433734939759037,0.4,0.4375,Bandit100,MYT1L_001_5_23,F
MYT1L_001_5_26_Bandit100_20250303.csv,72.22222222222223,65.01650165016501,196,302,1.5408163265306123,0.75,0.14,0.8478260869565217,0.15217391304347827,0.6875,0.3125,197.87026272959775,80.0,68.0,0.8301886792452831,0.8571428571428571,0.7142857142857143,0.6666666666666666,Bandit100,MYT1L_001_5_26,M
MYT1L_001_5_27_Bandit100_20250303.csv,72.5,58.59872611464968,183,313,1.710382513661202,1.07,0.16,0.7969924812030075,0.20300751879699247,0.4,0.6,184.0255591054313,90.0,78.0,0.723404255319149,0.8372093023255814,0.2631578947368421,0.5238095238095238,Bandit100,MYT1L_001_5_27,F
MYT1L_001_7_30_Bandit100_20250303.csv,84.00000000000001,67.44868035190615,229,340,1.48471615720524,0.44,0.13,0.879746835443038,0.12025316455696203,0.5483870967741935,0.45161290322580644,230.74243515013583,90.0,80.0,0.8541666666666666,0.8909090909090909,0.5333333333333333,0.5625,Bandit100,MYT1L_001_7_30,M
MYT1L_001_7_32_Bandit100_20250303.csv,83.63636363636363,66.66666666666666,227,341,1.502202643171806,0.56,0.16,0.9408602150537635,0.05913978494623656,0.3,0.7,228.1637286015428,80.0,88.00000000000001,0.9354838709677419,0.946236559139785,0.625,0.08333333333333333,Bandit100,MYT1L_001_7_32,F
MYT1L_001_8_34_Bandit100_20250303.csv,81.81818181818184,61.16751269035533,240,394,1.6416666666666666,0.88,0.13,0.8268156424581006,0.17318435754189945,0.42857142857142855,0.5714285714285714,241.08929233049278,86.66666666666669,75.0,0.8059701492537313,0.8392857142857143,0.375,0.45454545454545453,Bandit100,MYT1L_001_8_34,M
MYT1L_001_8_36_Bandit100_20250303.csv,64.44444444444444,57.06371191135734,205,361,1.7609756097560976,1.07,0.16,0.7222222222222222,0.2777777777777778,0.4489795918367347,0.5510204081632653,206.65296596885992,65.99999999999999,72.0,0.7868852459016393,0.6615384615384615,0.3888888888888889,0.4838709677419355,Bandit100,MYT1L_001_8_36,M
MYT1L_001_8_41_Bandit100_20250303.csv,81.11111111111111,73.70370370370371,198,270,1.3636363636363635,1.2,0.1,0.9038461538461539,0.09615384615384616,0.5,0.5,199.0921723019917,96.66666666666666,80.0,0.9571428571428572,0.8604651162790697,0.3333333333333333,0.5454545454545454,Bandit100,MYT1L_001_8_41,F
MYT1L_001_9_11_Bandit100_20250303.csv,76.99999999999999,69.48051948051948,213,308,1.4460093896713615,0.82,0.1,0.8467153284671532,0.15328467153284672,0.5384615384615384,0.46153846153846156,224.54367705815918,70.0,83.33333333333334,0.9047619047619048,0.8210526315789474,0.3333333333333333,0.6470588235294118,Bandit100,MYT1L_001_9_11,F
NF1_003_140_12_Bandit100_20250804.csv,64.99999999999999,66.15853658536585,216,327,1.5138888888888888,0.92,0.13,0.8058823529411765,0.19411764705882353,0.3448275862068966,0.6551724137931034,225.14049666170325,60.0,76.66666666666667,0.7704918032786885,0.8333333333333334,0.21428571428571427,0.4666666666666667,Bandit100,NF1_003_140_12,F
NF1_003_140_15_Bandit100_20250804.csv,74.0,66.2379421221865,206,310,1.5048543689320388,0.98,0.12,0.8636363636363636,0.13636363636363635,0.5555555555555556,0.4444444444444444,207.090581185642,65.0,73.33333333333334,0.9473684210526315,0.8362068965517241,0.6666666666666666,0.5333333333333333,Bandit100,NF1_003_140_15,F
NF1_003_140_8_Bandit100_20250804.csv,74.44444444444444,65.5844155844156,202,308,1.5247524752475248,0.79,0.1,0.896774193548387,0.1032258064516129,0.46153846153846156,0.5384615384615384,202.66381782923236,83.33333333333333,72.85714285714285,0.8627450980392157,0.912621359223301,0.5,0.4444444444444444,Bandit100,NF1_003_140_8,F
NF1_003_141_19_Bandit100_20250804.csv,78.75,70.51282051282051,165,237,1.4363636363636363,0.73,0.16,0.8839285714285714,0.11607142857142858,0.631578947368421,0.3684210526315789,168.59234380728248,80.0,77.5,0.8372093023255814,0.9130434782608695,0.42857142857142855,0.75,Bandit100,NF1_003_141_19,F
NF1_003_141_23_Bandit100_20250804.csv,71.00000000000001,73.37662337662337,225,308,1.3688888888888888,0.66,0.2,0.917098445595855,0.08290155440414508,0.48148148148148145,0.5185185185185185,229.90898494071658,70.0,63.33333333333333,0.9027777777777778,0.9256198347107438,0.5714285714285714,0.45,Bandit100,NF1_003_141_23,M
NF1_003_142_55_Bandit100_20250804.csv,72.0,60.85626911314985,198,326,1.6464646464646464,0.66,0.14,0.7682119205298014,0.23178807947019867,0.5609756097560976,0.43902439024390244,202.15397639091378,57.49999999999999,81.66666666666667,0.7727272727272727,0.7663551401869159,0.5555555555555556,0.5652173913043478,Bandit100,NF1_003_142_55,M
NF1_003_144_26_Bandit100_20250804.csv,90.0,75.34883720930232,161,215,1.3354037267080745,0.85,0.1,0.9212598425196851,0.07874015748031496,0.75,0.25,174.40843332959514,90.0,90.0,0.9285714285714286,0.9154929577464789,1.0,0.5,Bandit100,NF1_003_144_26,M
NF1_003_144_28_Bandit100_20250804.csv,86.00000000000001,73.94366197183099,209,283,1.354066985645933,0.66,0.11,0.9251336898395722,0.0748663101604278,0.2,0.8,212.99524564183835,88.33333333333334,88.00000000000001,0.9512195121951219,0.9047619047619048,0.25,0.16666666666666666,Bandit100,NF1_003_144_28,M
NF1_003_145_34_Bandit100_20250804.csv,93.63636363636363,86.66666666666667,233,269,1.1545064377682404,0.85,0.12,0.9802955665024631,0.019704433497536946,0.7142857142857143,0.2857142857142857,243.13734922372015,86.66666666666666,97.14285714285715,0.9714285714285714,0.9849624060150376,,0.7142857142857143,Bandit100,NF1_003_145_34,M
NF1_003_146_42_Bandit100_20250804.csv,84.44444444444444,68.65671641791045,184,269,1.4619565217391304,0.72,0.09,0.8677685950413223,0.1322314049586777,0.5454545454545454,0.45454545454545453,189.03210463733652,76.66666666666667,86.0,0.8,0.8953488372093024,0.625,0.3333333333333333,Bandit100,NF1_003_146_42,F
NF1_003_146_46_Bandit100_20250804.csv,74.0,78.9272030651341,206,260,1.2621359223300972,0.66,0.11,0.9523809523809523,0.047619047619047616,0.3333333333333333,0.6666666666666666,211.97908602598767,75.0,76.66666666666666,0.9230769230769231,0.9655172413793104,0.5,0.0,Bandit100,NF1_003_146_46,M
NF1_003_146_50_Bandit100_20250804.csv,77.5,62.629757785467135,180,288,1.6,0.66,0.11,0.8834355828220859,0.1165644171779141,0.35294117647058826,0.6470588235294118,191.92930780559647,75.0,82.0,0.8620689655172413,0.8952380952380953,0.4,0.3333333333333333,Bandit100,NF1_003_146_50,M
NF1_003_147_2_Bandit100_20250804.csv,69.0,61.66666666666667,221,362,1.6380090497737556,0.61,0.09,0.779874213836478,0.22012578616352202,0.47297297297297297,0.527027027027027,225.46018760138233,90.0,63.74999999999999,0.8958333333333334,0.7297297297297297,0.6666666666666666,0.45588235294117646,Bandit100,NF1_003_147_2,F
SHANK3B_004_115_85_Bandit100_20250818.csv,75.55555555555556,63.022508038585215,195,310,1.5897435897435896,0.79,0.13,0.802547770700637,0.19745222929936307,0.5151515151515151,0.48484848484848486,198.79089532440398,70.0,78.33333333333334,0.7916666666666666,0.8073394495412844,0.3,0.5909090909090909,Bandit100,SHANK3B_004_115_85,F
SHANK3B_004_120_96_Bandit100_20250818.csv,73.33333333333333,58.986175115207374,128,217,1.6953125,0.98,0.11,0.8207547169811321,0.1792452830188679,0.4,0.6,129.41093870673313,80.0,70.0,0.896551724137931,0.7922077922077922,0.2857142857142857,0.5,Bandit100,SHANK3B_004_120_96,M
SHANK3B_004_122_12_Bandit100_20250818.csv,67.5,61.32404181184668,175,286,1.6342857142857143,0.61,0.12,0.8076923076923077,0.19230769230769232,0.3333333333333333,0.6666666666666666,193.68742835307603,55.00000000000001,70.0,0.75,0.8207547169811321,0.75,0.2857142857142857,Bandit100,SHANK3B_004_122_12,F
SHANK3B_004_122_15_Bandit100_20250818.csv,66.25,59.044368600682596,172,292,1.697674418604651,0.79,0.16,0.8524590163934426,0.14754098360655737,0.3170731707317073,0.6829268292682927,184.11509657075285,50.0,67.14285714285714,0.7692307692307693,0.875,0.36363636363636365,0.3,Bandit100,SHANK3B_004_122_15,F
SHANK3B_004_126_28_Bandit100_20250818.csv,81.25,67.74193548387096,189,280,1.4814814814814814,0.82,0.13,0.76,0.24,0.625,0.375,190.46152769516078,80.0,80.0,0.7631578947368421,0.7558139534883721,0.5714285714285714,0.6470588235294118,Bandit100,SHANK3B_004_126_28,F
SHANK3B_004_126_31_Bandit100_20250818.csv,82.5,68.42105263157895,168,248,1.4761904761904763,0.67,0.12,0.8372093023255814,0.16279069767441862,0.46153846153846156,0.5384615384615384,169.91644750622572,65.0,90.0,0.8627450980392157,0.8205128205128205,0.4166666666666667,0.5,Bandit100,SHANK3B_004_126_31,M
SHANK3B_004_68_23_Bandit100_20250818.csv,80.0,70.69486404833837,233,331,1.4206008583690988,1.04,0.25,0.8782051282051282,0.12179487179487179,0.6551724137931034,0.3448275862068966,235.6638302832498,70.0,81.42857142857143,0.8723404255319149,0.8807339449541285,0.8,0.625,Bandit100,SHANK3B_004_68_23,M
SHANK3B_004_69_32_Bandit100_20250818.csv,80.0,60.895522388059696,203,334,1.645320197044335,0.55,0.26,0.8095238095238095,0.19047619047619047,0.2727272727272727,0.7272727272727273,205.13727726632607,83.33333333333333,87.5,0.8072289156626506,0.8117647058823529,0.4,0.16666666666666666,Bandit100,SHANK3B_004_69_32,M
SHANK3B_004_69_33_Bandit100_20250818.csv,78.88888888888889,66.30824372759857,185,279,1.508108108108108,0.75,0.15,0.7692307692307693,0.23076923076923078,0.43333333333333335,0.5666666666666667,185.70714874928836,70.0,83.33333333333333,0.8947368421052632,0.7238095238095238,0.0,0.48148148148148145,Bandit100,SHANK3B_004_69_33,F
SHANK3B_004_70_4_Bandit100_20250818.csv,68.57142857142857,61.33828996282528,164,268,1.6341463414634145,0.67,0.11,0.8153846153846154,0.18461538461538463,0.45454545454545453,0.5454545454545454,167.27289794194257,100.0,70.0,0.7804878048780488,0.8314606741573034,0.5,0.4166666666666667,Bandit100,SHANK3B_004_70_4,M
SHANK3B_004_71_38_Bandit100_20250818.csv,76.66666666666667,59.154929577464785,125,212,1.696,1.28,0.21,0.8494623655913979,0.15053763440860216,0.5263157894736842,0.47368421052631576,127.09590800303543,90.0,70.0,0.8823529411764706,0.8305084745762712,0.75,0.36363636363636365,Bandit100,SHANK3B_004_71_38,F
SHANK3B_004_72_63_Bandit100_20250818.csv,68.75,57.09342560553633,165,289,1.7515151515151515,0.79,0.16,0.8947368421052632,0.10526315789473684,0.36,0.64,171.51725880385482,67.5,67.5,0.8,0.9512195121951219,0.2857142857142857,0.45454545454545453,Bandit100,SHANK3B_004_72_63,M
SHANK3B_004_73_12_Bandit100_20250818.csv,85.0,63.28502415458937,130,206,1.5846153846153845,0.95,0.15,0.9615384615384616,0.038461538461538464,0.2,0.8,138.0545221686894,65.0,87.5,0.9642857142857143,0.9605263157894737,0.2,0.2,Bandit100,SHANK3B_004_73_12,F
SHANK3B_004_73_16_Bandit100_20250818.csv,78.33333333333333,58.43621399176955,142,243,1.7112676056338028,0.69,0.18,0.8478260869565217,0.15217391304347827,0.5833333333333334,0.4166666666666667,143.95944804280484,60.0,80.0,0.9444444444444444,0.8243243243243243,0.5,0.625,Bandit100,SHANK3B_004_73_16,F
SHANK3B_004_75_47_Bandit100_20250818.csv,70.0,63.829787234042556,180,282,1.5666666666666667,0.67,0.22,0.8333333333333334,0.16666666666666666,0.3225806451612903,0.6774193548387096,180.25034770514605,75.0,68.33333333333333,0.7692307692307693,0.8585858585858586,0.3333333333333333,0.3157894736842105,Bandit100,SHANK3B_004_75_47,M
SHANK3B_004_77_56_Bandit100_20250818.csv,72.5,60.0,165,274,1.6606060606060606,0.61,0.18,0.6890756302521008,0.31092436974789917,0.5833333333333334,0.4166666666666667,167.35144272533046,62.5,80.0,0.7073170731707317,0.6794871794871795,0.8,0.5263157894736842,Bandit100,SHANK3B_004_77_56,M
WAC_006_198_77_Bandit100_20251020.csv,92.22222222222221,78.17460317460318,197,251,1.2741116751269035,0.37,0.17,0.9693251533742331,0.03067484662576687,0.6,0.4,218.11751137310182,86.66666666666666,93.33333333333333,0.9302325581395349,0.9833333333333333,0.5,0.6666666666666666,Bandit100,WAC_006_198_77,M
WAC_006_199_93_Bandit100_20251020.csv,76.0,67.21854304635761,202,301,1.49009900990099,0.56,0.21,0.8407643312101911,0.1592356687898089,0.6842105263157895,0.3157894736842105,203.38605686720163,72.5,71.66666666666666,0.7058823529411765,0.9056603773584906,0.8,0.5555555555555556,Bandit100,WAC_006_199_93,M
WAC_006_199_95_Bandit100_20251020.csv,80.0,61.23188405797102,169,275,1.6272189349112427,0.88,0.18,0.8062015503875969,0.1937984496124031,0.44,0.56,182.5450999512433,80.0,80.0,0.86,0.7721518987341772,0.8333333333333334,0.3157894736842105,Bandit100,WAC_006_199_95,F
WAC_006_200_85_Bandit100_20251020.csv,70.0,61.62361623616236,166,273,1.644578313253012,1.48,0.16,0.6504854368932039,0.34951456310679613,0.43478260869565216,0.5652173913043478,172.727599209912,73.33333333333333,62.5,0.6666666666666666,0.6379310344827587,0.8571428571428571,0.25,Bandit100,WAC_006_200_85,F
WAC_006_200_87_Bandit100_20251020.csv,93.0,74.822695035461,210,282,1.3428571428571427,0.82,0.16,0.86875,0.13125,0.7333333333333333,0.26666666666666666,220.16061832014975,87.5,93.33333333333333,0.8793103448275862,0.8627450980392157,0.875,0.5714285714285714,Bandit100,WAC_006_200_87,M
WAC_006_201_83_Bandit100_20251020.csv,78.57142857142858,63.671875,162,255,1.5740740740740742,0.75,0.17,0.875,0.125,0.47619047619047616,0.5238095238095238,164.5542277810682,73.33333333333334,76.0,0.9393939393939394,0.8481012658227848,0.3333333333333333,0.5333333333333333,Bandit100,WAC_006_201_83,F
WAC_006_201_84_Bandit100_20251020.csv,74.99999999999999,67.54098360655738,205,306,1.4926829268292683,1.07,0.09,0.84472049689441,0.15527950310559005,0.38095238095238093,0.6190476190476191,208.45855635328704,65.0,76.66666666666667,0.7894736842105263,0.8737864077669902,0.46153846153846156,0.25,Bandit100,WAC_006_201_84,F
WAC_006_203_6_Unknown_20251020.csv,81.25,64.78405315614619,195,300,1.5384615384615385,0.56,0.19,0.8636363636363636,0.13636363636363635,0.2777777777777778,0.7222222222222222,196.34075282601094,95.0,74.0,0.8448275862068966,0.875,0.0,0.35714285714285715,Bandit100,WAC_006_203_6,F
WAC_006_235_13_Bandit100_20251020.csv,74.44444444444444,69.8473282442748,183,261,1.4262295081967213,0.85,0.19,0.9069767441860465,0.09302325581395349,0.631578947368421,0.3684210526315789,189.76703993086812,66.66666666666666,82.0,0.8444444444444444,0.9404761904761905,0.5,0.6923076923076923,Bandit100,WAC_006_235_13,F
WAC_006_235_20_Bandit100_20251020.csv,81.25,65.90038314176245,172,261,1.5174418604651163,0.88,0.12,0.868421052631579,0.13157894736842105,0.5454545454545454,0.45454545454545453,172.11354713178832,85.0,80.0,0.8055555555555556,0.8961038961038961,0.75,0.5,Bandit100,WAC_006_235_20,F
WAC_006_260_25_Bandit100_20251020.csv,80.0,70.93425605536332,204,288,1.411764705882353,0.37,0.1,0.9259259259259259,0.07407407407407407,0.16666666666666666,0.8333333333333334,205.13058080954312,76.66666666666667,81.66666666666667,0.9032258064516129,0.94,0.3333333333333333,0.0,Bandit100,WAC_006_260_25,M
WAC_006_264_30_Bandit100_20251020.csv,76.25,58.01282051282052,181,311,1.718232044198895,0.44,0.16,0.7880794701986755,0.2119205298013245,0.4,0.6,192.14626234825775,100.0,68.33333333333333,0.8947368421052632,0.7522123893805309,0.4,0.41379310344827586,Bandit100,WAC_006_264_30,M
