MM:DD:YYYY hh:mm:ss,Library_Version,Session_Type,Device_Number,Battery_Voltage,Motor_Turns,PelletsToSwitch,Prob_left,Prob_right,Event,High_prob_poke,Left_Poke_Count,Right_Poke_Count,Pellet_Count,Block_Pellet_Count,Retrieval_Time,InterPelletInterval,Poke_Time
2025-10-06 14:43:20,1.17.0,Bandit100,18,4.19,,20,0,100,Right,Right,0,1,0,0,,,0.26
2025-10-06 14:48:01,1.17.0,Bandit100,18,4.18,,20,0,100,RightWithPellet,Right,0,1,0,0,,,0.44
2025-10-06 14:48:27,1.17.0,Bandit100,18,4.18,4.0,20,0,100,Pellet,Right,0,1,1,0,,,
2025-10-06 14:49:35,1.17.0,Bandit100,18,4.18,,20,0,100,Right,Right,0,2,1,1,,,0.02
2025-10-06 14:49:57,1.17.0,Bandit100,18,4.19,2.0,20,0,100,Pellet,Right,0,2,2,1,21.19,90.0,
2025-10-06 14:50:50,1.17.0,Bandit100,18,4.19,,20,0,100,Left,Right,1,2,2,2,,,0.08
2025-10-06 14:50:50,1.17.0,Bandit100,18,4.19,,20,0,100,LeftinTimeOut,Right,1,2,2,2,,,
2025-10-06 14:52:46,1.17.0,Bandit100,18,4.19,,20,0,100,Right,Right,1,3,2,2,,,0.04
2025-10-06 14:53:07,1.17.0,Bandit100,18,4.18,1.0,20,0,100,Pellet,Right,1,3,3,2,19.8,190.0,
2025-10-06 14:54:06,1.17.0,Bandit100,18,4.18,,20,0,100,Left,Right,2,3,3,3,,,0.6
2025-10-06 14:57:46,1.17.0,Bandit100,18,4.18,,20,0,100,Left,Right,3,3,3,3,,,0.94
2025-10-06 14:57:47,1.17.0,Bandit100,18,4.18,,20,0,100,LeftinTimeOut,Right,3,3,3,3,,,
2025-10-06 14:59:31,1.17.0,Bandit100,18,4.19,,20,0,100,Left,Right,4,3,3,3,,,0.04
2025-10-06 14:59:32,1.17.0,Bandit100,18,4.18,,20,0,100,LeftinTimeOut,Right,4,3,3,3,,,
2025-10-06 14:59:32,1.17.0,Bandit100,18,4.18,,20,0,100,LeftinTimeOut,Right,4,3,3,3,,,
2025-10-06 14:59:32,1.17.0,Bandit100,18,4.19,,20,0,100,LeftinTimeOut,Right,4,3,3,3,,,
2025-10-06 14:59:55,1.17.0,Bandit100,18,4.18,,20,0,100,Left,Right,5,3,3,3,,,0.23
2025-10-06 15:02:18,1.17.0,Bandit100,18,4.18,,20,0,100,Left,Right,6,3,3,3,,,0.29
2025-10-06 15:02:18,1.17.0,Bandit100,18,4.18,,20,0,100,LeftinTimeOut,Right,6,3,3,3,,,
2025-10-06 15:03:08,1.17.0,Bandit100,18,4.18,,20,0,100,Right,Right,6,4,3,3,,,1.33
2025-10-06 15:03:38,1.17.0,Bandit100,18,4.18,1.0,20,0,100,Pellet,Right,6,4,4,3,29.03,631.0,
2025-10-06 15:05:11,1.17.0,Bandit100,18,4.19,,20,0,100,Right,Right,6,5,4,4,,,0.45
2025-10-06 15:05:23,1.17.0,Bandit100,18,4.18,1.0,20,0,100,Pellet,Right,6,5,5,4,11.35,105.0,
2025-10-06 15:09:00,1.17.0,Bandit100,18,4.18,,20,0,100,Left,Right,7,5,5,5,,,0.03
2025-10-06 15:09:00,1.17.0,Bandit100,18,4.18,,20,0,100,LeftinTimeOut,Right,7,5,5,5,,,
2025-10-06 15:09:01,1.17.0,Bandit100,18,4.18,,20,0,100,LeftinTimeOut,Right,7,5,5,5,,,
2025-10-06 15:09:01,1.17.0,Bandit100,18,4.18,,20,0,100,LeftinTimeOut,Right,7,5,5,5,,,
2025-10-06 15:09:01,1.17.0,Bandit100,18,4.18,,20,0,100,LeftinTimeOut,Right,7,5,5,5,,,
2025-10-06 15:09:02,1.17.0,Bandit100,18,4.18,,20,0,100,LeftinTimeOut,Right,7,5,5,5,,,
2025-10-06 15:09:02,1.17.0,Bandit100,18,4.18,,20,0,100,LeftinTimeOut,Right,7,5,5,5,,,
2025-10-06 15:09:02,1.17.0,Bandit100,18,4.19,,20,0,100,LeftinTimeOut,Right,7,5,5,5,,,
2025-10-06 15:09:03,1.17.0,Bandit100,18,4.18,,20,0,100,LeftinTimeOut,Right,7,5,5,5,,,
2025-10-06 15:09:03,1.17.0,Bandit100,18,4.18,,20,0,100,LeftinTimeOut,Right,7,5,5,5,,,
2025-10-06 15:09:05,1.17.0,Bandit100,18,4.18,,20,0,100,LeftinTimeOut,Right,7,5,5,5,,,
2025-10-06 15:09:05,1.17.0,Bandit100,18,4.18,,20,0,100,LeftinTimeOut,Right,7,5,5,5,,,
2025-10-06 15:09:06,1.17.0,Bandit100,18,4.18,,20,0,100,LeftinTimeOut,Right,7,5,5,5,,,
2025-10-06 15:09:06,1.17.0,Bandit100,18,4.18,,20,0,100,LeftinTimeOut,Right,7,5,5,5,,,
2025-10-06 15:09:06,1.17.0,Bandit100,18,4.18,,20,0,100,LeftinTimeOut,Right,7,5,5,5,,,
2025-10-06 15:09:06,1.17.0,Bandit100,18,4.18,,20,0,100,LeftinTimeOut,Right,7,5,5,5,,,
2025-10-06 15:09:07,1.17.0,Bandit100,18,4.18,,20,0,100,LeftinTimeOut,Right,7,5,5,5,,,
2025-10-06 15:09:07,1.17.0,Bandit100,18,4.18,,20,0,100,LeftinTimeOut,Right,7,5,5,5,,,
2025-10-06 15:09:10,1.17.0,Bandit100,18,4.18,,20,0,100,LeftinTimeOut,Right,7,5,5,5,,,
2025-10-06 15:09:11,1.17.0,Bandit100,18,4.19,,20,0,100,LeftinTimeOut,Right,7,5,5,5,,,
2025-10-06 15:09:11,1.17.0,Bandit100,18,4.18,,20,0,100,LeftinTimeOut,Right,7,5,5,5,,,
2025-10-06 15:09:13,1.17.0,Bandit100,18,4.18,,20,0,100,LeftinTimeOut,Right,7,5,5,5,,,
2025-10-06 15:09:14,1.17.0,Bandit100,18,4.18,,20,0,100,LeftinTimeOut,Right,7,5,5,5,,,
2025-10-06 15:09:14,1.17.0,Bandit100,18,4.18,,20,0,100,LeftinTimeOut,Right,7,5,5,5,,,
2025-10-06 15:09:43,1.17.0,Bandit100,18,4.18,,20,0,100,Left,Right,8,5,5,5,,,0.08
2025-10-06 15:09:44,1.17.0,Bandit100,18,4.19,,20,0,100,LeftinTimeOut,Right,8,5,5,5,,,
2025-10-06 15:10:51,1.17.0,Bandit100,18,4.18,,20,0,100,Right,Right,8,6,5,5,,,0.5
2025-10-06 15:11:14,1.17.0,Bandit100,18,4.18,1.0,20,0,100,Pellet,Right,8,6,6,5,22.41,351.0,
2025-10-06 15:18:36,1.17.0,Bandit100,18,4.18,,20,0,100,Right,Right,8,7,6,6,,,0.16
2025-10-06 15:18:49,1.17.0,Bandit100,18,4.18,1.0,20,0,100,Pellet,Right,8,7,7,6,12.23,455.0,
2025-10-06 15:24:20,1.17.0,Bandit100,18,4.18,,20,0,100,Right,Right,8,8,7,7,,,0.03
2025-10-06 15:24:23,1.17.0,Bandit100,18,4.18,1.0,20,0,100,Pellet,Right,8,8,8,7,2.4,334.0,
2025-10-06 15:24:51,1.17.0,Bandit100,18,4.18,,20,0,100,Left,Right,9,8,8,8,,,0.02
2025-10-06 15:24:52,1.17.0,Bandit100,18,4.18,,20,0,100,LeftinTimeOut,Right,9,8,8,8,,,
2025-10-06 15:24:52,1.17.0,Bandit100,18,4.18,,20,0,100,LeftinTimeOut,Right,9,8,8,8,,,
2025-10-06 15:25:43,1.17.0,Bandit100,18,4.18,,20,0,100,Left,Right,10,8,8,8,,,0.3
2025-10-06 15:31:08,1.17.0,Bandit100,18,4.18,,20,0,100,Right,Right,10,9,8,8,,,0.02
2025-10-06 15:31:19,1.17.0,Bandit100,18,4.18,1.0,20,0,100,Pellet,Right,10,9,9,8,9.88,416.0,
2025-10-06 15:32:23,1.17.0,Bandit100,18,4.18,,20,0,100,Right,Right,10,10,9,9,,,0.03
2025-10-06 15:32:30,1.17.0,Bandit100,18,4.18,1.0,20,0,100,Pellet,Right,10,10,10,9,6.08,71.0,
2025-10-06 15:33:29,1.17.0,Bandit100,18,4.18,,20,0,100,Right,Right,10,11,10,10,,,0.23
2025-10-06 15:33:34,1.17.0,Bandit100,18,4.19,1.0,20,0,100,Pellet,Right,10,11,11,10,3.54,64.0,
2025-10-06 15:34:18,1.17.0,Bandit100,18,4.18,,20,0,100,Right,Right,10,12,11,11,,,0.18
2025-10-06 15:34:44,1.17.0,Bandit100,18,4.18,1.0,20,0,100,Pellet,Right,10,12,12,11,24.96,70.0,
2025-10-06 15:35:07,1.17.0,Bandit100,18,4.18,,20,0,100,Left,Right,11,12,12,12,,,0.7
2025-10-06 15:35:27,1.17.0,Bandit100,18,4.18,,20,0,100,Right,Right,11,13,12,12,,,0.13
2025-10-06 15:35:28,1.17.0,Bandit100,18,4.18,,20,0,100,RightDuringDispense,Right,11,13,12,12,,,0.23
2025-10-06 15:35:36,1.17.0,Bandit100,18,4.18,2.0,20,0,100,Pellet,Right,11,13,13,12,4.94,52.0,
2025-10-06 15:37:08,1.17.0,Bandit100,18,4.18,,20,0,100,Left,Right,12,13,13,13,,,0.52
2025-10-06 15:37:09,1.17.0,Bandit100,18,4.18,,20,0,100,LeftinTimeOut,Right,12,13,13,13,,,
2025-10-06 15:38:58,1.17.0,Bandit100,18,4.18,,20,0,100,Left,Right,13,13,13,13,,,0.46
2025-10-06 15:39:34,1.17.0,Bandit100,18,4.18,,20,0,100,Right,Right,13,14,13,13,,,0.38
2025-10-06 15:40:46,1.17.0,Bandit100,18,4.18,1.0,20,0,100,Pellet,Right,13,14,14,13,,310.0,
2025-10-06 15:44:16,1.17.0,Bandit100,18,4.18,,20,0,100,Right,Right,13,15,14,14,,,0.24
2025-10-06 15:45:46,1.17.0,Bandit100,18,4.18,1.0,20,0,100,Pellet,Right,13,15,15,14,,300.0,
2025-10-06 17:07:21,1.17.0,Bandit100,18,4.18,,20,0,100,Right,Right,13,16,15,15,,,0.23
2025-10-06 17:08:02,1.17.0,Bandit100,18,4.18,1.0,20,0,100,Pellet,Right,13,16,16,15,39.93,4936.0,
2025-10-06 20:14:54,1.17.0,Bandit100,18,4.17,,20,0,100,Right,Right,13,17,16,16,,,0.06
2025-10-06 20:14:54,1.17.0,Bandit100,18,4.17,,20,0,100,RightDuringDispense,Right,13,17,16,16,,,0.03
2025-10-06 20:15:21,1.17.0,Bandit100,18,4.17,2.0,20,0,100,Pellet,Right,13,17,17,16,23.94,11239.0,
2025-10-06 20:16:06,1.17.0,Bandit100,18,4.17,,20,0,100,Left,Right,14,17,17,17,,,0.25
2025-10-06 21:06:56,1.17.0,Bandit100,18,4.17,,20,0,100,Right,Right,14,18,17,17,,,0.17
2025-10-06 21:07:05,1.17.0,Bandit100,18,4.17,1.0,20,0,100,Pellet,Right,14,18,18,17,8.74,3104.0,
2025-10-06 22:25:49,1.17.0,Bandit100,18,4.16,,20,0,100,Right,Right,14,19,18,18,,,0.1
2025-10-06 22:26:01,1.17.0,Bandit100,18,4.16,1.0,20,0,100,Pellet,Right,14,19,19,18,10.4,4735.0,
2025-10-06 22:27:54,1.17.0,Bandit100,18,4.16,,20,0,100,Left,Right,15,19,19,19,,,0.27
2025-10-06 22:33:24,1.17.0,Bandit100,18,4.16,,20,0,100,Left,Right,16,19,19,19,,,0.03
2025-10-06 22:33:28,1.17.0,Bandit100,18,4.16,,20,0,100,RightinTimeout,Right,16,19,19,19,,,0.0
2025-10-06 23:24:56,1.17.0,Bandit100,18,4.16,,20,0,100,Right,Right,16,20,19,19,,,0.04
2025-10-06 23:25:08,1.17.0,Bandit100,18,4.16,1.0,20,0,100,Pellet,Right,16,20,20,19,11.8,3548.0,
2025-10-06 23:26:25,1.17.0,Bandit100,18,4.16,,20,100,0,Right,Left,16,21,20,0,,,0.12
2025-10-06 23:32:35,1.17.0,Bandit100,18,4.16,,20,100,0,Right,Left,16,22,20,0,,,0.14
2025-10-07 00:19:00,1.17.0,Bandit100,18,4.16,,20,100,0,Left,Left,17,22,20,0,,,0.02
2025-10-07 00:19:01,1.17.0,Bandit100,18,4.16,1.0,20,100,0,Pellet,Left,17,22,21,0,0.06,3233.0,
2025-10-07 00:21:51,1.17.0,Bandit100,18,4.16,,20,100,0,Right,Left,17,23,21,1,,,0.16
2025-10-07 00:22:10,1.17.0,Bandit100,18,4.16,,20,100,0,Right,Left,17,24,21,1,,,0.09
2025-10-07 00:39:58,1.17.0,Bandit100,18,4.16,,20,100,0,Right,Left,17,25,21,1,,,0.13
2025-10-07 00:40:02,1.17.0,Bandit100,18,4.16,,20,100,0,LeftinTimeOut,Left,17,25,21,1,,,
2025-10-07 00:40:02,1.17.0,Bandit100,18,4.16,,20,100,0,LeftinTimeOut,Left,17,25,21,1,,,
2025-10-07 00:40:12,1.17.0,Bandit100,18,4.16,,20,100,0,LeftinTimeOut,Left,17,25,21,1,,,
2025-10-07 00:52:29,1.17.0,Bandit100,18,4.16,,20,100,0,Left,Left,18,25,21,1,,,0.26
2025-10-07 00:52:35,1.17.0,Bandit100,18,4.16,1.0,20,100,0,Pellet,Left,18,25,22,1,6.14,2014.0,
2025-10-07 00:56:17,1.17.0,Bandit100,18,4.16,,20,100,0,Left,Left,19,25,22,2,,,0.2
2025-10-07 00:56:23,1.17.0,Bandit100,18,4.15,1.0,20,100,0,Pellet,Left,19,25,23,2,5.26,228.0,
2025-10-07 00:57:06,1.17.0,Bandit100,18,4.16,,20,100,0,Left,Left,20,25,23,3,,,0.14
2025-10-07 00:57:16,1.17.0,Bandit100,18,4.16,1.0,20,100,0,Pellet,Left,20,25,24,3,10.08,53.0,
2025-10-07 00:58:15,1.17.0,Bandit100,18,4.16,,20,100,0,Left,Left,21,25,24,4,,,0.3
2025-10-07 00:58:20,1.17.0,Bandit100,18,4.16,1.0,20,100,0,Pellet,Left,21,25,25,4,4.94,64.0,
2025-10-07 00:59:41,1.17.0,Bandit100,18,4.16,,20,100,0,Right,Left,21,26,25,5,,,0.26
2025-10-07 00:59:42,1.17.0,Bandit100,18,4.16,,20,100,0,RightinTimeout,Left,21,26,25,5,,,0.0
2025-10-07 00:59:42,1.17.0,Bandit100,18,4.16,,20,100,0,RightinTimeout,Left,21,26,25,5,,,0.0
2025-10-07 00:59:42,1.17.0,Bandit100,18,4.16,,20,100,0,RightinTimeout,Left,21,26,25,5,,,0.0
2025-10-07 00:59:58,1.17.0,Bandit100,18,4.16,,20,100,0,Left,Left,22,26,25,5,,,0.23
2025-10-07 01:00:05,1.17.0,Bandit100,18,4.16,2.0,20,100,0,Pellet,Left,22,26,26,5,4.62,105.0,
2025-10-07 01:00:44,1.17.0,Bandit100,18,4.16,,20,100,0,Right,Left,22,27,26,6,,,0.86
2025-10-07 01:00:51,1.17.0,Bandit100,18,4.16,,20,100,0,RightinTimeout,Left,22,27,26,6,,,0.0
2025-10-07 01:00:51,1.17.0,Bandit100,18,4.16,,20,100,0,RightinTimeout,Left,22,27,26,6,,,0.0
2025-10-07 01:01:04,1.17.0,Bandit100,18,4.15,,20,100,0,Right,Left,22,28,26,6,,,0.31
2025-10-07 01:01:05,1.17.0,Bandit100,18,4.16,,20,100,0,RightinTimeout,Left,22,28,26,6,,,0.0
2025-10-07 01:01:09,1.17.0,Bandit100,18,4.16,,20,100,0,RightinTimeout,Left,22,28,26,6,,,0.0
2025-10-07 01:01:10,1.17.0,Bandit100,18,4.16,,20,100,0,RightinTimeout,Left,22,28,26,6,,,0.0
2025-10-07 01:01:10,1.17.0,Bandit100,18,4.16,,20,100,0,RightinTimeout,Left,22,28,26,6,,,0.0
2025-10-07 01:01:34,1.17.0,Bandit100,18,4.16,,20,100,0,Right,Left,22,29,26,6,,,0.04
2025-10-07 01:01:35,1.17.0,Bandit100,18,4.16,,20,100,0,RightinTimeout,Left,22,29,26,6,,,0.0
2025-10-07 01:01:42,1.17.0,Bandit100,18,4.16,,20,100,0,RightinTimeout,Left,22,29,26,6,,,0.0
2025-10-07 01:01:43,1.17.0,Bandit100,18,4.16,,20,100,0,RightinTimeout,Left,22,29,26,6,,,0.0
2025-10-07 01:02:03,1.17.0,Bandit100,18,4.16,,20,100,0,Left,Left,23,29,26,6,,,0.16
2025-10-07 01:02:05,1.17.0,Bandit100,18,4.16,1.0,20,100,0,Pellet,Left,23,29,27,6,1.2,120.0,
2025-10-07 01:03:07,1.17.0,Bandit100,18,4.16,,20,100,0,Right,Left,23,30,27,7,,,0.11
2025-10-07 01:03:41,1.17.0,Bandit100,18,4.16,,20,100,0,Right,Left,23,31,27,7,,,0.69
2025-10-07 01:03:42,1.17.0,Bandit100,18,4.16,,20,100,0,RightinTimeout,Left,23,31,27,7,,,0.0
2025-10-07 01:05:42,1.17.0,Bandit100,18,4.16,,20,100,0,Right,Left,23,32,27,7,,,0.55
2025-10-07 01:06:32,1.17.0,Bandit100,18,4.16,,20,100,0,Right,Left,23,33,27,7,,,0.11
2025-10-07 01:06:32,1.17.0,Bandit100,18,4.16,,20,100,0,RightinTimeout,Left,23,33,27,7,,,0.0
2025-10-07 01:06:32,1.17.0,Bandit100,18,4.16,,20,100,0,RightinTimeout,Left,23,33,27,7,,,0.0
2025-10-07 01:06:33,1.17.0,Bandit100,18,4.16,,20,100,0,RightinTimeout,Left,23,33,27,7,,,0.0
2025-10-07 01:06:33,1.17.0,Bandit100,18,4.16,,20,100,0,RightinTimeout,Left,23,33,27,7,,,0.0
2025-10-07 01:06:33,1.17.0,Bandit100,18,4.16,,20,100,0,RightinTimeout,Left,23,33,27,7,,,0.0
2025-10-07 01:06:34,1.17.0,Bandit100,18,4.16,,20,100,0,RightinTimeout,Left,23,33,27,7,,,0.0
2025-10-07 01:06:35,1.17.0,Bandit100,18,4.16,,20,100,0,RightinTimeout,Left,23,33,27,7,,,0.0
2025-10-07 01:08:34,1.17.0,Bandit100,18,4.16,,20,100,0,Right,Left,23,34,27,7,,,0.11
2025-10-07 01:26:27,1.17.0,Bandit100,18,4.16,,20,100,0,Right,Left,23,35,27,7,,,0.23
2025-10-07 04:22:09,1.17.0,Bandit100,18,4.14,,20,100,0,Right,Left,23,36,27,7,,,0.12
2025-10-07 04:29:44,1.17.0,Bandit100,18,4.14,,20,100,0,Left,Left,24,36,27,7,,,0.36
2025-10-07 04:29:52,1.17.0,Bandit100,18,4.14,1.0,20,100,0,Pellet,Left,24,36,28,7,7.1,12467.0,
2025-10-07 04:32:30,1.17.0,Bandit100,18,4.15,,20,100,0,Left,Left,25,36,28,8,,,0.45
2025-10-07 04:32:34,1.17.0,Bandit100,18,4.14,1.0,20,100,0,Pellet,Left,25,36,29,8,3.54,162.0,
2025-10-07 04:33:24,1.17.0,Bandit100,18,4.15,,20,100,0,Left,Left,26,36,29,9,,,0.21
2025-10-07 04:33:26,1.17.0,Bandit100,18,4.14,1.0,20,100,0,Pellet,Left,26,36,30,9,1.01,52.0,
2025-10-07 04:34:20,1.17.0,Bandit100,18,4.14,,20,100,0,Left,Left,27,36,30,10,,,0.37
2025-10-07 04:34:22,1.17.0,Bandit100,18,4.15,1.0,20,100,0,Pellet,Left,27,36,31,10,1.96,56.0,
2025-10-07 04:35:51,1.17.0,Bandit100,18,4.14,,20,100,0,Left,Left,28,36,31,11,,,0.08
2025-10-07 04:35:53,1.17.0,Bandit100,18,4.15,1.0,20,100,0,Pellet,Left,28,36,32,11,1.39,91.0,
2025-10-07 04:37:28,1.17.0,Bandit100,18,4.15,,20,100,0,Left,Left,29,36,32,12,,,0.28
2025-10-07 04:37:34,1.17.0,Bandit100,18,4.14,1.0,20,100,0,Pellet,Left,29,36,33,12,5.32,101.0,
2025-10-07 04:38:42,1.17.0,Bandit100,18,4.15,,20,100,0,Left,Left,30,36,33,13,,,0.22
2025-10-07 04:38:45,1.17.0,Bandit100,18,4.14,1.0,20,100,0,Pellet,Left,30,36,34,13,2.46,71.0,
2025-10-07 04:39:23,1.17.0,Bandit100,18,4.15,,20,100,0,Left,Left,31,36,34,14,,,0.13
2025-10-07 04:39:28,1.17.0,Bandit100,18,4.14,2.0,20,100,0,Pellet,Left,31,36,35,14,3.16,43.0,
2025-10-07 04:40:04,1.17.0,Bandit100,18,4.14,,20,100,0,Left,Left,32,36,35,15,,,0.0
2025-10-07 04:40:07,1.17.0,Bandit100,18,4.14,,20,100,0,LeftWithPellet,Left,32,36,35,15,,,0.13
2025-10-07 04:40:08,1.17.0,Bandit100,18,4.15,1.0,20,100,0,Pellet,Left,32,36,36,15,2.87,40.0,
2025-10-07 04:41:08,1.17.0,Bandit100,18,4.15,,20,100,0,Right,Left,32,37,36,16,,,0.0
2025-10-07 04:41:25,1.17.0,Bandit100,18,4.14,,20,100,0,Left,Left,33,37,36,16,,,0.0
2025-10-07 04:41:27,1.17.0,Bandit100,18,4.15,,20,100,0,LeftWithPellet,Left,33,37,36,16,,,0.11
2025-10-07 04:41:28,1.17.0,Bandit100,18,4.14,1.0,20,100,0,Pellet,Left,33,37,37,16,2.59,80.0,
2025-10-07 04:57:50,1.17.0,Bandit100,18,4.14,,20,100,0,Right,Left,33,38,37,17,,,0.0
2025-10-07 04:58:32,1.17.0,Bandit100,18,4.14,,20,100,0,Left,Left,34,38,37,17,,,0.27
2025-10-07 04:58:34,1.17.0,Bandit100,18,4.14,1.0,20,100,0,Pellet,Left,34,38,38,17,1.58,1026.0,
2025-10-07 05:00:32,1.17.0,Bandit100,18,4.14,,20,100,0,Right,Left,34,39,38,18,,,0.11
2025-10-07 05:00:43,1.17.0,Bandit100,18,4.15,,20,100,0,Left,Left,35,39,38,18,,,0.1
2025-10-07 05:00:44,1.17.0,Bandit100,18,4.14,,20,100,0,LeftDuringDispense,Left,35,39,38,18,,,0.03
2025-10-07 05:00:51,1.17.0,Bandit100,18,4.14,2.0,20,100,0,Pellet,Left,35,39,39,18,4.12,137.0,
2025-10-07 05:50:32,1.17.0,Bandit100,18,4.14,,20,100,0,Left,Left,36,39,39,19,,,0.27
2025-10-07 05:50:36,1.17.0,Bandit100,18,4.14,1.0,20,100,0,Pellet,Left,36,39,40,19,3.35,2985.0,
2025-10-07 05:52:47,1.17.0,Bandit100,18,4.14,,20,0,100,Left,Right,37,39,40,0,,,0.24
2025-10-07 05:53:02,1.17.0,Bandit100,18,4.14,,20,0,100,Left,Right,38,39,40,0,,,0.21
2025-10-07 05:53:18,1.17.0,Bandit100,18,4.14,,20,0,100,Right,Right,38,40,40,0,,,0.25
2025-10-07 05:53:24,1.17.0,Bandit100,18,4.14,1.0,20,0,100,Pellet,Right,38,40,41,0,5.25,168.0,
2025-10-07 05:54:13,1.17.0,Bandit100,18,4.14,,20,0,100,Left,Right,39,40,41,1,,,0.44
2025-10-07 05:54:33,1.17.0,Bandit100,18,4.14,,20,0,100,Left,Right,40,40,41,1,,,0.17
2025-10-07 05:54:36,1.17.0,Bandit100,18,4.14,,20,0,100,LeftinTimeOut,Right,40,40,41,1,,,
2025-10-07 05:54:42,1.17.0,Bandit100,18,4.13,,20,0,100,LeftinTimeOut,Right,40,40,41,1,,,
2025-10-07 05:54:45,1.17.0,Bandit100,18,4.14,,20,0,100,LeftinTimeOut,Right,40,40,41,1,,,
2025-10-07 05:55:36,1.17.0,Bandit100,18,4.14,,20,0,100,Left,Right,41,40,41,1,,,0.11
2025-10-07 05:55:36,1.17.0,Bandit100,18,4.14,,20,0,100,LeftinTimeOut,Right,41,40,41,1,,,
2025-10-07 05:56:02,1.17.0,Bandit100,18,4.14,,20,0,100,Left,Right,42,40,41,1,,,0.56
2025-10-07 05:56:03,1.17.0,Bandit100,18,4.14,,20,0,100,LeftinTimeOut,Right,42,40,41,1,,,
2025-10-07 05:56:08,1.17.0,Bandit100,18,4.14,,20,0,100,LeftinTimeOut,Right,42,40,41,1,,,
2025-10-07 05:56:23,1.17.0,Bandit100,18,4.14,,20,0,100,Left,Right,43,40,41,1,,,0.15
2025-10-07 05:56:26,1.17.0,Bandit100,18,4.14,,20,0,100,LeftinTimeOut,Right,43,40,41,1,,,
2025-10-07 05:56:39,1.17.0,Bandit100,18,4.14,,20,0,100,Left,Right,44,40,41,1,,,0.14
2025-10-07 05:56:54,1.17.0,Bandit100,18,4.14,,20,0,100,Left,Right,45,40,41,1,,,0.09
2025-10-07 06:19:12,1.17.0,Bandit100,18,4.14,,20,0,100,Right,Right,45,41,41,1,,,0.18
2025-10-07 06:19:15,1.17.0,Bandit100,18,4.14,1.0,20,0,100,Pellet,Right,45,41,42,1,2.59,1551.0,
2025-10-07 06:19:48,1.17.0,Bandit100,18,4.14,,20,0,100,Left,Right,46,41,42,2,,,0.14
2025-10-07 06:20:21,1.17.0,Bandit100,18,4.14,,20,0,100,Left,Right,47,41,42,2,,,0.25
2025-10-07 06:20:30,1.17.0,Bandit100,18,4.14,,20,0,100,LeftinTimeOut,Right,47,41,42,2,,,
2025-10-07 06:21:46,1.17.0,Bandit100,18,4.14,,20,0,100,Left,Right,48,41,42,2,,,0.68
2025-10-07 06:21:50,1.17.0,Bandit100,18,4.14,,20,0,100,LeftinTimeOut,Right,48,41,42,2,,,
2025-10-07 09:31:42,1.17.0,Bandit100,18,4.14,,20,0,100,Right,Right,48,42,42,2,,,0.01
2025-10-07 09:31:47,1.17.0,Bandit100,18,4.14,2.0,20,0,100,Pellet,Right,48,42,43,2,2.21,11552.0,
2025-10-07 09:33:09,1.17.0,Bandit100,18,4.14,,20,0,100,Right,Right,48,43,43,3,,,0.08
2025-10-07 09:33:11,1.17.0,Bandit100,18,4.13,1.0,20,0,100,Pellet,Right,48,43,44,3,0.82,84.0,
2025-10-07 09:34:11,1.17.0,Bandit100,18,4.14,,20,0,100,Left,Right,49,43,44,4,,,0.38
2025-10-07 09:34:16,1.17.0,Bandit100,18,4.13,,20,0,100,LeftinTimeOut,Right,49,43,44,4,,,
2025-10-07 09:34:32,1.17.0,Bandit100,18,4.14,,20,0,100,Left,Right,50,43,44,4,,,0.1
2025-10-07 09:35:44,1.17.0,Bandit100,18,4.14,,20,0,100,Right,Right,50,44,44,4,,,0.05
2025-10-07 09:35:45,1.17.0,Bandit100,18,4.13,,20,0,100,RightDuringDispense,Right,50,44,44,4,,,0.07
2025-10-07 09:35:57,1.17.0,Bandit100,18,4.14,2.0,20,0,100,Pellet,Right,50,44,45,4,9.19,166.0,
2025-10-07 09:36:47,1.17.0,Bandit100,18,4.14,,20,0,100,Right,Right,50,45,45,5,,,0.22
2025-10-07 09:36:50,1.17.0,Bandit100,18,4.14,1.0,20,0,100,Pellet,Right,50,45,46,5,2.65,53.0,
2025-10-07 09:39:04,1.17.0,Bandit100,18,4.13,,20,0,100,Right,Right,50,46,46,6,,,0.1
2025-10-07 09:39:06,1.17.0,Bandit100,18,4.13,1.0,20,0,100,Pellet,Right,50,46,47,6,1.2,136.0,
2025-10-07 09:40:14,1.17.0,Bandit100,18,4.13,,20,0,100,Left,Right,51,46,47,7,,,0.44
2025-10-07 09:40:22,1.17.0,Bandit100,18,4.14,,20,0,100,LeftinTimeOut,Right,51,46,47,7,,,
2025-10-07 09:40:22,1.17.0,Bandit100,18,4.14,,20,0,100,LeftinTimeOut,Right,51,46,47,7,,,
2025-10-07 09:40:30,1.17.0,Bandit100,18,4.14,,20,0,100,LeftinTimeOut,Right,51,46,47,7,,,
2025-10-07 09:40:36,1.17.0,Bandit100,18,4.13,,20,0,100,LeftinTimeOut,Right,51,46,47,7,,,
2025-10-07 09:41:38,1.17.0,Bandit100,18,4.13,,20,0,100,Right,Right,51,47,47,7,,,0.14
2025-10-07 09:41:41,1.17.0,Bandit100,18,4.13,1.0,20,0,100,Pellet,Right,51,47,48,7,2.02,155.0,
2025-10-07 09:42:36,1.17.0,Bandit100,18,4.13,,20,0,100,Right,Right,51,48,48,8,,,0.19
2025-10-07 09:42:38,1.17.0,Bandit100,18,4.14,1.0,20,0,100,Pellet,Right,51,48,49,8,1.32,57.0,
2025-10-07 09:44:15,1.17.0,Bandit100,18,4.13,,20,0,100,Right,Right,51,49,49,9,,,0.2
2025-10-07 09:44:17,1.17.0,Bandit100,18,4.14,1.0,20,0,100,Pellet,Right,51,49,50,9,1.19,99.0,
2025-10-07 09:45:24,1.17.0,Bandit100,18,4.13,,20,0,100,Right,Right,51,50,50,10,,,0.21
2025-10-07 09:45:27,1.17.0,Bandit100,18,4.14,1.0,20,0,100,Pellet,Right,51,50,51,10,1.77,70.0,
2025-10-07 09:46:14,1.17.0,Bandit100,18,4.14,,20,0,100,Right,Right,51,51,51,11,,,0.34
2025-10-07 09:46:17,1.17.0,Bandit100,18,4.14,1.0,20,0,100,Pellet,Right,51,51,52,11,2.34,50.0,
2025-10-07 09:49:55,1.17.0,Bandit100,18,4.14,,20,0,100,Right,Right,51,52,52,12,,,0.45
2025-10-07 09:49:57,1.17.0,Bandit100,18,4.13,1.0,20,0,100,Pellet,Right,51,52,53,12,1.07,220.0,
2025-10-07 09:51:58,1.17.0,Bandit100,18,4.13,,20,0,100,Right,Right,51,53,53,13,,,0.25
2025-10-07 09:52:00,1.17.0,Bandit100,18,4.14,1.0,20,0,100,Pellet,Right,51,53,54,13,1.45,123.0,
2025-10-07 10:00:26,1.17.0,Bandit100,18,4.13,,20,0,100,Left,Right,52,53,54,14,,,0.23
2025-10-07 10:00:48,1.17.0,Bandit100,18,4.13,,20,0,100,Left,Right,53,53,54,14,,,0.22
2025-10-07 12:10:50,1.17.0,Bandit100,18,4.13,,20,0,100,Left,Right,54,53,54,14,,,0.42
2025-10-07 12:10:54,1.17.0,Bandit100,18,4.13,,20,0,100,LeftinTimeOut,Right,54,53,54,14,,,
2025-10-07 12:10:54,1.17.0,Bandit100,18,4.12,,20,0,100,LeftinTimeOut,Right,54,53,54,14,,,
2025-10-07 14:08:04,1.17.0,Bandit100,18,4.12,,20,0,100,Left,Right,55,53,54,14,,,0.41
2025-10-07 14:08:09,1.17.0,Bandit100,18,4.12,,20,0,100,LeftinTimeOut,Right,55,53,54,14,,,
2025-10-07 14:08:10,1.17.0,Bandit100,18,4.13,,20,0,100,LeftinTimeOut,Right,55,53,54,14,,,
2025-10-07 14:08:14,1.17.0,Bandit100,18,4.12,,20,0,100,LeftinTimeOut,Right,55,53,54,14,,,
2025-10-07 14:08:39,1.17.0,Bandit100,18,4.12,,20,0,100,Right,Right,55,54,54,14,,,0.14
2025-10-07 14:08:41,1.17.0,Bandit100,18,4.12,1.0,20,0,100,Pellet,Right,55,54,55,14,1.45,15401.0,
2025-10-07 14:09:32,1.17.0,Bandit100,18,4.12,,20,0,100,Right,Right,55,55,55,15,,,0.44
2025-10-07 14:09:34,1.17.0,Bandit100,18,4.12,1.0,20,0,100,Pellet,Right,55,55,56,15,1.64,53.0,
2025-10-07 14:10:42,1.17.0,Bandit100,18,4.12,,20,0,100,Right,Right,55,56,56,16,,,0.27
2025-10-07 14:10:44,1.17.0,Bandit100,18,4.12,1.0,20,0,100,Pellet,Right,55,56,57,16,1.83,70.0,
2025-10-07 14:12:02,1.17.0,Bandit100,18,4.12,,20,0,100,Left,Right,56,56,57,17,,,0.4
2025-10-07 14:12:12,1.17.0,Bandit100,18,4.12,,20,0,100,RightinTimeout,Right,56,56,57,17,,,0.0
2025-10-07 14:12:12,1.17.0,Bandit100,18,4.12,,20,0,100,RightinTimeout,Right,56,56,57,17,,,0.0
2025-10-07 14:12:15,1.17.0,Bandit100,18,4.12,,20,0,100,RightinTimeout,Right,56,56,57,17,,,0.0
2025-10-07 14:12:22,1.17.0,Bandit100,18,4.12,,20,0,100,LeftinTimeOut,Right,56,56,57,17,,,
2025-10-07 14:13:02,1.17.0,Bandit100,18,4.12,,20,0,100,Right,Right,56,57,57,17,,,0.05
2025-10-07 14:13:06,1.17.0,Bandit100,18,4.12,1.0,20,0,100,Pellet,Right,56,57,58,17,3.22,142.0,
2025-10-07 14:14:35,1.17.0,Bandit100,18,4.12,,20,0,100,Right,Right,56,58,58,18,,,0.08
2025-10-07 14:14:37,1.17.0,Bandit100,18,4.12,1.0,20,0,100,Pellet,Right,56,58,59,18,1.26,91.0,
2025-10-07 14:15:14,1.17.0,Bandit100,18,4.12,,20,0,100,Right,Right,56,59,59,19,,,0.3
2025-10-07 14:15:18,1.17.0,Bandit100,18,4.12,2.0,20,0,100,Pellet,Right,56,59,60,19,1.13,41.0,
2025-10-07 14:16:15,1.17.0,Bandit100,18,4.12,,20,100,0,Right,Left,56,60,60,0,,,0.26
2025-10-07 14:16:19,1.17.0,Bandit100,18,4.12,,20,100,0,RightinTimeout,Left,56,60,60,0,,,0.0
2025-10-07 14:16:20,1.17.0,Bandit100,18,4.12,,20,100,0,RightinTimeout,Left,56,60,60,0,,,0.0
2025-10-07 14:16:27,1.17.0,Bandit100,18,4.12,,20,100,0,RightinTimeout,Left,56,60,60,0,,,0.0
2025-10-07 14:16:43,1.17.0,Bandit100,18,4.12,,20,100,0,Right,Left,56,61,60,0,,,0.04
2025-10-07 14:16:46,1.17.0,Bandit100,18,4.12,,20,100,0,RightinTimeout,Left,56,61,60,0,,,0.0
2025-10-07 14:18:22,1.17.0,Bandit100,18,4.12,,20,100,0,Right,Left,56,62,60,0,,,0.08
2025-10-07 14:18:25,1.17.0,Bandit100,18,4.12,,20,100,0,RightinTimeout,Left,56,62,60,0,,,0.0
2025-10-07 14:18:27,1.17.0,Bandit100,18,4.12,,20,100,0,RightinTimeout,Left,56,62,60,0,,,0.0
2025-10-07 14:18:30,1.17.0,Bandit100,18,4.12,,20,100,0,RightinTimeout,Left,56,62,60,0,,,0.0
2025-10-07 14:26:17,1.17.0,Bandit100,18,4.12,,20,100,0,Right,Left,56,63,60,0,,,0.6
2025-10-07 14:26:28,1.17.0,Bandit100,18,4.12,,20,100,0,Left,Left,57,63,60,0,,,0.52
2025-10-07 14:28:05,1.17.0,Bandit100,18,4.12,3.0,20,100,0,Pellet,Left,57,63,61,0,,767.0,
2025-10-07 14:28:30,1.17.0,Bandit100,18,4.12,,20,100,0,Right,Left,57,64,61,1,,,0.09
2025-10-07 14:34:19,1.17.0,Bandit100,18,4.12,,20,100,0,Right,Left,57,65,61,1,,,0.56
2025-10-07 14:35:02,1.17.0,Bandit100,18,4.12,,20,100,0,Right,Left,57,66,61,1,,,0.62
2025-10-07 14:35:03,1.17.0,Bandit100,18,4.12,,20,100,0,RightinTimeout,Left,57,66,61,1,,,0.0
2025-10-07 14:35:04,1.17.0,Bandit100,18,4.12,,20,100,0,RightinTimeout,Left,57,66,61,1,,,0.0
2025-10-07 14:38:43,1.17.0,Bandit100,18,4.12,,20,100,0,Left,Left,58,66,61,1,,,0.27
2025-10-07 14:39:10,1.17.0,Bandit100,18,4.12,2.0,20,100,0,Pellet,Left,58,66,62,1,25.35,665.0,
2025-10-07 14:39:44,1.17.0,Bandit100,18,4.12,,20,100,0,Left,Left,59,66,62,2,,,0.11
2025-10-07 14:39:48,1.17.0,Bandit100,18,4.12,2.0,20,100,0,Pellet,Left,59,66,63,2,0.63,38.0,
2025-10-07 14:40:05,1.17.0,Bandit100,18,4.12,,20,100,0,Right,Left,59,67,63,3,,,0.11
2025-10-07 14:40:31,1.17.0,Bandit100,18,4.12,,20,100,0,Right,Left,59,68,63,3,,,0.15
2025-10-07 14:53:55,1.17.0,Bandit100,18,4.12,,20,100,0,Left,Left,60,68,63,3,,,0.26
2025-10-07 14:53:57,1.17.0,Bandit100,18,4.12,1.0,20,100,0,Pellet,Left,60,68,64,3,1.45,849.0,
2025-10-07 14:56:34,1.17.0,Bandit100,18,4.12,,20,100,0,Left,Left,61,68,64,4,,,0.29
2025-10-07 14:56:55,1.17.0,Bandit100,18,4.12,3.0,20,100,0,Pellet,Left,61,68,65,4,16.05,178.0,
2025-10-07 14:57:29,1.17.0,Bandit100,18,4.12,,20,100,0,Left,Left,62,68,65,5,,,0.32
2025-10-07 14:57:35,1.17.0,Bandit100,18,4.12,2.0,20,100,0,Pellet,Left,62,68,66,5,2.85,40.0,
2025-10-07 14:58:42,1.17.0,Bandit100,18,4.12,,20,100,0,Right,Left,62,69,66,6,,,0.07
2025-10-07 14:58:52,1.17.0,Bandit100,18,4.12,,20,100,0,LeftinTimeOut,Left,62,69,66,6,,,
2025-10-07 14:58:55,1.17.0,Bandit100,18,4.12,,20,100,0,LeftinTimeOut,Left,62,69,66,6,,,
2025-10-07 16:47:56,1.17.0,Bandit100,18,4.12,,20,100,0,Left,Left,63,69,66,6,,,0.34
2025-10-07 16:48:03,1.17.0,Bandit100,18,4.11,1.0,20,100,0,Pellet,Left,63,69,67,6,5.89,6628.0,
2025-10-07 16:48:17,1.17.0,Bandit100,18,4.12,,20,100,0,Right,Left,63,70,67,7,,,0.07
2025-10-07 16:48:20,1.17.0,Bandit100,18,4.12,,20,100,0,RightinTimeout,Left,63,70,67,7,,,0.0
2025-10-07 16:48:25,1.17.0,Bandit100,18,4.12,,20,100,0,LeftinTimeOut,Left,63,70,67,7,,,
2025-10-07 16:56:34,1.17.0,Bandit100,18,4.11,,20,100,0,Left,Left,64,70,67,7,,,0.27
2025-10-07 16:56:43,1.17.0,Bandit100,18,4.11,2.0,20,100,0,Pellet,Left,64,70,68,7,6.78,520.0,
2025-10-07 16:57:42,1.17.0,Bandit100,18,4.12,,20,100,0,Left,Left,65,70,68,8,,,0.37
2025-10-07 16:57:46,1.17.0,Bandit100,18,4.12,1.0,20,100,0,Pellet,Left,65,70,69,8,4.18,63.0,
2025-10-07 16:58:34,1.17.0,Bandit100,18,4.12,,20,100,0,Right,Left,65,71,69,9,,,0.27
2025-10-07 17:00:24,1.17.0,Bandit100,18,4.11,,20,100,0,Right,Left,65,72,69,9,,,0.15
2025-10-07 17:00:29,1.17.0,Bandit100,18,4.12,,20,100,0,LeftinTimeOut,Left,65,72,69,9,,,
2025-10-07 17:00:37,1.17.0,Bandit100,18,4.11,,20,100,0,LeftinTimeOut,Left,65,72,69,9,,,
2025-10-07 17:01:52,1.17.0,Bandit100,18,4.12,,20,100,0,Right,Left,65,73,69,9,,,0.05
2025-10-07 17:08:40,1.17.0,Bandit100,18,4.11,,20,100,0,Left,Left,66,73,69,9,,,0.31
2025-10-07 17:08:44,1.17.0,Bandit100,18,4.11,,20,100,0,LeftWithPellet,Left,66,73,69,9,,,0.1
2025-10-07 17:08:45,1.17.0,Bandit100,18,4.12,2.0,20,100,0,Pellet,Left,66,73,70,9,2.39,659.0,
2025-10-07 17:10:11,1.17.0,Bandit100,18,4.12,,20,100,0,Left,Left,67,73,70,10,,,0.18
2025-10-07 17:10:13,1.17.0,Bandit100,18,4.12,2.0,20,100,0,Pellet,Left,67,73,71,10,1.83,88.0,
2025-10-07 17:12:04,1.17.0,Bandit100,18,4.12,,20,100,0,Left,Left,68,73,71,11,,,0.27
2025-10-07 17:12:07,1.17.0,Bandit100,18,4.12,1.0,20,100,0,Pellet,Left,68,73,72,11,1.77,114.0,
2025-10-07 17:14:19,1.17.0,Bandit100,18,4.12,,20,100,0,Left,Left,69,73,72,12,,,0.23
2025-10-07 17:14:23,1.17.0,Bandit100,18,4.12,1.0,20,100,0,Pellet,Left,69,73,73,12,3.16,136.0,
2025-10-07 17:15:14,1.17.0,Bandit100,18,4.12,,20,100,0,Right,Left,69,74,73,13,,,0.02
2025-10-07 17:15:48,1.17.0,Bandit100,18,4.12,,20,100,0,Right,Left,69,75,73,13,,,0.02
2025-10-07 17:16:38,1.17.0,Bandit100,18,4.12,,20,100,0,Left,Left,70,75,73,13,,,0.07
2025-10-07 17:16:44,1.17.0,Bandit100,18,4.12,,20,100,0,LeftWithPellet,Left,70,75,73,13,,,0.16
2025-10-07 17:16:45,1.17.0,Bandit100,18,4.12,2.0,20,100,0,Pellet,Left,70,75,74,13,4.23,142.0,
2025-10-07 18:01:04,1.17.0,Bandit100,18,4.12,,20,100,0,Left,Left,71,75,74,14,,,0.5
2025-10-07 18:01:06,1.17.0,Bandit100,18,4.12,1.0,20,100,0,Pellet,Left,71,75,75,14,1.26,2661.0,
2025-10-07 18:01:31,1.17.0,Bandit100,18,4.11,,20,100,0,Left,Left,72,75,75,15,,,0.26
2025-10-07 18:01:33,1.17.0,Bandit100,18,4.11,1.0,20,100,0,Pellet,Left,72,75,76,15,1.07,27.0,
2025-10-07 18:01:52,1.17.0,Bandit100,18,4.12,,20,100,0,Left,Left,73,75,76,16,,,0.31
2025-10-07 18:01:53,1.17.0,Bandit100,18,4.12,2.0,20,100,0,Pellet,Left,73,75,77,16,0.56,20.0,
2025-10-07 18:02:09,1.17.0,Bandit100,18,4.11,,20,100,0,Left,Left,74,75,77,17,,,0.17
2025-10-07 18:02:11,1.17.0,Bandit100,18,4.12,1.0,20,100,0,Pellet,Left,74,75,78,17,0.94,18.0,
2025-10-07 18:02:25,1.17.0,Bandit100,18,4.11,,20,100,0,Left,Left,75,75,78,18,,,0.41
2025-10-07 18:02:30,1.17.0,Bandit100,18,4.12,1.0,20,100,0,Pellet,Left,75,75,79,18,4.24,19.0,
2025-10-07 18:03:28,1.17.0,Bandit100,18,4.12,,20,100,0,Right,Left,75,76,79,19,,,0.61
2025-10-07 18:03:31,1.17.0,Bandit100,18,4.12,,20,100,0,LeftinTimeOut,Left,75,76,79,19,,,
2025-10-07 18:09:25,1.17.0,Bandit100,18,4.12,,20,100,0,Left,Left,76,76,79,19,,,0.21
2025-10-07 18:10:55,1.17.0,Bandit100,18,4.11,1.0,20,100,0,Pellet,Left,76,76,80,19,,505.0,
2025-10-07 18:12:24,1.17.0,Bandit100,18,4.11,,20,0,100,Left,Right,77,76,80,0,,,0.22
2025-10-07 18:19:20,1.17.0,Bandit100,18,4.12,,20,0,100,Right,Right,77,77,80,0,,,0.06
2025-10-07 18:23:02,1.17.0,Bandit100,18,4.11,1.0,20,0,100,Pellet,Right,77,77,81,0,,727.0,
2025-10-07 18:27:10,1.17.0,Bandit100,18,4.12,,20,0,100,Right,Right,77,78,81,1,,,0.57
2025-10-07 18:27:13,1.17.0,Bandit100,18,4.11,,20,0,100,RightWithPellet,Right,77,79,81,1,,,0.13
2025-10-07 18:27:15,1.17.0,Bandit100,18,4.12,,20,0,100,RightWithPellet,Right,77,80,81,1,,,0.02
2025-10-07 18:37:25,1.17.0,Bandit100,18,4.11,1.0,20,0,100,Pellet,Right,77,80,82,1,,863.0,
2025-10-07 18:37:40,1.17.0,Bandit100,18,4.11,,20,0,100,Left,Right,78,80,82,2,,,0.32
2025-10-07 18:39:39,1.17.0,Bandit100,18,4.11,,20,0,100,Left,Right,79,80,82,2,,,0.12
2025-10-07 18:51:55,1.17.0,Bandit100,18,4.11,,20,0,100,Right,Right,79,81,82,2,,,0.08
2025-10-07 18:51:59,1.17.0,Bandit100,18,4.11,2.0,20,0,100,Pellet,Right,79,81,83,2,2.65,874.0,
2025-10-07 18:52:32,1.17.0,Bandit100,18,4.11,,20,0,100,Right,Right,79,82,83,3,,,0.24
2025-10-07 18:52:35,1.17.0,Bandit100,18,4.11,1.0,20,0,100,Pellet,Right,79,82,84,3,1.83,36.0,
2025-10-07 18:56:11,1.17.0,Bandit100,18,4.11,,20,0,100,Right,Right,79,83,84,4,,,0.09
2025-10-07 18:56:17,1.17.0,Bandit100,18,4.11,1.0,20,0,100,Pellet,Right,79,83,85,4,4.75,222.0,
2025-10-07 19:06:11,1.17.0,Bandit100,18,4.11,,20,0,100,Right,Right,79,84,85,5,,,0.1
2025-10-07 19:06:24,1.17.0,Bandit100,18,4.11,,20,0,100,LeftWithPellet,Right,79,84,85,5,,,0.14
2025-10-07 19:06:27,1.17.0,Bandit100,18,4.11,1.0,20,0,100,Pellet,Right,79,84,86,5,14.82,609.0,
2025-10-07 19:12:09,1.17.0,Bandit100,18,4.11,,20,0,100,Left,Right,80,84,86,6,,,0.16
2025-10-07 19:16:12,1.17.0,Bandit100,18,4.11,,20,0,100,Left,Right,81,84,86,6,,,0.62
2025-10-07 19:16:14,1.17.0,Bandit100,18,4.11,,20,0,100,LeftinTimeOut,Right,81,84,86,6,,,
2025-10-07 19:16:18,1.17.0,Bandit100,18,4.11,,20,0,100,RightinTimeout,Right,81,84,86,6,,,0.0
2025-10-07 19:16:18,1.17.0,Bandit100,18,4.11,,20,0,100,RightinTimeout,Right,81,84,86,6,,,0.0
2025-10-07 19:16:19,1.17.0,Bandit100,18,4.11,,20,0,100,RightinTimeout,Right,81,84,86,6,,,0.0
2025-10-07 19:16:21,1.17.0,Bandit100,18,4.12,,20,0,100,RightinTimeout,Right,81,84,86,6,,,0.0
2025-10-07 19:16:30,1.17.0,Bandit100,18,4.11,,20,0,100,LeftinTimeOut,Right,81,84,86,6,,,
2025-10-07 19:16:32,1.17.0,Bandit100,18,4.11,,20,0,100,LeftinTimeOut,Right,81,84,86,6,,,
2025-10-07 19:22:40,1.17.0,Bandit100,18,4.11,,20,0,100,Right,Right,81,85,86,6,,,0.29
2025-10-07 19:22:46,1.17.0,Bandit100,18,4.11,1.0,20,0,100,Pellet,Right,81,85,87,6,4.87,980.0,
2025-10-07 19:23:16,1.17.0,Bandit100,18,4.11,,20,0,100,Right,Right,81,86,87,7,,,0.04
2025-10-07 19:23:17,1.17.0,Bandit100,18,4.11,1.0,20,0,100,Pellet,Right,81,86,88,7,0.88,31.0,
2025-10-07 19:23:56,1.17.0,Bandit100,18,4.11,,20,0,100,Right,Right,81,87,88,8,,,0.04
2025-10-07 19:23:58,1.17.0,Bandit100,18,4.11,1.0,20,0,100,Pellet,Right,81,87,89,8,0.63,41.0,
2025-10-07 19:24:35,1.17.0,Bandit100,18,4.12,,20,0,100,Right,Right,81,88,89,9,,,0.16
2025-10-07 19:24:37,1.17.0,Bandit100,18,4.11,1.0,20,0,100,Pellet,Right,81,88,90,9,1.07,39.0,
2025-10-07 19:25:19,1.17.0,Bandit100,18,4.11,,20,0,100,Right,Right,81,89,90,10,,,0.03
2025-10-07 19:25:20,1.17.0,Bandit100,18,4.11,1.0,20,0,100,Pellet,Right,81,89,91,10,0.82,43.0,
2025-10-07 19:25:49,1.17.0,Bandit100,18,4.11,,20,0,100,Right,Right,81,90,91,11,,,0.05
2025-10-07 19:25:51,1.17.0,Bandit100,18,4.11,1.0,20,0,100,Pellet,Right,81,90,92,11,1.01,31.0,
2025-10-07 19:26:28,1.17.0,Bandit100,18,4.12,,20,0,100,Right,Right,81,91,92,12,,,0.04
2025-10-07 19:26:30,1.17.0,Bandit100,18,4.11,1.0,20,0,100,Pellet,Right,81,91,93,12,0.94,39.0,
2025-10-07 19:26:56,1.17.0,Bandit100,18,4.11,,20,0,100,Right,Right,81,92,93,13,,,0.02
2025-10-07 19:26:58,1.17.0,Bandit100,18,4.11,1.0,20,0,100,Pellet,Right,81,92,94,13,1.2,28.0,
2025-10-07 19:27:39,1.17.0,Bandit100,18,4.11,,20,0,100,Left,Right,82,92,94,14,,,0.47
2025-10-07 19:27:39,1.17.0,Bandit100,18,4.11,,20,0,100,LeftinTimeOut,Right,82,92,94,14,,,
2025-10-07 19:32:55,1.17.0,Bandit100,18,4.11,,20,0,100,Right,Right,82,93,94,14,,,0.1
2025-10-07 19:33:30,1.17.0,Bandit100,18,4.11,1.0,20,0,100,Pellet,Right,82,93,95,14,34.4,392.0,
2025-10-07 19:35:50,1.17.0,Bandit100,18,4.12,,20,0,100,Right,Right,82,94,95,15,,,0.1
2025-10-07 19:38:39,1.17.0,Bandit100,18,4.11,1.0,20,0,100,Pellet,Right,82,94,96,15,,309.0,
2025-10-07 19:50:57,1.17.0,Bandit100,18,4.11,,20,0,100,Right,Right,82,95,96,16,,,0.02
2025-10-07 19:51:00,1.17.0,Bandit100,18,4.11,1.0,20,0,100,Pellet,Right,82,95,97,16,1.89,741.0,
2025-10-07 19:51:36,1.17.0,Bandit100,18,4.11,,20,0,100,Right,Right,82,96,97,17,,,0.38
2025-10-07 19:51:39,1.17.0,Bandit100,18,4.11,1.0,20,0,100,Pellet,Right,82,96,98,17,2.46,39.0,
2025-10-07 19:52:30,1.17.0,Bandit100,18,4.11,,20,0,100,Right,Right,82,97,98,18,,,0.02
2025-10-07 19:52:32,1.17.0,Bandit100,18,4.11,,20,0,100,RightWithPellet,Right,82,98,98,18,,,0.12
2025-10-07 19:52:36,1.17.0,Bandit100,18,4.11,1.0,20,0,100,Pellet,Right,82,98,99,18,4.9,57.0,
2025-10-07 19:53:09,1.17.0,Bandit100,18,4.11,,20,0,100,Right,Right,82,99,99,19,,,0.19
2025-10-07 19:53:10,1.17.0,Bandit100,18,4.11,1.0,20,0,100,Pellet,Right,82,99,100,19,0.88,34.0,
2025-10-07 19:53:41,1.17.0,Bandit100,18,4.11,,20,100,0,Right,Left,82,100,100,0,,,0.25
2025-10-07 19:53:53,1.17.0,Bandit100,18,4.11,,20,100,0,Right,Left,82,101,100,0,,,0.34
2025-10-07 19:53:54,1.17.0,Bandit100,18,4.11,,20,100,0,RightinTimeout,Left,82,101,100,0,,,0.0
2025-10-07 19:53:58,1.17.0,Bandit100,18,4.11,,20,100,0,LeftinTimeOut,Left,82,101,100,0,,,
2025-10-07 19:54:02,1.17.0,Bandit100,18,4.11,,20,100,0,RightinTimeout,Left,82,101,100,0,,,0.0
2025-10-07 19:54:04,1.17.0,Bandit100,18,4.11,,20,100,0,RightinTimeout,Left,82,101,100,0,,,0.0
2025-10-07 19:54:04,1.17.0,Bandit100,18,4.11,,20,100,0,RightinTimeout,Left,82,101,100,0,,,0.0
2025-10-07 19:54:05,1.17.0,Bandit100,18,4.11,,20,100,0,RightinTimeout,Left,82,101,100,0,,,0.0
2025-10-07 19:54:06,1.17.0,Bandit100,18,4.11,,20,100,0,RightinTimeout,Left,82,101,100,0,,,0.0
2025-10-07 19:54:06,1.17.0,Bandit100,18,4.11,,20,100,0,RightinTimeout,Left,82,101,100,0,,,0.0
2025-10-07 19:54:06,1.17.0,Bandit100,18,4.11,,20,100,0,RightinTimeout,Left,82,101,100,0,,,0.0
2025-10-07 19:54:08,1.17.0,Bandit100,18,4.11,,20,100,0,RightinTimeout,Left,82,101,100,0,,,0.0
2025-10-07 19:54:08,1.17.0,Bandit100,18,4.11,,20,100,0,RightinTimeout,Left,82,101,100,0,,,0.0
2025-10-07 19:54:09,1.17.0,Bandit100,18,4.11,,20,100,0,RightinTimeout,Left,82,101,100,0,,,0.0
2025-10-07 20:02:08,1.17.0,Bandit100,18,4.11,,20,100,0,Left,Left,83,101,100,0,,,0.04
2025-10-07 20:14:41,1.17.0,Bandit100,18,4.11,,20,100,0,LeftWithPellet,Left,83,101,100,0,,,0.17
2025-10-07 20:16:56,1.17.0,Bandit100,18,4.11,1.0,20,100,0,Pellet,Left,83,101,101,0,,1426.0,
2025-10-07 20:20:44,1.17.0,Bandit100,18,4.11,,20,100,0,Right,Left,83,102,101,1,,,0.15
2025-10-07 20:29:05,1.17.0,Bandit100,18,4.11,,20,100,0,Left,Left,84,102,101,1,,,0.07
2025-10-07 20:29:31,1.17.0,Bandit100,18,4.11,1.0,20,100,0,Pellet,Left,84,102,102,1,24.71,755.0,
2025-10-07 20:30:05,1.17.0,Bandit100,18,4.11,,20,100,0,Right,Left,84,103,102,2,,,0.15
2025-10-07 20:30:08,1.17.0,Bandit100,18,4.11,,20,100,0,RightinTimeout,Left,84,103,102,2,,,0.0
2025-10-07 21:46:34,1.17.0,Bandit100,18,4.11,,20,100,0,Left,Left,85,103,102,2,,,0.35
2025-10-07 21:46:35,1.17.0,Bandit100,18,4.11,1.0,20,100,0,Pellet,Left,85,103,103,2,0.88,4624.0,
2025-10-07 21:47:15,1.17.0,Bandit100,18,4.11,,20,100,0,Left,Left,86,103,103,3,,,0.36
2025-10-07 21:47:17,1.17.0,Bandit100,18,4.11,1.0,20,100,0,Pellet,Left,86,103,104,3,1.2,42.0,
2025-10-07 21:47:40,1.17.0,Bandit100,18,4.11,,20,100,0,Left,Left,87,103,104,4,,,0.03
2025-10-07 21:47:42,1.17.0,Bandit100,18,4.11,1.0,20,100,0,Pellet,Left,87,103,105,4,0.82,25.0,
2025-10-07 21:48:28,1.17.0,Bandit100,18,4.11,,20,100,0,Left,Left,88,103,105,5,,,0.21
2025-10-07 21:48:32,1.17.0,Bandit100,18,4.11,,20,100,0,LeftWithPellet,Left,88,103,105,5,,,0.1
2025-10-07 21:48:33,1.17.0,Bandit100,18,4.11,2.0,20,100,0,Pellet,Left,88,103,106,5,1.32,50.0,
2025-10-07 21:49:03,1.17.0,Bandit100,18,4.11,,20,100,0,Left,Left,89,103,106,6,,,0.22
2025-10-07 21:49:05,1.17.0,Bandit100,18,4.11,,20,100,0,LeftWithPellet,Left,89,103,106,6,,,0.24
2025-10-07 21:49:06,1.17.0,Bandit100,18,4.11,1.0,20,100,0,Pellet,Left,89,103,107,6,2.41,34.0,
2025-10-07 21:51:08,1.17.0,Bandit100,18,4.11,,20,100,0,Left,Left,90,103,107,7,,,0.24
2025-10-07 21:51:10,1.17.0,Bandit100,18,4.11,1.0,20,100,0,Pellet,Left,90,103,108,7,1.77,124.0,
2025-10-07 21:51:47,1.17.0,Bandit100,18,4.11,,20,100,0,Left,Left,91,103,108,8,,,0.15
2025-10-07 21:51:49,1.17.0,Bandit100,18,4.1,1.0,20,100,0,Pellet,Left,91,103,109,8,1.2,39.0,
2025-10-07 21:53:43,1.17.0,Bandit100,18,4.11,,20,100,0,Left,Left,92,103,109,9,,,0.23
2025-10-07 21:53:47,1.17.0,Bandit100,18,4.1,1.0,20,100,0,Pellet,Left,92,103,110,9,2.53,118.0,
2025-10-07 21:57:13,1.17.0,Bandit100,18,4.11,,20,100,0,Right,Left,92,104,110,10,,,0.23
2025-10-07 21:57:14,1.17.0,Bandit100,18,4.11,,20,100,0,RightinTimeout,Left,92,104,110,10,,,0.0
2025-10-07 21:59:55,1.17.0,Bandit100,18,4.11,,20,100,0,Right,Left,92,105,110,10,,,0.0
2025-10-07 21:59:56,1.17.0,Bandit100,18,4.11,,20,100,0,RightinTimeout,Left,92,105,110,10,,,0.0
2025-10-07 21:59:59,1.17.0,Bandit100,18,4.11,,20,100,0,LeftinTimeOut,Left,92,105,110,10,,,
2025-10-07 22:04:51,1.17.0,Bandit100,18,4.11,,20,100,0,Right,Left,92,106,110,10,,,0.0
2025-10-07 22:04:53,1.17.0,Bandit100,18,4.11,,20,100,0,RightinTimeout,Left,92,106,110,10,,,0.0
2025-10-07 22:04:58,1.17.0,Bandit100,18,4.11,,20,100,0,LeftinTimeOut,Left,92,106,110,10,,,
2025-10-07 22:04:58,1.17.0,Bandit100,18,4.11,,20,100,0,LeftinTimeOut,Left,92,106,110,10,,,
2025-10-07 22:04:59,1.17.0,Bandit100,18,4.11,,20,100,0,LeftinTimeOut,Left,92,106,110,10,,,
2025-10-07 22:05:06,1.17.0,Bandit100,18,4.11,,20,100,0,RightinTimeout,Left,92,106,110,10,,,0.0
2025-10-07 22:05:06,1.17.0,Bandit100,18,4.11,,20,100,0,RightinTimeout,Left,92,106,110,10,,,0.0
2025-10-07 22:05:07,1.17.0,Bandit100,18,4.11,,20,100,0,RightinTimeout,Left,92,106,110,10,,,0.0
2025-10-07 22:06:27,1.17.0,Bandit100,18,4.11,,20,100,0,Right,Left,92,107,110,10,,,0.13
2025-10-07 22:06:29,1.17.0,Bandit100,18,4.11,,20,100,0,RightinTimeout,Left,92,107,110,10,,,0.0
2025-10-07 22:06:29,1.17.0,Bandit100,18,4.11,,20,100,0,RightinTimeout,Left,92,107,110,10,,,0.0
2025-10-07 22:06:30,1.17.0,Bandit100,18,4.1,,20,100,0,RightinTimeout,Left,92,107,110,10,,,0.0
2025-10-07 22:06:31,1.17.0,Bandit100,18,4.11,,20,100,0,RightinTimeout,Left,92,107,110,10,,,0.0
2025-10-07 22:06:33,1.17.0,Bandit100,18,4.11,,20,100,0,RightinTimeout,Left,92,107,110,10,,,0.0
2025-10-07 22:06:36,1.17.0,Bandit100,18,4.11,,20,100,0,LeftinTimeOut,Left,92,107,110,10,,,
2025-10-07 22:23:59,1.17.0,Bandit100,18,4.11,,20,100,0,Right,Left,92,108,110,10,,,0.24
2025-10-07 22:27:45,1.17.0,Bandit100,18,4.11,,20,100,0,Right,Left,92,109,110,10,,,0.32
2025-10-07 22:31:48,1.17.0,Bandit100,18,4.11,,20,100,0,Right,Left,92,110,110,10,,,0.57
2025-10-07 22:31:53,1.17.0,Bandit100,18,4.11,,20,100,0,RightinTimeout,Left,92,110,110,10,,,0.0
2025-10-07 22:32:01,1.17.0,Bandit100,18,4.11,,20,100,0,LeftinTimeOut,Left,92,110,110,10,,,
2025-10-07 22:32:07,1.17.0,Bandit100,18,4.11,,20,100,0,LeftinTimeOut,Left,92,110,110,10,,,
2025-10-07 22:32:07,1.17.0,Bandit100,18,4.11,,20,100,0,LeftinTimeOut,Left,92,110,110,10,,,
2025-10-07 22:32:12,1.17.0,Bandit100,18,4.11,,20,100,0,LeftinTimeOut,Left,92,110,110,10,,,
2025-10-07 22:41:42,1.17.0,Bandit100,18,4.11,,20,100,0,Right,Left,92,111,110,10,,,0.13
2025-10-07 22:41:46,1.17.0,Bandit100,18,4.11,,20,100,0,LeftinTimeOut,Left,92,111,110,10,,,
2025-10-07 22:47:58,1.17.0,Bandit100,18,4.11,,20,100,0,Left,Left,93,111,110,10,,,0.95
2025-10-07 22:48:03,1.17.0,Bandit100,18,4.11,2.0,20,100,0,Pellet,Left,93,111,111,10,2.53,3256.0,
2025-10-07 22:48:26,1.17.0,Bandit100,18,4.11,,20,100,0,Left,Left,94,111,111,11,,,0.56
2025-10-07 22:48:28,1.17.0,Bandit100,18,4.11,1.0,20,100,0,Pellet,Left,94,111,112,11,0.63,25.0,
2025-10-07 22:48:52,1.17.0,Bandit100,18,4.11,,20,100,0,Left,Left,95,111,112,12,,,0.33
2025-10-07 22:48:53,1.17.0,Bandit100,18,4.11,1.0,20,100,0,Pellet,Left,95,111,113,12,0.5,25.0,
2025-10-07 22:49:22,1.17.0,Bandit100,18,4.11,,20,100,0,Left,Left,96,111,113,13,,,0.36
2025-10-07 22:49:23,1.17.0,Bandit100,18,4.1,1.0,20,100,0,Pellet,Left,96,111,114,13,0.63,30.0,
2025-10-07 22:49:48,1.17.0,Bandit100,18,4.11,,20,100,0,Left,Left,97,111,114,14,,,0.0
2025-10-07 22:49:49,1.17.0,Bandit100,18,4.11,1.0,20,100,0,Pellet,Left,97,111,115,14,0.37,26.0,
2025-10-07 22:50:12,1.17.0,Bandit100,18,4.1,,20,100,0,Left,Left,98,111,115,15,,,0.17
2025-10-07 22:50:13,1.17.0,Bandit100,18,4.11,1.0,20,100,0,Pellet,Left,98,111,116,15,0.5,24.0,
2025-10-07 22:50:34,1.17.0,Bandit100,18,4.1,,20,100,0,Left,Left,99,111,116,16,,,0.18
2025-10-07 22:50:35,1.17.0,Bandit100,18,4.11,1.0,20,100,0,Pellet,Left,99,111,117,16,1.01,22.0,
2025-10-07 22:50:52,1.17.0,Bandit100,18,4.11,,20,100,0,Left,Left,100,111,117,17,,,0.35
2025-10-07 22:50:55,1.17.0,Bandit100,18,4.11,,20,100,0,LeftWithPellet,Left,100,111,117,17,,,0.18
2025-10-07 22:50:56,1.17.0,Bandit100,18,4.1,2.0,20,100,0,Pellet,Left,100,111,118,17,1.72,21.0,
2025-10-07 22:51:12,1.17.0,Bandit100,18,4.1,,20,100,0,Left,Left,101,111,118,18,,,0.38
2025-10-07 22:51:14,1.17.0,Bandit100,18,4.11,1.0,20,100,0,Pellet,Left,101,111,119,18,0.5,18.0,
2025-10-07 22:51:30,1.17.0,Bandit100,18,4.11,,20,100,0,Left,Left,102,111,119,19,,,0.28
2025-10-07 22:51:32,1.17.0,Bandit100,18,4.11,1.0,20,100,0,Pellet,Left,102,111,120,19,1.89,18.0,
2025-10-07 22:51:57,1.17.0,Bandit100,18,4.11,,20,0,100,Left,Right,103,111,120,0,,,0.4
2025-10-07 22:51:59,1.17.0,Bandit100,18,4.11,,20,0,100,LeftinTimeOut,Right,103,111,120,0,,,
2025-10-07 22:52:02,1.17.0,Bandit100,18,4.11,,20,0,100,LeftinTimeOut,Right,103,111,120,0,,,
2025-10-07 22:52:07,1.17.0,Bandit100,18,4.11,,20,0,100,LeftinTimeOut,Right,103,111,120,0,,,
2025-10-07 22:52:11,1.17.0,Bandit100,18,4.11,,20,0,100,LeftinTimeOut,Right,103,111,120,0,,,
2025-10-07 22:52:17,1.17.0,Bandit100,18,4.11,,20,0,100,LeftinTimeOut,Right,103,111,120,0,,,
2025-10-07 22:59:56,1.17.0,Bandit100,18,4.1,,20,0,100,Right,Right,103,112,120,0,,,16.14
2025-10-07 23:00:05,1.17.0,Bandit100,18,4.11,1.0,20,0,100,Pellet,Right,103,112,121,0,8.94,513.0,
2025-10-07 23:00:47,1.17.0,Bandit100,18,4.1,,20,0,100,Left,Right,104,112,121,1,,,0.58
2025-10-07 23:00:51,1.17.0,Bandit100,18,4.11,,20,0,100,LeftinTimeOut,Right,104,112,121,1,,,
2025-10-07 23:00:57,1.17.0,Bandit100,18,4.1,,20,0,100,RightinTimeout,Right,104,112,121,1,,,0.0
2025-10-07 23:00:58,1.17.0,Bandit100,18,4.1,,20,0,100,RightinTimeout,Right,104,112,121,1,,,0.0
2025-10-07 23:01:14,1.17.0,Bandit100,18,4.11,,20,0,100,Left,Right,105,112,121,1,,,0.51
2025-10-07 23:01:16,1.17.0,Bandit100,18,4.11,,20,0,100,LeftinTimeOut,Right,105,112,121,1,,,
2025-10-07 23:01:19,1.17.0,Bandit100,18,4.11,,20,0,100,LeftinTimeOut,Right,105,112,121,1,,,
2025-10-07 23:03:18,1.17.0,Bandit100,18,4.1,,20,0,100,Left,Right,106,112,121,1,,,0.07
2025-10-08 00:54:42,1.17.0,Bandit100,18,4.1,,20,0,100,Left,Right,107,112,121,1,,,0.0
2025-10-08 00:54:45,1.17.0,Bandit100,18,4.1,,20,0,100,LeftinTimeOut,Right,107,112,121,1,,,
2025-10-08 00:54:50,1.17.0,Bandit100,18,4.1,,20,0,100,LeftinTimeOut,Right,107,112,121,1,,,
2025-10-08 01:09:26,1.17.0,Bandit100,18,4.1,,20,0,100,Left,Right,108,112,121,1,,,0.32
2025-10-08 01:09:29,1.17.0,Bandit100,18,4.09,,20,0,100,LeftinTimeOut,Right,108,112,121,1,,,
2025-10-08 01:09:32,1.17.0,Bandit100,18,4.09,,20,0,100,LeftinTimeOut,Right,108,112,121,1,,,
2025-10-08 01:26:51,1.17.0,Bandit100,18,4.1,,20,0,100,Right,Right,108,113,121,1,,,0.23
2025-10-08 01:26:56,1.17.0,Bandit100,18,4.1,1.0,20,0,100,Pellet,Right,108,113,122,1,4.18,8811.0,
2025-10-08 01:28:14,1.17.0,Bandit100,18,4.1,,20,0,100,Left,Right,109,113,122,2,,,0.37
2025-10-08 01:41:01,1.17.0,Bandit100,18,4.1,,20,0,100,Left,Right,110,113,122,2,,,0.45
2025-10-08 01:43:43,1.17.0,Bandit100,18,4.09,,20,0,100,Left,Right,111,113,122,2,,,0.05
2025-10-08 01:47:06,1.17.0,Bandit100,18,4.09,,20,0,100,Left,Right,112,113,122,2,,,0.27
2025-10-08 01:47:22,1.17.0,Bandit100,18,4.1,,20,0,100,Left,Right,113,113,122,2,,,0.05
2025-10-08 01:47:31,1.17.0,Bandit100,18,4.09,,20,0,100,LeftinTimeOut,Right,113,113,122,2,,,
2025-10-08 01:47:56,1.17.0,Bandit100,18,4.1,,20,0,100,Left,Right,114,113,122,2,,,0.18
2025-10-08 01:47:56,1.17.0,Bandit100,18,4.1,,20,0,100,LeftinTimeOut,Right,114,113,122,2,,,
2025-10-08 01:47:58,1.17.0,Bandit100,18,4.1,,20,0,100,LeftinTimeOut,Right,114,113,122,2,,,
2025-10-08 01:52:41,1.17.0,Bandit100,18,4.1,,20,0,100,Left,Right,115,113,122,2,,,0.06
2025-10-08 03:33:13,1.17.0,Bandit100,18,4.09,,20,0,100,Right,Right,115,114,122,2,,,0.13
2025-10-08 03:33:28,1.17.0,Bandit100,18,4.1,1.0,20,0,100,Pellet,Right,115,114,123,2,14.4,7592.0,
2025-10-08 03:34:06,1.17.0,Bandit100,18,4.09,,20,0,100,Right,Right,115,115,123,3,,,0.17
2025-10-08 03:34:08,1.17.0,Bandit100,18,4.09,,20,0,100,RightWithPellet,Right,115,116,123,3,,,0.18
2025-10-08 03:34:10,1.17.0,Bandit100,18,4.09,1.0,20,0,100,Pellet,Right,115,116,124,3,3.3,42.0,
2025-10-08 03:34:27,1.17.0,Bandit100,18,4.09,,20,0,100,Right,Right,115,117,124,4,,,0.1
2025-10-08 03:34:29,1.17.0,Bandit100,18,4.09,1.0,20,0,100,Pellet,Right,115,117,125,4,1.01,19.0,
2025-10-08 03:34:47,1.17.0,Bandit100,18,4.09,,20,0,100,Right,Right,115,118,125,5,,,0.06
2025-10-08 03:34:49,1.17.0,Bandit100,18,4.09,1.0,20,0,100,Pellet,Right,115,118,126,5,1.13,20.0,
2025-10-08 03:35:05,1.17.0,Bandit100,18,4.09,,20,0,100,Right,Right,115,119,126,6,,,0.02
2025-10-08 03:35:07,1.17.0,Bandit100,18,4.1,1.0,20,0,100,Pellet,Right,115,119,127,6,0.82,17.0,
2025-10-08 03:35:59,1.17.0,Bandit100,18,4.09,,20,0,100,Right,Right,115,120,127,7,,,0.31
2025-10-08 03:36:01,1.17.0,Bandit100,18,4.09,1.0,20,0,100,Pellet,Right,115,120,128,7,1.2,55.0,
2025-10-08 03:36:50,1.17.0,Bandit100,18,4.09,,20,0,100,Right,Right,115,121,128,8,,,0.29
2025-10-08 03:36:54,1.17.0,Bandit100,18,4.09,1.0,20,0,100,Pellet,Right,115,121,129,8,2.72,53.0,
2025-10-08 04:34:04,1.17.0,Bandit100,18,4.09,,20,0,100,Right,Right,115,122,129,9,,,0.24
2025-10-08 04:35:18,1.17.0,Bandit100,18,4.09,1.0,20,0,100,Pellet,Right,115,122,130,9,,3504.0,
2025-10-08 04:35:56,1.17.0,Bandit100,18,4.09,,20,0,100,Right,Right,115,123,130,10,,,0.09
2025-10-08 04:35:59,1.17.0,Bandit100,18,4.09,1.0,20,0,100,Pellet,Right,115,123,131,10,2.27,41.0,
2025-10-08 04:36:21,1.17.0,Bandit100,18,4.09,,20,0,100,Right,Right,115,124,131,11,,,0.03
2025-10-08 04:36:22,1.17.0,Bandit100,18,4.09,1.0,20,0,100,Pellet,Right,115,124,132,11,0.63,23.0,
2025-10-08 04:36:54,1.17.0,Bandit100,18,4.09,,20,0,100,Right,Right,115,125,132,12,,,0.12
2025-10-08 04:36:56,1.17.0,Bandit100,18,4.09,1.0,20,0,100,Pellet,Right,115,125,133,12,1.01,34.0,
2025-10-08 04:37:33,1.17.0,Bandit100,18,4.09,,20,0,100,Right,Right,115,126,133,13,,,0.43
2025-10-08 04:37:42,1.17.0,Bandit100,18,4.09,3.0,20,0,100,Pellet,Right,115,126,134,13,4.11,46.0,
2025-10-08 04:38:14,1.17.0,Bandit100,18,4.09,,20,0,100,Right,Right,115,127,134,14,,,0.0
2025-10-08 04:38:15,1.17.0,Bandit100,18,4.09,1.0,20,0,100,Pellet,Right,115,127,135,14,1.13,33.0,
2025-10-08 04:38:32,1.17.0,Bandit100,18,4.09,,20,0,100,Right,Right,115,128,135,15,,,0.04
2025-10-08 04:38:36,1.17.0,Bandit100,18,4.09,2.0,20,0,100,Pellet,Right,115,128,136,15,0.69,20.0,
2025-10-08 04:39:34,1.17.0,Bandit100,18,4.09,,20,0,100,Right,Right,115,129,136,16,,,0.4
2025-10-08 04:39:40,1.17.0,Bandit100,18,4.09,1.0,20,0,100,Pellet,Right,115,129,137,16,5.95,65.0,
2025-10-08 05:28:51,1.17.0,Bandit100,18,4.09,,20,0,100,Right,Right,115,130,137,17,,,0.25
2025-10-08 05:28:55,1.17.0,Bandit100,18,4.09,1.0,20,0,100,Pellet,Right,115,130,138,17,3.67,2955.0,
2025-10-08 05:29:15,1.17.0,Bandit100,18,4.09,,20,0,100,Right,Right,115,131,138,18,,,0.2
2025-10-08 05:29:19,1.17.0,Bandit100,18,4.09,2.0,20,0,100,Pellet,Right,115,131,139,18,1.89,24.0,
2025-10-08 05:51:20,1.17.0,Bandit100,18,4.09,,20,0,100,Left,Right,116,131,139,19,,,0.18
2025-10-08 06:02:33,1.17.0,Bandit100,18,4.09,,20,0,100,Left,Right,117,131,139,19,,,0.38
2025-10-08 06:14:38,1.17.0,Bandit100,18,4.09,,20,0,100,Left,Right,118,131,139,19,,,0.41
2025-10-08 11:11:32,1.17.0,Bandit100,18,4.07,,20,0,100,Right,Right,118,132,139,19,,,0.45
2025-10-08 11:11:34,1.17.0,Bandit100,18,4.07,1.0,20,0,100,Pellet,Right,118,132,140,19,1.45,20535.0,
2025-10-08 11:11:55,1.17.0,Bandit100,18,4.07,,20,100,0,Right,Left,118,133,140,0,,,0.02
2025-10-08 11:12:01,1.17.0,Bandit100,18,4.08,,20,100,0,RightinTimeout,Left,118,133,140,0,,,0.0
2025-10-08 11:12:01,1.17.0,Bandit100,18,4.07,,20,100,0,RightinTimeout,Left,118,133,140,0,,,0.0
2025-10-08 11:12:09,1.17.0,Bandit100,18,4.08,,20,100,0,RightinTimeout,Left,118,133,140,0,,,0.0
2025-10-08 11:12:09,1.17.0,Bandit100,18,4.07,,20,100,0,RightinTimeout,Left,118,133,140,0,,,0.0
2025-10-08 11:12:10,1.17.0,Bandit100,18,4.07,,20,100,0,RightinTimeout,Left,118,133,140,0,,,0.0
2025-10-08 11:12:11,1.17.0,Bandit100,18,4.07,,20,100,0,RightinTimeout,Left,118,133,140,0,,,0.0
2025-10-08 11:12:19,1.17.0,Bandit100,18,4.08,,20,100,0,LeftinTimeOut,Left,118,133,140,0,,,
2025-10-08 11:12:20,1.17.0,Bandit100,18,4.07,,20,100,0,LeftinTimeOut,Left,118,133,140,0,,,
2025-10-08 11:42:01,1.17.0,Bandit100,18,4.07,,20,100,0,Left,Left,119,133,140,0,,,0.05
2025-10-08 13:42:13,1.17.0,Bandit100,18,4.07,2.0,20,100,0,Pellet,Left,119,133,141,0,,9039.0,
2025-10-08 13:42:37,1.17.0,Bandit100,18,4.07,,20,100,0,Right,Left,119,134,141,1,,,0.37
2025-10-08 13:42:43,1.17.0,Bandit100,18,4.07,,20,100,0,RightinTimeout,Left,119,134,141,1,,,0.0
2025-10-08 13:42:44,1.17.0,Bandit100,18,4.07,,20,100,0,RightinTimeout,Left,119,134,141,1,,,0.0
2025-10-08 13:42:47,1.17.0,Bandit100,18,4.07,,20,100,0,RightinTimeout,Left,119,134,141,1,,,0.0
2025-10-08 13:42:47,1.17.0,Bandit100,18,4.07,,20,100,0,RightinTimeout,Left,119,134,141,1,,,0.0
2025-10-08 13:43:00,1.17.0,Bandit100,18,4.07,,20,100,0,Right,Left,119,135,141,1,,,0.44
2025-10-08 13:54:52,1.17.0,Bandit100,18,4.06,,20,100,0,Left,Left,120,135,141,1,,,0.27
2025-10-08 14:40:26,1.17.0,Bandit100,18,4.07,1.0,20,100,0,Pellet,Left,120,135,142,1,,3493.0,
2025-10-08 14:41:20,1.17.0,Bandit100,18,4.07,,20,100,0,Left,Left,121,135,142,2,,,0.0
2025-10-08 14:41:23,1.17.0,Bandit100,18,4.07,1.0,20,100,0,Pellet,Left,121,135,143,2,2.08,57.0,
2025-10-08 14:41:57,1.17.0,Bandit100,18,4.07,,20,100,0,Left,Left,122,135,143,3,,,0.06
2025-10-08 14:41:59,1.17.0,Bandit100,18,4.07,2.0,20,100,0,Pellet,Left,122,135,144,3,0.82,36.0,
2025-10-08 14:50:02,1.17.0,Bandit100,18,4.07,,20,100,0,Left,Left,123,135,144,4,,,0.03
2025-10-08 14:50:07,1.17.0,Bandit100,18,4.07,2.0,20,100,0,Pellet,Left,123,135,145,4,1.7,488.0,
2025-10-08 14:50:42,1.17.0,Bandit100,18,4.07,,20,100,0,Right,Left,123,136,145,5,,,0.17
2025-10-08 14:52:31,1.17.0,Bandit100,18,4.07,,20,100,0,Right,Left,123,137,145,5,,,0.08
2025-10-08 16:27:41,1.17.0,Bandit100,18,4.06,,20,100,0,Right,Left,123,138,145,5,,,0.22
2025-10-08 16:27:44,1.17.0,Bandit100,18,4.06,,20,100,0,LeftinTimeOut,Left,123,138,145,5,,,
2025-10-08 17:10:36,1.17.0,Bandit100,18,4.07,,20,100,0,Left,Left,124,138,145,5,,,0.22
2025-10-08 17:10:37,1.17.0,Bandit100,18,4.07,1.0,20,100,0,Pellet,Left,124,138,146,5,0.75,8430.0,
2025-10-08 17:11:09,1.17.0,Bandit100,18,4.06,,20,100,0,Left,Left,125,138,146,6,,,0.02
2025-10-08 17:11:10,1.17.0,Bandit100,18,4.06,1.0,20,100,0,Pellet,Left,125,138,147,6,0.5,33.0,
2025-10-08 17:11:32,1.17.0,Bandit100,18,4.06,,20,100,0,Left,Left,126,138,147,7,,,0.43
2025-10-08 17:11:33,1.17.0,Bandit100,18,4.06,1.0,20,100,0,Pellet,Left,126,138,148,7,0.5,23.0,
2025-10-08 17:11:50,1.17.0,Bandit100,18,4.06,,20,100,0,Left,Left,127,138,148,8,,,0.26
2025-10-08 17:11:51,1.17.0,Bandit100,18,4.06,,20,100,0,LeftDuringDispense,Left,127,138,148,8,,,0.28
2025-10-08 17:11:55,1.17.0,Bandit100,18,4.07,2.0,20,100,0,Pellet,Left,127,138,149,8,1.64,22.0,
2025-10-08 17:12:12,1.17.0,Bandit100,18,4.07,,20,100,0,Left,Left,128,138,149,9,,,0.21
2025-10-08 17:12:13,1.17.0,Bandit100,18,4.06,1.0,20,100,0,Pellet,Left,128,138,150,9,0.37,18.0,
2025-10-08 17:12:31,1.17.0,Bandit100,18,4.06,,20,100,0,Left,Left,129,138,150,10,,,0.0
2025-10-08 17:12:33,1.17.0,Bandit100,18,4.06,1.0,20,100,0,Pellet,Left,129,138,151,10,0.44,20.0,
2025-10-08 17:12:58,1.17.0,Bandit100,18,4.06,,20,100,0,Left,Left,130,138,151,11,,,0.43
2025-10-08 17:13:00,1.17.0,Bandit100,18,4.07,1.0,20,100,0,Pellet,Left,130,138,152,11,0.5,27.0,
2025-10-08 17:13:17,1.17.0,Bandit100,18,4.06,,20,100,0,Left,Left,131,138,152,12,,,0.4
2025-10-08 17:13:20,1.17.0,Bandit100,18,4.06,,20,100,0,LeftWithPellet,Left,131,138,152,12,,,0.03
2025-10-08 17:13:22,1.17.0,Bandit100,18,4.06,2.0,20,100,0,Pellet,Left,131,138,153,12,2.32,22.0,
2025-10-08 17:13:38,1.17.0,Bandit100,18,4.06,,20,100,0,Left,Left,132,138,153,13,,,0.17
2025-10-08 17:13:40,1.17.0,Bandit100,18,4.07,1.0,20,100,0,Pellet,Left,132,138,154,13,1.13,18.0,
2025-10-08 17:13:57,1.17.0,Bandit100,18,4.07,,20,100,0,Left,Left,133,138,154,14,,,0.23
2025-10-08 17:13:59,1.17.0,Bandit100,18,4.06,1.0,20,100,0,Pellet,Left,133,138,155,14,0.44,19.0,
2025-10-08 17:19:07,1.17.0,Bandit100,18,4.06,,20,100,0,Right,Left,133,139,155,15,,,0.58
2025-10-08 17:19:12,1.17.0,Bandit100,18,4.06,,20,100,0,RightinTimeout,Left,133,139,155,15,,,0.0
2025-10-08 17:19:35,1.17.0,Bandit100,18,4.06,,20,100,0,Right,Left,133,140,155,15,,,0.05
2025-10-08 17:22:26,1.17.0,Bandit100,18,4.06,,20,100,0,Right,Left,133,141,155,15,,,0.01
2025-10-08 18:06:28,1.17.0,Bandit100,18,4.06,,20,100,0,Right,Left,133,142,155,15,,,0.42
2025-10-08 18:07:27,1.17.0,Bandit100,18,4.06,,20,100,0,Right,Left,133,143,155,15,,,0.1
2025-10-08 18:07:57,1.17.0,Bandit100,18,4.06,,20,100,0,Left,Left,134,143,155,15,,,0.29
2025-10-08 18:08:00,1.17.0,Bandit100,18,4.06,1.0,20,100,0,Pellet,Left,134,143,156,15,2.72,3241.0,
2025-10-08 18:08:24,1.17.0,Bandit100,18,4.05,,20,100,0,Left,Left,135,143,156,16,,,0.15
2025-10-08 18:08:26,1.17.0,Bandit100,18,4.06,1.0,20,100,0,Pellet,Left,135,143,157,16,2.08,26.0,
2025-10-08 18:11:50,1.17.0,Bandit100,18,4.06,,20,100,0,Left,Left,136,143,157,17,,,0.15
2025-10-08 18:11:56,1.17.0,Bandit100,18,4.06,2.0,20,100,0,Pellet,Left,136,143,158,17,4.05,210.0,
2025-10-08 18:17:58,1.17.0,Bandit100,18,4.05,,20,100,0,Right,Left,136,144,158,18,,,0.07
2025-10-08 18:18:04,1.17.0,Bandit100,18,4.06,,20,100,0,RightinTimeout,Left,136,144,158,18,,,0.0
2025-10-08 18:22:25,1.17.0,Bandit100,18,4.06,,20,100,0,Left,Left,137,144,158,18,,,0.3
2025-10-08 18:22:30,1.17.0,Bandit100,18,4.06,1.0,20,100,0,Pellet,Left,137,144,159,18,3.99,634.0,
2025-10-08 18:26:53,1.17.0,Bandit100,18,4.06,,20,100,0,Right,Left,137,145,159,19,,,0.32
2025-10-08 18:26:57,1.17.0,Bandit100,18,4.06,,20,100,0,RightinTimeout,Left,137,145,159,19,,,0.0
2025-10-08 18:27:05,1.17.0,Bandit100,18,4.06,,20,100,0,LeftinTimeOut,Left,137,145,159,19,,,
2025-10-08 18:29:21,1.17.0,Bandit100,18,4.05,,20,100,0,Right,Left,137,146,159,19,,,0.08
2025-10-08 18:30:59,1.17.0,Bandit100,18,4.06,,20,100,0,Right,Left,137,147,159,19,,,0.07
2025-10-08 18:33:07,1.17.0,Bandit100,18,4.06,,20,100,0,Right,Left,137,148,159,19,,,0.16
2025-10-08 18:41:08,1.17.0,Bandit100,18,4.05,,20,100,0,Right,Left,137,149,159,19,,,0.38
2025-10-08 18:41:13,1.17.0,Bandit100,18,4.06,,20,100,0,LeftinTimeOut,Left,137,149,159,19,,,
2025-10-08 18:41:15,1.17.0,Bandit100,18,4.06,,20,100,0,RightinTimeout,Left,137,149,159,19,,,0.0
2025-10-08 18:43:34,1.17.0,Bandit100,18,4.06,,20,100,0,Right,Left,137,150,159,19,,,0.06
2025-10-08 18:44:51,1.17.0,Bandit100,18,4.06,,20,100,0,Left,Left,138,150,159,19,,,0.07
2025-10-08 18:44:56,1.17.0,Bandit100,18,4.06,1.0,20,100,0,Pellet,Left,138,150,160,19,4.3,1346.0,
2025-10-08 18:48:59,1.17.0,Bandit100,18,4.06,,20,0,100,Left,Right,139,150,160,0,,,0.13
2025-10-08 18:49:36,1.17.0,Bandit100,18,4.06,,20,0,100,Right,Right,139,151,160,0,,,0.17
2025-10-08 18:49:37,1.17.0,Bandit100,18,4.05,,20,0,100,RightDuringDispense,Right,139,151,160,0,,,0.15
2025-10-08 18:49:43,1.17.0,Bandit100,18,4.06,1.0,20,0,100,Pellet,Right,139,151,161,0,5.45,287.0,
2025-10-08 18:50:05,1.17.0,Bandit100,18,4.06,,20,0,100,Left,Right,140,151,161,1,,,0.05
2025-10-08 18:50:11,1.17.0,Bandit100,18,4.06,,20,0,100,LeftinTimeOut,Right,140,151,161,1,,,
2025-10-08 18:57:12,1.17.0,Bandit100,18,4.06,,20,0,100,Right,Right,140,152,161,1,,,0.22
2025-10-08 18:57:15,1.17.0,Bandit100,18,4.06,1.0,20,0,100,Pellet,Right,140,152,162,1,2.27,452.0,
2025-10-08 19:00:23,1.17.0,Bandit100,18,4.05,,20,0,100,Left,Right,141,152,162,2,,,0.19
2025-10-08 19:10:11,1.17.0,Bandit100,18,4.06,,20,0,100,Right,Right,141,153,162,2,,,0.07
2025-10-08 19:10:16,1.17.0,Bandit100,18,4.06,2.0,20,0,100,Pellet,Right,141,153,163,2,4.05,781.0,
2025-10-08 19:13:41,1.17.0,Bandit100,18,4.06,,20,0,100,Right,Right,141,154,163,3,,,0.0
2025-10-08 19:13:44,1.17.0,Bandit100,18,4.06,1.0,20,0,100,Pellet,Right,141,154,164,3,2.27,208.0,
2025-10-08 19:21:23,1.17.0,Bandit100,18,4.05,,20,0,100,Left,Right,142,154,164,4,,,0.24
2025-10-08 19:21:35,1.17.0,Bandit100,18,4.06,,20,0,100,Left,Right,143,154,164,4,,,0.13
2025-10-08 19:22:08,1.17.0,Bandit100,18,4.05,,20,0,100,Right,Right,143,155,164,4,,,0.02
2025-10-08 19:22:11,1.17.0,Bandit100,18,4.05,1.0,20,0,100,Pellet,Right,143,155,165,4,2.97,507.0,
2025-10-08 19:24:07,1.17.0,Bandit100,18,4.05,,20,0,100,Right,Right,143,156,165,5,,,0.03
2025-10-08 19:24:11,1.17.0,Bandit100,18,4.05,1.0,20,0,100,Pellet,Right,143,156,166,5,3.8,120.0,
2025-10-08 19:25:05,1.17.0,Bandit100,18,4.06,,20,0,100,Right,Right,143,157,166,6,,,0.22
2025-10-08 19:25:08,1.17.0,Bandit100,18,4.06,1.0,20,0,100,Pellet,Right,143,157,167,6,1.83,57.0,
2025-10-08 19:25:30,1.17.0,Bandit100,18,4.06,,20,0,100,Right,Right,143,158,167,7,,,0.14
2025-10-08 19:25:34,1.17.0,Bandit100,18,4.05,2.0,20,0,100,Pellet,Right,143,158,168,7,1.26,26.0,
2025-10-08 19:26:05,1.17.0,Bandit100,18,4.05,,20,0,100,Right,Right,143,159,168,8,,,0.12
2025-10-08 19:26:07,1.17.0,Bandit100,18,4.06,1.0,20,0,100,Pellet,Right,143,159,169,8,0.88,33.0,
2025-10-08 19:26:42,1.17.0,Bandit100,18,4.05,,20,0,100,Right,Right,143,160,169,9,,,0.15
2025-10-08 19:26:44,1.17.0,Bandit100,18,4.06,1.0,20,0,100,Pellet,Right,143,160,170,9,1.07,37.0,
2025-10-08 19:27:23,1.17.0,Bandit100,18,4.06,,20,0,100,Right,Right,143,161,170,10,,,0.15
2025-10-08 19:27:25,1.17.0,Bandit100,18,4.05,1.0,20,0,100,Pellet,Right,143,161,171,10,0.75,41.0,
2025-10-08 19:28:31,1.17.0,Bandit100,18,4.05,,20,0,100,Right,Right,143,162,171,11,,,0.13
2025-10-08 19:28:34,1.17.0,Bandit100,18,4.05,1.0,20,0,100,Pellet,Right,143,162,172,11,1.96,69.0,
2025-10-08 19:38:39,1.17.0,Bandit100,18,4.05,,20,0,100,Left,Right,144,162,172,12,,,0.17
2025-10-08 19:50:28,1.17.0,Bandit100,18,4.06,,20,0,100,Left,Right,145,162,172,12,,,0.23
2025-10-08 19:50:30,1.17.0,Bandit100,18,4.05,,20,0,100,LeftinTimeOut,Right,145,162,172,12,,,
2025-10-08 19:51:29,1.17.0,Bandit100,18,4.05,,20,0,100,Right,Right,145,163,172,12,,,0.28
2025-10-08 19:51:33,1.17.0,Bandit100,18,4.05,1.0,20,0,100,Pellet,Right,145,163,173,12,3.67,1379.0,
2025-10-08 19:52:04,1.17.0,Bandit100,18,4.06,,20,0,100,Left,Right,146,163,173,13,,,0.12
2025-10-08 19:58:49,1.17.0,Bandit100,18,4.05,,20,0,100,Right,Right,146,164,173,13,,,0.13
2025-10-08 19:58:53,1.17.0,Bandit100,18,4.05,1.0,20,0,100,Pellet,Right,146,164,174,13,3.29,440.0,
2025-10-08 20:00:56,1.17.0,Bandit100,18,4.05,,20,0,100,Right,Right,146,165,174,14,,,0.13
2025-10-08 20:01:41,1.17.0,Bandit100,18,4.05,2.0,20,0,100,Pellet,Right,146,165,175,14,44.21,168.0,
2025-10-08 20:02:09,1.17.0,Bandit100,18,4.06,,20,0,100,Right,Right,146,166,175,15,,,0.17
2025-10-08 20:02:11,1.17.0,Bandit100,18,4.06,1.0,20,0,100,Pellet,Right,146,166,176,15,1.2,30.0,
2025-10-08 20:02:41,1.17.0,Bandit100,18,4.05,,20,0,100,Right,Right,146,167,176,16,,,0.05
2025-10-08 20:02:43,1.17.0,Bandit100,18,4.06,1.0,20,0,100,Pellet,Right,146,167,177,16,1.39,32.0,
2025-10-08 20:56:29,1.17.0,Bandit100,18,4.05,,20,0,100,Right,Right,146,168,177,17,,,0.23
2025-10-08 20:56:31,1.17.0,Bandit100,18,4.05,1.0,20,0,100,Pellet,Right,146,168,178,17,1.7,3228.0,
2025-10-08 20:56:58,1.17.0,Bandit100,18,4.05,,20,0,100,Right,Right,146,169,178,18,,,0.13
2025-10-08 20:57:01,1.17.0,Bandit100,18,4.05,,20,0,100,RightDuringDispense,Right,146,169,178,18,,,0.09
2025-10-08 20:57:06,1.17.0,Bandit100,18,4.06,3.0,20,0,100,Pellet,Right,146,169,179,18,2.4,35.0,
2025-10-08 20:57:47,1.17.0,Bandit100,18,4.05,,20,0,100,Right,Right,146,170,179,19,,,0.07
2025-10-08 20:57:48,1.17.0,Bandit100,18,4.05,,20,0,100,RightDuringDispense,Right,146,170,179,19,,,0.01
2025-10-08 20:57:53,1.17.0,Bandit100,18,4.05,3.0,20,0,100,Pellet,Right,146,170,180,19,0.63,47.0,
2025-10-08 20:59:05,1.17.0,Bandit100,18,4.05,,20,100,0,Left,Left,147,170,180,0,,,0.26
2025-10-08 20:59:08,1.17.0,Bandit100,18,4.05,1.0,20,100,0,Pellet,Left,147,170,181,0,2.59,75.0,
2025-10-08 21:01:48,1.17.0,Bandit100,18,4.05,,20,100,0,Right,Left,147,171,181,1,,,0.12
2025-10-08 21:05:02,1.17.0,Bandit100,18,4.05,,20,100,0,Right,Left,147,172,181,1,,,0.18
2025-10-08 21:08:48,1.17.0,Bandit100,18,4.05,,20,100,0,Right,Left,147,173,181,1,,,0.02
2025-10-08 21:08:50,1.17.0,Bandit100,18,4.05,,20,100,0,RightinTimeout,Left,147,173,181,1,,,0.0
2025-10-08 21:09:14,1.17.0,Bandit100,18,4.05,,20,100,0,Right,Left,147,174,181,1,,,0.23
2025-10-08 21:09:15,1.17.0,Bandit100,18,4.05,,20,100,0,RightinTimeout,Left,147,174,181,1,,,0.0
2025-10-08 21:10:39,1.17.0,Bandit100,18,4.05,,20,100,0,Right,Left,147,175,181,1,,,0.42
2025-10-08 21:10:54,1.17.0,Bandit100,18,4.05,,20,100,0,Left,Left,148,175,181,1,,,0.17
2025-10-08 21:10:56,1.17.0,Bandit100,18,4.05,1.0,20,100,0,Pellet,Left,148,175,182,1,0.94,708.0,
2025-10-08 21:11:31,1.17.0,Bandit100,18,4.05,,20,100,0,Left,Left,149,175,182,2,,,0.04
2025-10-08 21:11:32,1.17.0,Bandit100,18,4.05,1.0,20,100,0,Pellet,Left,149,175,183,2,0.63,36.0,
2025-10-08 21:11:55,1.17.0,Bandit100,18,4.05,,20,100,0,Left,Left,150,175,183,3,,,0.05
2025-10-08 21:11:57,1.17.0,Bandit100,18,4.05,1.0,20,100,0,Pellet,Left,150,175,184,3,0.56,25.0,
2025-10-08 21:12:27,1.17.0,Bandit100,18,4.05,,20,100,0,Left,Left,151,175,184,4,,,0.17
2025-10-08 21:12:29,1.17.0,Bandit100,18,4.05,1.0,20,100,0,Pellet,Left,151,175,185,4,0.75,32.0,
2025-10-08 21:12:47,1.17.0,Bandit100,18,4.06,,20,100,0,Left,Left,152,175,185,5,,,0.04
2025-10-08 21:12:49,1.17.0,Bandit100,18,4.05,1.0,20,100,0,Pellet,Left,152,175,186,5,0.5,20.0,
2025-10-08 21:14:11,1.17.0,Bandit100,18,4.05,,20,100,0,Left,Left,153,175,186,6,,,0.18
2025-10-08 21:14:12,1.17.0,Bandit100,18,4.05,1.0,20,100,0,Pellet,Left,153,175,187,6,0.5,83.0,
2025-10-08 21:15:12,1.17.0,Bandit100,18,4.05,,20,100,0,Left,Left,154,175,187,7,,,0.0
2025-10-08 21:15:15,1.17.0,Bandit100,18,4.05,1.0,20,100,0,Pellet,Left,154,175,188,7,1.96,63.0,
2025-10-08 21:17:33,1.17.0,Bandit100,18,4.05,,20,100,0,Right,Left,154,176,188,8,,,0.06
2025-10-08 21:24:25,1.17.0,Bandit100,18,4.05,,20,100,0,Left,Left,155,176,188,8,,,0.19
2025-10-08 21:24:29,1.17.0,Bandit100,18,4.05,1.0,20,100,0,Pellet,Left,155,176,189,8,3.48,554.0,
2025-10-08 21:24:46,1.17.0,Bandit100,18,4.05,,20,100,0,Left,Left,156,176,189,9,,,0.16
2025-10-08 21:24:57,1.17.0,Bandit100,18,4.05,1.0,20,100,0,Pellet,Left,156,176,190,9,10.91,28.0,
2025-10-08 21:25:40,1.17.0,Bandit100,18,4.05,,20,100,0,Left,Left,157,176,190,10,,,0.19
2025-10-08 21:25:42,1.17.0,Bandit100,18,4.05,,20,100,0,LeftWithPellet,Left,157,176,190,10,,,0.02
2025-10-08 21:25:43,1.17.0,Bandit100,18,4.05,1.0,20,100,0,Pellet,Left,157,176,191,10,2.12,46.0,
2025-10-08 21:27:16,1.17.0,Bandit100,18,4.05,,20,100,0,Left,Left,158,176,191,11,,,0.17
2025-10-08 21:27:19,1.17.0,Bandit100,18,4.05,2.0,20,100,0,Pellet,Left,158,176,192,11,0.63,96.0,
2025-10-08 21:32:02,1.17.0,Bandit100,18,4.05,,20,100,0,Right,Left,158,177,192,12,,,0.0
2025-10-08 21:34:56,1.17.0,Bandit100,18,4.05,,20,100,0,Right,Left,158,178,192,12,,,0.2
2025-10-08 21:37:05,1.17.0,Bandit100,18,4.05,,20,100,0,Left,Left,159,178,192,12,,,0.17
2025-10-08 21:37:08,1.17.0,Bandit100,18,4.05,1.0,20,100,0,Pellet,Left,159,178,193,12,2.02,589.0,
2025-10-08 21:38:05,1.17.0,Bandit100,18,4.05,,20,100,0,Left,Left,160,178,193,13,,,0.07
2025-10-08 21:38:07,1.17.0,Bandit100,18,4.05,1.0,20,100,0,Pellet,Left,160,178,194,13,1.2,59.0,
2025-10-08 21:38:55,1.17.0,Bandit100,18,4.05,,20,100,0,Left,Left,161,178,194,14,,,0.0
2025-10-08 21:40:14,1.17.0,Bandit100,18,4.05,1.0,20,100,0,Pellet,Left,161,178,195,14,,127.0,
2025-10-08 21:48:44,1.17.0,Bandit100,18,4.05,,20,100,0,Left,Left,162,178,195,15,,,0.19
2025-10-08 21:48:48,1.17.0,Bandit100,18,4.05,2.0,20,100,0,Pellet,Left,162,178,196,15,1.58,514.0,
2025-10-08 21:52:40,1.17.0,Bandit100,18,4.05,,20,100,0,Right,Left,162,179,196,16,,,0.07
2025-10-08 22:24:29,1.17.0,Bandit100,18,4.05,,20,100,0,Right,Left,162,180,196,16,,,0.06
2025-10-08 22:24:31,1.17.0,Bandit100,18,4.05,,20,100,0,LeftinTimeOut,Left,162,180,196,16,,,
2025-10-08 22:24:33,1.17.0,Bandit100,18,4.05,,20,100,0,LeftinTimeOut,Left,162,180,196,16,,,
2025-10-08 22:24:35,1.17.0,Bandit100,18,4.05,,20,100,0,LeftinTimeOut,Left,162,180,196,16,,,
2025-10-08 22:24:42,1.17.0,Bandit100,18,4.05,,20,100,0,RightinTimeout,Left,162,180,196,16,,,0.0
2025-10-08 22:24:43,1.17.0,Bandit100,18,4.05,,20,100,0,RightinTimeout,Left,162,180,196,16,,,0.0
2025-10-08 22:34:40,1.17.0,Bandit100,18,4.05,,20,100,0,Left,Left,163,180,196,16,,,0.16
2025-10-08 22:34:44,1.17.0,Bandit100,18,4.05,1.0,20,100,0,Pellet,Left,163,180,197,16,3.16,2756.0,
2025-10-08 22:35:48,1.17.0,Bandit100,18,4.05,,20,100,0,Left,Left,164,180,197,17,,,0.07
2025-10-08 22:35:51,1.17.0,Bandit100,18,4.05,1.0,20,100,0,Pellet,Left,164,180,198,17,2.15,67.0,
2025-10-08 22:36:49,1.17.0,Bandit100,18,4.05,,20,100,0,Right,Left,164,181,198,18,,,0.12
2025-10-08 22:36:52,1.17.0,Bandit100,18,4.05,,20,100,0,RightinTimeout,Left,164,181,198,18,,,0.0
2025-10-08 22:39:43,1.17.0,Bandit100,18,4.05,,20,100,0,Left,Left,165,181,198,18,,,0.04
2025-10-08 22:39:50,1.17.0,Bandit100,18,4.05,3.0,20,100,0,Pellet,Left,165,181,199,18,2.15,239.0,
2025-10-08 22:48:09,1.17.0,Bandit100,18,4.05,,20,100,0,Left,Left,166,181,199,19,,,0.0
2025-10-08 22:48:12,1.17.0,Bandit100,18,4.05,1.0,20,100,0,Pellet,Left,166,181,200,19,2.78,502.0,
2025-10-08 22:48:41,1.17.0,Bandit100,18,4.05,,20,0,100,Left,Right,167,181,200,0,,,0.13
2025-10-08 22:48:44,1.17.0,Bandit100,18,4.05,,20,0,100,LeftinTimeOut,Right,167,181,200,0,,,
2025-10-08 22:48:47,1.17.0,Bandit100,18,4.05,,20,0,100,LeftinTimeOut,Right,167,181,200,0,,,
2025-10-08 22:48:53,1.17.0,Bandit100,18,4.05,,20,0,100,RightinTimeout,Right,167,181,200,0,,,0.0
2025-10-08 22:48:53,1.17.0,Bandit100,18,4.05,,20,0,100,RightinTimeout,Right,167,181,200,0,,,0.0
2025-10-08 22:49:05,1.17.0,Bandit100,18,4.05,,20,0,100,Left,Right,168,181,200,0,,,0.12
2025-10-08 22:49:23,1.17.0,Bandit100,18,4.05,,20,0,100,Left,Right,169,181,200,0,,,0.12
2025-10-08 22:49:58,1.17.0,Bandit100,18,4.05,,20,0,100,Right,Right,169,182,200,0,,,0.12
2025-10-08 22:50:00,1.17.0,Bandit100,18,4.05,1.0,20,0,100,Pellet,Right,169,182,201,0,1.7,108.0,
2025-10-08 22:55:23,1.17.0,Bandit100,18,4.05,,20,0,100,Left,Right,170,182,201,1,,,0.09
2025-10-08 22:55:24,1.17.0,Bandit100,18,4.05,,20,0,100,LeftinTimeOut,Right,170,182,201,1,,,
2025-10-08 23:00:54,1.17.0,Bandit100,18,4.05,,20,0,100,Right,Right,170,183,201,1,,,0.19
2025-10-08 23:00:56,1.17.0,Bandit100,18,4.05,1.0,20,0,100,Pellet,Right,170,183,202,1,1.26,656.0,
2025-10-08 23:01:50,1.17.0,Bandit100,18,4.05,,20,0,100,Right,Right,170,184,202,2,,,0.03
2025-10-08 23:01:52,1.17.0,Bandit100,18,4.05,1.0,20,0,100,Pellet,Right,170,184,203,2,1.07,56.0,
2025-10-08 23:02:34,1.17.0,Bandit100,18,4.05,,20,0,100,Right,Right,170,185,203,3,,,0.08
2025-10-08 23:02:36,1.17.0,Bandit100,18,4.04,1.0,20,0,100,Pellet,Right,170,185,204,3,1.39,44.0,
2025-10-08 23:03:21,1.17.0,Bandit100,18,4.05,,20,0,100,Right,Right,170,186,204,4,,,0.1
2025-10-08 23:03:22,1.17.0,Bandit100,18,4.05,1.0,20,0,100,Pellet,Right,170,186,205,4,0.69,46.0,
2025-10-08 23:03:57,1.17.0,Bandit100,18,4.05,,20,0,100,Right,Right,170,187,205,5,,,0.05
2025-10-08 23:04:01,1.17.0,Bandit100,18,4.05,2.0,20,0,100,Pellet,Right,170,187,206,5,1.51,39.0,
2025-10-08 23:04:44,1.17.0,Bandit100,18,4.05,,20,0,100,Right,Right,170,188,206,6,,,0.2
2025-10-08 23:04:48,1.17.0,Bandit100,18,4.05,2.0,20,0,100,Pellet,Right,170,188,207,6,0.88,47.0,
2025-10-08 23:05:40,1.17.0,Bandit100,18,4.05,,20,0,100,Right,Right,170,189,207,7,,,0.08
2025-10-08 23:05:42,1.17.0,Bandit100,18,4.05,1.0,20,0,100,Pellet,Right,170,189,208,7,1.01,54.0,
2025-10-08 23:06:45,1.17.0,Bandit100,18,4.05,,20,0,100,Left,Right,171,189,208,8,,,0.15
2025-10-08 23:23:19,1.17.0,Bandit100,18,4.05,,20,0,100,Right,Right,171,190,208,8,,,0.3
2025-10-08 23:23:24,1.17.0,Bandit100,18,4.05,1.0,20,0,100,Pellet,Right,171,190,209,8,3.73,1061.0,
2025-10-08 23:23:56,1.17.0,Bandit100,18,4.05,,20,0,100,Right,Right,171,191,209,9,,,0.07
2025-10-08 23:23:58,1.17.0,Bandit100,18,4.05,1.0,20,0,100,Pellet,Right,171,191,210,9,1.07,35.0,
2025-10-08 23:24:46,1.17.0,Bandit100,18,4.05,,20,0,100,Right,Right,171,192,210,10,,,0.08
2025-10-08 23:24:49,1.17.0,Bandit100,18,4.05,1.0,20,0,100,Pellet,Right,171,192,211,10,2.15,51.0,
2025-10-08 23:25:23,1.17.0,Bandit100,18,4.05,,20,0,100,Right,Right,171,193,211,11,,,0.04
2025-10-08 23:25:25,1.17.0,Bandit100,18,4.05,1.0,20,0,100,Pellet,Right,171,193,212,11,0.63,36.0,
2025-10-08 23:26:15,1.17.0,Bandit100,18,4.05,,20,0,100,Right,Right,171,194,212,12,,,0.14
2025-10-08 23:26:17,1.17.0,Bandit100,18,4.05,1.0,20,0,100,Pellet,Right,171,194,213,12,1.01,52.0,
2025-10-08 23:26:57,1.17.0,Bandit100,18,4.05,,20,0,100,Right,Right,171,195,213,13,,,0.12
2025-10-08 23:26:58,1.17.0,Bandit100,18,4.05,1.0,20,0,100,Pellet,Right,171,195,214,13,0.69,41.0,
2025-10-08 23:27:35,1.17.0,Bandit100,18,4.05,,20,0,100,Right,Right,171,196,214,14,,,0.0
2025-10-08 23:27:36,1.17.0,Bandit100,18,4.05,1.0,20,0,100,Pellet,Right,171,196,215,14,0.5,38.0,
2025-10-08 23:27:59,1.17.0,Bandit100,18,4.05,,20,0,100,Right,Right,171,197,215,15,,,0.1
2025-10-08 23:28:01,1.17.0,Bandit100,18,4.05,1.0,20,0,100,Pellet,Right,171,197,216,15,0.5,25.0,
2025-10-08 23:28:38,1.17.0,Bandit100,18,4.05,,20,0,100,Right,Right,171,198,216,16,,,0.18
2025-10-08 23:28:40,1.17.0,Bandit100,18,4.05,1.0,20,0,100,Pellet,Right,171,198,217,16,0.94,39.0,
2025-10-08 23:28:56,1.17.0,Bandit100,18,4.05,,20,0,100,Right,Right,171,199,217,17,,,0.06
2025-10-08 23:28:58,1.17.0,Bandit100,18,4.04,1.0,20,0,100,Pellet,Right,171,199,218,17,0.5,18.0,
2025-10-08 23:29:21,1.17.0,Bandit100,18,4.05,,20,0,100,Right,Right,171,200,218,18,,,0.1
2025-10-08 23:29:25,1.17.0,Bandit100,18,4.05,,20,0,100,RightWithPellet,Right,171,201,218,18,,,0.07
2025-10-08 23:29:26,1.17.0,Bandit100,18,4.05,2.0,20,0,100,Pellet,Right,171,201,219,18,2.56,28.0,
2025-10-08 23:29:48,1.17.0,Bandit100,18,4.05,,20,0,100,Right,Right,171,202,219,19,,,0.01
2025-10-08 23:29:50,1.17.0,Bandit100,18,4.05,1.0,20,0,100,Pellet,Right,171,202,220,19,0.75,24.0,
2025-10-08 23:30:17,1.17.0,Bandit100,18,4.05,,20,100,0,Right,Left,171,203,220,0,,,0.13
2025-10-08 23:30:20,1.17.0,Bandit100,18,4.05,,20,100,0,RightinTimeout,Left,171,203,220,0,,,0.0
2025-10-08 23:58:18,1.17.0,Bandit100,18,4.05,,20,100,0,Right,Left,171,204,220,0,,,0.25
2025-10-08 23:58:19,1.17.0,Bandit100,18,4.05,,20,100,0,RightinTimeout,Left,171,204,220,0,,,0.0
2025-10-09 00:46:24,1.17.0,Bandit100,18,4.05,,20,100,0,Right,Left,171,205,220,0,,,0.26
2025-10-09 00:46:26,1.17.0,Bandit100,18,4.04,,20,100,0,LeftinTimeOut,Left,171,205,220,0,,,
2025-10-09 00:46:28,1.17.0,Bandit100,18,4.05,,20,100,0,RightinTimeout,Left,171,205,220,0,,,0.0
2025-10-09 00:46:30,1.17.0,Bandit100,18,4.05,,20,100,0,RightinTimeout,Left,171,205,220,0,,,0.0
2025-10-09 00:48:13,1.17.0,Bandit100,18,4.04,,20,100,0,Right,Left,171,206,220,0,,,0.2
2025-10-09 00:53:05,1.17.0,Bandit100,18,4.05,,20,100,0,Right,Left,171,207,220,0,,,0.02
2025-10-09 00:53:07,1.17.0,Bandit100,18,4.05,,20,100,0,RightinTimeout,Left,171,207,220,0,,,0.0
2025-10-09 00:53:32,1.17.0,Bandit100,18,4.05,,20,100,0,Left,Left,172,207,220,0,,,0.19
2025-10-09 00:53:34,1.17.0,Bandit100,18,4.04,1.0,20,100,0,Pellet,Left,172,207,221,0,1.01,5024.0,
2025-10-09 00:53:59,1.17.0,Bandit100,18,4.04,,20,100,0,Left,Left,173,207,221,1,,,0.15
2025-10-09 00:54:01,1.17.0,Bandit100,18,4.04,,20,100,0,LeftWithPellet,Left,173,207,221,1,,,0.15
2025-10-09 00:54:08,1.17.0,Bandit100,18,4.05,1.0,20,100,0,Pellet,Left,173,207,222,1,8.16,34.0,
2025-10-09 00:54:29,1.17.0,Bandit100,18,4.03,,20,100,0,Left,Left,174,207,222,2,,,0.02
2025-10-09 00:54:31,1.17.0,Bandit100,18,4.05,,20,100,0,LeftWithPellet,Left,174,207,222,2,,,0.01
2025-10-09 00:54:32,1.17.0,Bandit100,18,4.04,1.0,20,100,0,Pellet,Left,174,207,223,2,2.68,24.0,
2025-10-09 00:55:01,1.17.0,Bandit100,18,4.05,,20,100,0,Left,Left,175,207,223,3,,,0.1
2025-10-09 00:55:02,1.17.0,Bandit100,18,4.04,1.0,20,100,0,Pellet,Left,175,207,224,3,0.75,30.0,
2025-10-09 00:55:20,1.17.0,Bandit100,18,4.04,,20,100,0,Left,Left,176,207,224,4,,,0.0
2025-10-09 00:55:23,1.17.0,Bandit100,18,4.03,1.0,20,100,0,Pellet,Left,176,207,225,4,1.77,21.0,
2025-10-09 00:55:46,1.17.0,Bandit100,18,4.05,,20,100,0,Left,Left,177,207,225,5,,,0.12
2025-10-09 00:55:47,1.17.0,Bandit100,18,4.04,1.0,20,100,0,Pellet,Left,177,207,226,5,0.44,24.0,
2025-10-09 00:56:16,1.17.0,Bandit100,18,4.05,,20,100,0,Left,Left,178,207,226,6,,,0.08
2025-10-09 00:56:18,1.17.0,Bandit100,18,4.04,,20,100,0,LeftWithPellet,Left,178,207,226,6,,,0.04
2025-10-09 00:56:19,1.17.0,Bandit100,18,4.05,1.0,20,100,0,Pellet,Left,178,207,227,6,1.9,32.0,
2025-10-09 00:56:52,1.17.0,Bandit100,18,4.05,,20,100,0,Left,Left,179,207,227,7,,,0.23
2025-10-09 00:56:54,1.17.0,Bandit100,18,4.04,1.0,20,100,0,Pellet,Left,179,207,228,7,1.83,35.0,
2025-10-09 00:57:20,1.17.0,Bandit100,18,4.04,,20,100,0,Left,Left,180,207,228,8,,,0.16
2025-10-09 00:57:24,1.17.0,Bandit100,18,4.05,2.0,20,100,0,Pellet,Left,180,207,229,8,0.5,30.0,
2025-10-09 00:58:26,1.17.0,Bandit100,18,4.04,,20,100,0,Left,Left,181,207,229,9,,,0.37
2025-10-09 00:58:27,1.17.0,Bandit100,18,4.04,1.0,20,100,0,Pellet,Left,181,207,230,9,0.5,63.0,
2025-10-09 00:59:19,1.17.0,Bandit100,18,4.04,,20,100,0,Left,Left,182,207,230,10,,,0.38
2025-10-09 00:59:20,1.17.0,Bandit100,18,4.04,1.0,20,100,0,Pellet,Left,182,207,231,10,0.5,53.0,
2025-10-09 00:59:59,1.17.0,Bandit100,18,4.03,,20,100,0,Left,Left,183,207,231,11,,,0.13
2025-10-09 01:00:00,1.17.0,Bandit100,18,4.04,1.0,20,100,0,Pellet,Left,183,207,232,11,0.63,40.0,
2025-10-09 01:00:27,1.17.0,Bandit100,18,4.04,,20,100,0,Left,Left,184,207,232,12,,,0.03
2025-10-09 01:00:28,1.17.0,Bandit100,18,4.05,1.0,20,100,0,Pellet,Left,184,207,233,12,0.56,28.0,
2025-10-09 01:09:18,1.17.0,Bandit100,18,4.05,,20,100,0,Right,Left,184,208,233,13,,,0.07
2025-10-09 02:13:51,1.17.0,Bandit100,18,4.04,,20,100,0,Right,Left,184,209,233,13,,,0.19
2025-10-09 02:15:33,1.17.0,Bandit100,18,4.04,,20,100,0,Right,Left,184,210,233,13,,,0.02
2025-10-09 02:15:35,1.17.0,Bandit100,18,4.04,,20,100,0,RightinTimeout,Left,184,210,233,13,,,0.0
2025-10-09 02:26:56,1.17.0,Bandit100,18,4.03,,20,100,0,Right,Left,184,211,233,13,,,0.18
2025-10-09 02:26:57,1.17.0,Bandit100,18,4.04,,20,100,0,RightinTimeout,Left,184,211,233,13,,,0.0
2025-10-09 02:26:59,1.17.0,Bandit100,18,4.04,,20,100,0,RightinTimeout,Left,184,211,233,13,,,0.0
2025-10-09 02:27:29,1.17.0,Bandit100,18,4.04,,20,100,0,Right,Left,184,212,233,13,,,0.29
2025-10-09 02:27:30,1.17.0,Bandit100,18,4.04,,20,100,0,RightinTimeout,Left,184,212,233,13,,,0.0
2025-10-09 02:27:33,1.17.0,Bandit100,18,4.03,,20,100,0,LeftinTimeOut,Left,184,212,233,13,,,
2025-10-09 02:28:27,1.17.0,Bandit100,18,4.04,,20,100,0,Left,Left,185,212,233,13,,,0.27
2025-10-09 02:28:29,1.17.0,Bandit100,18,4.04,1.0,20,100,0,Pellet,Left,185,212,234,13,1.45,5281.0,
2025-10-09 02:28:53,1.17.0,Bandit100,18,4.04,,20,100,0,Left,Left,186,212,234,14,,,0.19
2025-10-09 02:28:55,1.17.0,Bandit100,18,4.04,1.0,20,100,0,Pellet,Left,186,212,235,14,1.45,26.0,
2025-10-09 02:29:15,1.17.0,Bandit100,18,4.04,,20,100,0,Left,Left,187,212,235,15,,,0.04
2025-10-09 02:29:16,1.17.0,Bandit100,18,4.04,1.0,20,100,0,Pellet,Left,187,212,236,15,1.01,21.0,
2025-10-09 02:29:42,1.17.0,Bandit100,18,4.04,,20,100,0,Left,Left,188,212,236,16,,,0.19
2025-10-09 02:29:44,1.17.0,Bandit100,18,4.04,1.0,20,100,0,Pellet,Left,188,212,237,16,1.01,28.0,
2025-10-09 02:30:43,1.17.0,Bandit100,18,4.03,,20,100,0,Right,Left,188,213,237,17,,,0.03
2025-10-09 02:30:43,1.17.0,Bandit100,18,4.04,,20,100,0,RightinTimeout,Left,188,213,237,17,,,0.0
2025-10-09 02:30:43,1.17.0,Bandit100,18,4.04,,20,100,0,RightinTimeout,Left,188,213,237,17,,,0.0
2025-10-09 04:26:53,1.17.0,Bandit100,18,4.04,,20,100,0,Left,Left,189,213,237,17,,,0.2
2025-10-09 04:26:58,1.17.0,Bandit100,18,4.03,2.0,20,100,0,Pellet,Left,189,213,238,17,2.85,7034.0,
2025-10-09 04:27:58,1.17.0,Bandit100,18,4.04,,20,100,0,Right,Left,189,214,238,18,,,0.03
2025-10-09 04:27:59,1.17.0,Bandit100,18,4.04,,20,100,0,RightinTimeout,Left,189,214,238,18,,,0.0
2025-10-09 04:27:59,1.17.0,Bandit100,18,4.03,,20,100,0,RightinTimeout,Left,189,214,238,18,,,0.0
2025-10-09 04:29:00,1.17.0,Bandit100,18,4.04,,20,100,0,Left,Left,190,214,238,18,,,0.1
2025-10-09 04:29:02,1.17.0,Bandit100,18,4.03,1.0,20,100,0,Pellet,Left,190,214,239,18,0.75,124.0,
2025-10-09 04:30:21,1.17.0,Bandit100,18,4.04,,20,100,0,Left,Left,191,214,239,19,,,0.18
2025-10-09 04:30:23,1.17.0,Bandit100,18,4.03,1.0,20,100,0,Pellet,Left,191,214,240,19,0.69,81.0,
2025-10-09 04:31:20,1.17.0,Bandit100,18,4.03,,20,0,100,Left,Right,192,214,240,0,,,0.18
2025-10-09 04:31:23,1.17.0,Bandit100,18,4.03,,20,0,100,LeftinTimeOut,Right,192,214,240,0,,,
2025-10-09 04:31:25,1.17.0,Bandit100,18,4.04,,20,0,100,LeftinTimeOut,Right,192,214,240,0,,,
2025-10-09 04:31:28,1.17.0,Bandit100,18,4.04,,20,0,100,LeftinTimeOut,Right,192,214,240,0,,,
2025-10-09 04:31:31,1.17.0,Bandit100,18,4.03,,20,0,100,LeftinTimeOut,Right,192,214,240,0,,,
2025-10-09 04:31:37,1.17.0,Bandit100,18,4.04,,20,0,100,LeftinTimeOut,Right,192,214,240,0,,,
2025-10-09 04:32:31,1.17.0,Bandit100,18,4.03,,20,0,100,Right,Right,192,215,240,0,,,0.7
2025-10-09 04:32:34,1.17.0,Bandit100,18,4.03,2.0,20,0,100,Pellet,Right,192,215,241,0,0.82,131.0,
2025-10-09 04:33:37,1.17.0,Bandit100,18,4.03,,20,0,100,Left,Right,193,215,241,1,,,0.32
2025-10-09 04:33:40,1.17.0,Bandit100,18,4.03,,20,0,100,LeftinTimeOut,Right,193,215,241,1,,,
2025-10-09 04:33:42,1.17.0,Bandit100,18,4.03,,20,0,100,LeftinTimeOut,Right,193,215,241,1,,,
2025-10-09 04:33:47,1.17.0,Bandit100,18,4.03,,20,0,100,LeftinTimeOut,Right,193,215,241,1,,,
2025-10-09 04:34:11,1.17.0,Bandit100,18,4.04,,20,0,100,Right,Right,193,216,241,1,,,0.27
2025-10-09 04:34:15,1.17.0,Bandit100,18,4.03,2.0,20,0,100,Pellet,Right,193,216,242,1,0.82,101.0,
2025-10-09 04:34:32,1.17.0,Bandit100,18,4.03,,20,0,100,Left,Right,194,216,242,2,,,0.39
2025-10-09 04:34:40,1.17.0,Bandit100,18,4.03,,20,0,100,LeftinTimeOut,Right,194,216,242,2,,,
2025-10-09 04:34:45,1.17.0,Bandit100,18,4.03,,20,0,100,LeftinTimeOut,Right,194,216,242,2,,,
2025-10-09 04:34:49,1.17.0,Bandit100,18,4.03,,20,0,100,LeftinTimeOut,Right,194,216,242,2,,,
2025-10-09 04:34:52,1.17.0,Bandit100,18,4.03,,20,0,100,LeftinTimeOut,Right,194,216,242,2,,,
2025-10-09 04:35:07,1.17.0,Bandit100,18,4.03,,20,0,100,Right,Right,194,217,242,2,,,0.55
2025-10-09 04:35:09,1.17.0,Bandit100,18,4.04,1.0,20,0,100,Pellet,Right,194,217,243,2,1.7,54.0,
2025-10-09 04:35:41,1.17.0,Bandit100,18,4.03,,20,0,100,Left,Right,195,217,243,3,,,0.4
2025-10-09 04:35:43,1.17.0,Bandit100,18,4.03,,20,0,100,LeftinTimeOut,Right,195,217,243,3,,,
2025-10-09 04:35:44,1.17.0,Bandit100,18,4.03,,20,0,100,LeftinTimeOut,Right,195,217,243,3,,,
2025-10-09 04:35:47,1.17.0,Bandit100,18,4.04,,20,0,100,LeftinTimeOut,Right,195,217,243,3,,,
2025-10-09 04:35:49,1.17.0,Bandit100,18,4.03,,20,0,100,LeftinTimeOut,Right,195,217,243,3,,,
2025-10-09 04:35:52,1.17.0,Bandit100,18,4.03,,20,0,100,RightinTimeout,Right,195,217,243,3,,,0.0
2025-10-09 04:35:52,1.17.0,Bandit100,18,4.03,,20,0,100,RightinTimeout,Right,195,217,243,3,,,0.0
2025-10-09 04:36:27,1.17.0,Bandit100,18,4.03,,20,0,100,Right,Right,195,218,243,3,,,0.33
2025-10-09 04:36:30,1.17.0,Bandit100,18,4.03,1.0,20,0,100,Pellet,Right,195,218,244,3,2.66,81.0,
2025-10-09 04:36:59,1.17.0,Bandit100,18,4.03,,20,0,100,Right,Right,195,219,244,4,,,0.03
2025-10-09 04:37:08,1.17.0,Bandit100,18,4.03,1.0,20,0,100,Pellet,Right,195,219,245,4,8.24,38.0,
2025-10-09 04:38:41,1.17.0,Bandit100,18,4.04,,20,0,100,Right,Right,195,220,245,5,,,0.15
2025-10-09 04:38:47,1.17.0,Bandit100,18,4.03,2.0,20,0,100,Pellet,Right,195,220,246,5,2.72,99.0,
2025-10-09 04:39:22,1.17.0,Bandit100,18,4.03,,20,0,100,Left,Right,196,220,246,6,,,0.22
2025-10-09 04:40:41,1.17.0,Bandit100,18,4.03,,20,0,100,Right,Right,196,221,246,6,,,0.04
2025-10-09 04:40:44,1.17.0,Bandit100,18,4.04,1.0,20,0,100,Pellet,Right,196,221,247,6,1.64,117.0,
2025-10-09 04:41:25,1.17.0,Bandit100,18,4.03,,20,0,100,Right,Right,196,222,247,7,,,0.13
2025-10-09 04:41:27,1.17.0,Bandit100,18,4.03,1.0,20,0,100,Pellet,Right,196,222,248,7,0.88,43.0,
2025-10-09 04:44:37,1.17.0,Bandit100,18,4.03,,20,0,100,Right,Right,196,223,248,8,,,0.22
2025-10-09 04:44:39,1.17.0,Bandit100,18,4.03,1.0,20,0,100,Pellet,Right,196,223,249,8,1.32,192.0,
2025-10-09 04:46:25,1.17.0,Bandit100,18,4.03,,20,0,100,Right,Right,196,224,249,9,,,0.44
2025-10-09 04:46:27,1.17.0,Bandit100,18,4.03,1.0,20,0,100,Pellet,Right,196,224,250,9,1.58,108.0,
2025-10-09 05:33:59,1.17.0,Bandit100,18,4.03,,20,0,100,Right,Right,196,225,250,10,,,0.21
2025-10-09 05:34:02,1.17.0,Bandit100,18,4.04,1.0,20,0,100,Pellet,Right,196,225,251,10,2.47,2855.0,
2025-10-09 05:35:18,1.17.0,Bandit100,18,4.04,,20,0,100,Right,Right,196,226,251,11,,,0.16
2025-10-09 05:35:22,1.17.0,Bandit100,18,4.03,1.0,20,0,100,Pellet,Right,196,226,252,11,2.34,80.0,
2025-10-09 05:36:48,1.17.0,Bandit100,18,4.03,,20,0,100,Right,Right,196,227,252,12,,,0.21
2025-10-09 05:36:50,1.17.0,Bandit100,18,4.03,,20,0,100,RightWithPellet,Right,196,228,252,12,,,0.1
2025-10-09 05:36:54,1.17.0,Bandit100,18,4.03,1.0,20,0,100,Pellet,Right,196,228,253,12,5.51,92.0,
2025-10-09 05:44:50,1.17.0,Bandit100,18,4.03,,20,0,100,Left,Right,197,228,253,13,,,0.07
2025-10-09 05:51:57,1.17.0,Bandit100,18,4.03,,20,0,100,Right,Right,197,229,253,13,,,0.37
2025-10-09 05:52:02,1.17.0,Bandit100,18,4.03,2.0,20,0,100,Pellet,Right,197,229,254,13,2.34,908.0,
2025-10-09 05:52:28,1.17.0,Bandit100,18,4.03,,20,0,100,Right,Right,197,230,254,14,,,0.16
2025-10-09 05:52:33,1.17.0,Bandit100,18,4.04,1.0,20,0,100,Pellet,Right,197,230,255,14,4.12,31.0,
2025-10-09 06:00:21,1.17.0,Bandit100,18,4.03,,20,0,100,Right,Right,197,231,255,15,,,0.28
2025-10-09 06:00:24,1.17.0,Bandit100,18,4.03,1.0,20,0,100,Pellet,Right,197,231,256,15,2.15,471.0,
2025-10-09 06:00:43,1.17.0,Bandit100,18,4.03,,20,0,100,Right,Right,197,232,256,16,,,0.19
2025-10-09 06:00:45,1.17.0,Bandit100,18,4.03,1.0,20,0,100,Pellet,Right,197,232,257,16,0.75,21.0,
2025-10-09 06:01:26,1.17.0,Bandit100,18,4.03,,20,0,100,Right,Right,197,233,257,17,,,0.08
2025-10-09 06:01:28,1.17.0,Bandit100,18,4.03,1.0,20,0,100,Pellet,Right,197,233,258,17,0.94,43.0,
2025-10-09 06:02:00,1.17.0,Bandit100,18,4.03,,20,0,100,Right,Right,197,234,258,18,,,0.07
2025-10-09 06:02:04,1.17.0,Bandit100,18,4.03,2.0,20,0,100,Pellet,Right,197,234,259,18,1.2,36.0,
2025-10-09 06:02:37,1.17.0,Bandit100,18,4.03,,20,0,100,Right,Right,197,235,259,19,,,0.22
2025-10-09 06:02:39,1.17.0,Bandit100,18,4.03,1.0,20,0,100,Pellet,Right,197,235,260,19,1.01,35.0,
2025-10-09 06:03:04,1.17.0,Bandit100,18,4.03,,20,100,0,Right,Left,197,236,260,0,,,0.05
2025-10-09 06:15:48,1.17.0,Bandit100,18,4.03,,20,100,0,Left,Left,198,236,260,0,,,0.2
2025-10-09 06:16:08,1.17.0,Bandit100,18,4.03,1.0,20,100,0,Pellet,Left,198,236,261,0,19.57,809.0,
2025-10-09 10:30:33,1.17.0,Bandit100,18,4.03,,20,100,0,Left,Left,199,236,261,1,,,0.32
2025-10-09 10:30:43,1.17.0,Bandit100,18,4.02,4.0,20,100,0,Pellet,Left,199,236,262,1,2.34,15275.0,
2025-10-09 10:31:23,1.17.0,Bandit100,18,4.02,,20,100,0,Left,Left,200,236,262,2,,,0.26
2025-10-09 10:31:31,1.17.0,Bandit100,18,4.02,1.0,20,100,0,Pellet,Left,200,236,263,2,6.91,48.0,
2025-10-09 10:34:31,1.17.0,Bandit100,18,4.02,,20,100,0,Right,Left,200,237,263,3,,,0.0
2025-10-09 10:34:32,1.17.0,Bandit100,18,4.02,,20,100,0,LeftinTimeOut,Left,200,237,263,3,,,
2025-10-09 10:34:41,1.17.0,Bandit100,18,4.02,,20,100,0,RightinTimeout,Left,200,237,263,3,,,0.0
2025-10-09 12:19:08,1.17.0,Bandit100,18,4.02,,20,100,0,Left,Left,201,237,263,3,,,0.35
2025-10-09 12:19:12,1.17.0,Bandit100,18,4.02,2.0,20,100,0,Pellet,Left,201,237,264,3,0.88,6461.0,
2025-10-09 12:26:40,1.17.0,Bandit100,18,4.02,,20,100,0,Left,Left,202,237,264,4,,,0.21
2025-10-09 12:26:42,1.17.0,Bandit100,18,4.02,1.0,20,100,0,Pellet,Left,202,237,265,4,0.75,450.0,
2025-10-09 12:27:17,1.17.0,Bandit100,18,4.02,,20,100,0,Left,Left,203,237,265,5,,,0.12
2025-10-09 12:27:20,1.17.0,Bandit100,18,4.02,1.0,20,100,0,Pellet,Left,203,237,266,5,1.9,37.0,
2025-10-09 12:27:52,1.17.0,Bandit100,18,4.02,,20,100,0,Right,Left,203,238,266,6,,,0.17
2025-10-09 12:27:55,1.17.0,Bandit100,18,4.02,,20,100,0,LeftinTimeOut,Left,203,238,266,6,,,
2025-10-09 12:29:15,1.17.0,Bandit100,18,4.02,,20,100,0,Right,Left,203,239,266,6,,,0.25
2025-10-09 12:36:54,1.17.0,Bandit100,18,4.02,,20,100,0,Left,Left,204,239,266,6,,,0.24
2025-10-09 12:36:56,1.17.0,Bandit100,18,4.02,1.0,20,100,0,Pellet,Left,204,239,267,6,0.56,577.0,
2025-10-09 12:37:38,1.17.0,Bandit100,18,4.02,,20,100,0,Left,Left,205,239,267,7,,,0.14
2025-10-09 12:37:39,1.17.0,Bandit100,18,4.02,1.0,20,100,0,Pellet,Left,205,239,268,7,0.69,43.0,
2025-10-09 12:38:16,1.17.0,Bandit100,18,4.02,,20,100,0,Left,Left,206,239,268,8,,,0.18
2025-10-09 12:38:17,1.17.0,Bandit100,18,4.02,1.0,20,100,0,Pellet,Left,206,239,269,8,1.13,38.0,
2025-10-09 12:41:51,1.17.0,Bandit100,18,4.02,,20,100,0,Left,Left,207,239,269,9,,,0.08
2025-10-09 12:41:54,1.17.0,Bandit100,18,4.02,1.0,20,100,0,Pellet,Left,207,239,270,9,2.59,217.0,
2025-10-09 12:42:27,1.17.0,Bandit100,18,4.02,,20,100,0,Left,Left,208,239,270,10,,,0.06
2025-10-09 12:42:31,1.17.0,Bandit100,18,4.02,2.0,20,100,0,Pellet,Left,208,239,271,10,1.32,37.0,
2025-10-09 12:43:01,1.17.0,Bandit100,18,4.02,,20,100,0,Right,Left,208,240,271,11,,,1.53
2025-10-09 14:25:34,1.17.0,Bandit100,18,4.02,,20,100,0,Left,Left,209,240,271,11,,,0.2
2025-10-09 14:25:35,1.17.0,Bandit100,18,4.02,1.0,20,100,0,Pellet,Left,209,240,272,11,0.82,6184.0,
2025-10-09 14:26:05,1.17.0,Bandit100,18,4.02,,20,100,0,Left,Left,210,240,272,12,,,0.29
2025-10-09 14:26:06,1.17.0,Bandit100,18,4.02,1.0,20,100,0,Pellet,Left,210,240,273,12,0.69,31.0,
2025-10-09 14:26:27,1.17.0,Bandit100,18,4.0,,20,100,0,Left,Left,211,240,273,13,,,0.03
2025-10-09 14:26:29,1.17.0,Bandit100,18,4.02,1.0,20,100,0,Pellet,Left,211,240,274,13,0.5,23.0,
2025-10-09 14:26:47,1.17.0,Bandit100,18,4.02,,20,100,0,Left,Left,212,240,274,14,,,0.0
2025-10-09 14:26:49,1.17.0,Bandit100,18,4.01,1.0,20,100,0,Pellet,Left,212,240,275,14,0.56,20.0,
2025-10-09 14:27:07,1.17.0,Bandit100,18,4.02,,20,100,0,Left,Left,213,240,275,15,,,0.0
2025-10-09 14:27:09,1.17.0,Bandit100,18,4.02,1.0,20,100,0,Pellet,Left,213,240,276,15,0.5,20.0,
2025-10-09 14:27:27,1.17.0,Bandit100,18,4.02,,20,100,0,Left,Left,214,240,276,16,,,0.29
2025-10-09 14:27:31,1.17.0,Bandit100,18,4.02,2.0,20,100,0,Pellet,Left,214,240,277,16,0.75,22.0,
2025-10-09 14:27:49,1.17.0,Bandit100,18,4.02,,20,100,0,Left,Left,215,240,277,17,,,0.02
2025-10-09 14:27:50,1.17.0,Bandit100,18,4.02,1.0,20,100,0,Pellet,Left,215,240,278,17,0.56,19.0,
2025-10-09 14:28:15,1.17.0,Bandit100,18,4.02,,20,100,0,Left,Left,216,240,278,18,,,0.6
2025-10-09 14:28:18,1.17.0,Bandit100,18,4.02,1.0,20,100,0,Pellet,Left,216,240,279,18,1.64,28.0,
