filename,PeakAccuracy,TotalAccuracy,Total_pellets,Total_pokes,PokesPerPellet,RetrievalTime,PokeTime,Win-stay,Lose-shift,Lose-stay,daily pellets,PeakAccuracy_Day,PeakAccuracy_Night,Win-stay_Day,Win-stay_Night,Lose-shift_Day,Lose-shift_Night,Session_type,Mouse_ID,Sex
CDKL5_005_178_78_Bandit100_20251006.csv,7538.461538461539,57.48945147679325,544,948,1.7426470588235294,1.65,0.13,74.81662591687042,46.82539682539682,53.17460317460318,189.05073150363745,7250.0,7578.947368421053,74.57627118644068,74.91408934707904,57.14285714285714,41.66666666666667,Bandit100,CDKL5_005_178_78,F
CDKL5_005_179_14_Bandit100_20251006.csv,7538.46153846154,65.68265682656826,534,831,1.5561797752808988,1.04,0.1,83.83084577114428,47.540983606557376,52.459016393442624,184.15263031851202,7750.0,7368.421052631578,75.45454545454545,86.94158075601375,66.66666666666666,37.5,Bandit100,CDKL5_005_179_14,F
CDKL5_005_179_17_Bandit100_20251006.csv,7650.0,61.327561327561334,424,695,1.6391509433962264,0.72,0.13,78.26086956521739,40.74074074074074,59.25925925925925,143.32608636255412,7250.0,7600.0,77.88461538461539,78.42323651452283,50.0,38.095238095238095,Bandit100,CDKL5_005_179_17,M
CDKL5_005_179_20_Bandit100_20251006.csv,7842.105263157894,66.72354948805462,390,592,1.5179487179487179,0.55,0.17,85.57046979865773,57.49999999999999,42.5,133.89986365221802,8142.857142857143,7846.153846153847,86.04651162790698,85.37735849056604,66.66666666666666,54.83870967741935,Bandit100,CDKL5_005_179_20,F
CDKL5_005_180_66_Bandit100_20251006.csv,7521.739130434784,58.13106796116505,478,834,1.7447698744769875,1.47,0.11,70.8454810495627,57.647058823529406,42.35294117647059,160.9753815931025,7555.555555555556,7058.823529411765,75.0,69.1358024691358,63.1578947368421,56.060606060606055,Bandit100,CDKL5_005_180_66,F
CDKL5_005_180_67_Bandit100_20251006.csv,7960.000000000001,58.173618940248026,516,892,1.7286821705426356,0.98,0.13,82.33618233618233,41.25,58.75,170.85045067140842,7230.7692307692305,8357.142857142857,79.23076923076923,84.16289592760181,45.714285714285715,36.36363636363637,Bandit100,CDKL5_005_180_67,M
CDKL5_005_180_69_Bandit100_20251006.csv,8200.0,66.2387676508344,516,780,1.5116279069767442,1.2,0.19,81.00558659217877,55.769230769230774,44.230769230769226,172.24720663915807,7818.181818181819,8125.0,81.57894736842105,80.73770491803278,68.75,50.0,Bandit100,CDKL5_005_180_69,M
CDKL5_005_182_57_Bandit100_20251006.csv,8333.333333333332,72.56410256410255,565,779,1.3787610619469026,0.79,0.16,88.12785388127854,59.09090909090909,40.909090909090914,189.43038097267146,7777.777777777777,8400.000000000002,86.60714285714286,88.61538461538461,54.54545454545454,60.60606060606061,Bandit100,CDKL5_005_182_57,M
CDKL5_005_182_64_Bandit100_20251006.csv,7035.714285714286,61.31078224101479,580,949,1.6362068965517242,1.16,0.11,73.67205542725173,56.12244897959183,43.87755102040816,195.77906095436038,6300.000000000002,7421.052631578947,61.87050359712231,79.25170068027211,53.65853658536586,57.89473684210527,Bandit100,CDKL5_005_182_64,F
CDKL5_005_182_65_Bandit100_20251006.csv,7269.2307692307695,61.9324796274738,531,863,1.625235404896422,0.92,0.18,74.61928934010153,54.87804878048781,45.1219512195122,178.6525500804552,8000.0,6789.473684210526,77.77777777777779,73.5593220338983,50.0,56.896551724137936,Bandit100,CDKL5_005_182_65,F
CDKL5_005_183_74_Bandit100_20251006.csv,7851.85185185185,65.09433962264151,552,848,1.536231884057971,1.28,0.19,84.05466970387245,49.2063492063492,50.79365079365079,185.3025511115946,7777.777777777778,7363.636363636362,86.32478632478633,83.22981366459628,57.14285714285714,46.93877551020408,Bandit100,CDKL5_005_183_74,F
CDKL5_005_183_75_Bandit100_20251006.csv,7680.0,62.39419588875453,515,830,1.6116504854368932,1.04,0.16,78.18181818181819,48.05194805194805,51.94805194805194,174.64391482160488,6692.307692307693,7500.0,77.41935483870968,78.544061302682,56.666666666666664,42.5531914893617,Bandit100,CDKL5_005_183_75,F
CDKL5_005_184_3_Bandit100_20251006.csv,6931.0344827586205,58.64734299516908,606,1045,1.7244224422442245,0.79,0.12,70.89201877934272,55.55555555555556,44.44444444444444,206.754790918445,7181.818181818181,6600.0,67.93893129770993,72.20338983050848,61.111111111111114,54.08163265306123,Bandit100,CDKL5_005_184_3,F
CDKL5_005_186_53_Bandit100_20251006.csv,7590.909090909091,60.264900662251655,454,760,1.6740088105726871,0.98,0.16,84.70948012232415,36.84210526315789,63.1578947368421,151.98447370659326,7875.0,7500.0,95.14563106796116,79.91071428571429,29.411764705882355,40.0,Bandit100,CDKL5_005_186_53,M
CDKL5_005_275_28_Bandit100_20251006.csv,8000.0,60.67415730337079,486,806,1.6584362139917694,1.1,0.16,83.0028328611898,42.3728813559322,57.6271186440678,163.81063842237697,8083.333333333333,7588.235294117648,85.22727272727273,82.26415094339623,42.857142857142854,42.22222222222222,Bandit100,CDKL5_005_275_28,M
CDKL5_005_275_29_Bandit100_20251006.csv,7833.333333333333,58.752997601918466,490,835,1.7040816326530612,0.76,0.11,76.12732095490716,46.3768115942029,53.62318840579711,165.13954713006845,7200.0,8000.0,77.68595041322314,75.390625,58.82352941176471,42.30769230769231,Bandit100,CDKL5_005_275_29,M
CDKL5_005_281_35_Bandit100_20251006.csv,8038.461538461539,68.6624203821656,538,785,1.4591078066914498,1.34,0.15,87.11943793911007,48.07692307692308,51.92307692307693,187.2769607547443,7750.0,8100.000000000002,89.7196261682243,86.47798742138365,63.63636363636363,43.90243902439025,Bandit100,CDKL5_005_281_35,M
CDKL5_005_281_36_Bandit100_20251006.csv,7583.333333333334,63.07692307692307,491,780,1.5885947046843176,0.61,0.14,88.46153846153845,43.18181818181818,56.81818181818182,165.82393533815227,7625.0,7684.21052631579,90.625,88.05460750853243,42.857142857142854,43.24324324324324,Bandit100,CDKL5_005_281_36,M
CNTNAP2_008_242_53_Bandit100_20251117.csv,7925.925925925925,59.56521739130435,547,920,1.6819012797074955,0.79,0.2,72.41379310344827,44.354838709677416,55.64516129032258,190.31601964772375,7333.333333333334,7600.0,80.80000000000001,68.93203883495146,45.83333333333333,44.0,Bandit100,CNTNAP2_008_242_53,M
CNTNAP2_008_243_81_Bandit100_20251117.csv,7233.333333333334,56.98324022346368,612,1074,1.7549019607843137,0.98,0.13,69.95614035087719,49.54128440366973,50.45871559633027,206.60326490423313,7700.0,6818.181818181816,78.94736842105263,66.25386996904025,53.333333333333336,48.10126582278481,Bandit100,CNTNAP2_008_243_81,F
CNTNAP2_008_243_82_Bandit100_20251117.csv,7103.44827586207,61.77083333333333,593,963,1.623946037099494,0.98,0.14,74.67248908296943,48.31460674157304,51.68539325842697,203.281212183732,8111.111111111111,6761.904761904762,85.03401360544217,69.77491961414792,78.57142857142857,42.66666666666667,Bandit100,CNTNAP2_008_243_82,F
CNTNAP2_008_244_32_Bandit100_20251117.csv,8034.48275862069,61.98347107438017,600,970,1.6166666666666667,1.04,0.14,83.47457627118644,49.45054945054945,50.54945054945055,208.65029341447513,8571.42857142857,7869.565217391303,85.96491228070175,82.68156424581005,52.17391304347826,48.529411764705884,Bandit100,CNTNAP2_008_244_32,M
CNTNAP2_008_244_35_Bandit100_20251117.csv,7960.000000000001,59.76331360946746,504,848,1.6825396825396826,1.04,0.16,75.20435967302453,45.45454545454545,54.54545454545454,171.85666007578203,7333.333333333333,7333.333333333334,70.78651685393258,76.61870503597122,47.61904761904761,44.642857142857146,Bandit100,CNTNAP2_008_244_35,M
CNTNAP2_008_245_99_Bandit100_20251117.csv,8444.444444444443,61.951219512195124,380,616,1.6210526315789473,0.85,0.15,76.58862876254182,43.75,56.25,129.15862328734875,8000.0,8333.333333333334,76.23762376237624,76.76767676767676,40.0,43.75,Bandit100,CNTNAP2_008_245_99,M
CNTNAP2_008_246_28_Bandit100_20251117.csv,8000.0,62.44444444444445,561,901,1.606060606060606,1.28,0.16,79.2056074766355,45.56962025316456,54.43037974683544,189.9822368987347,7666.666666666669,7590.909090909091,86.79245283018868,76.70807453416148,56.25,42.857142857142854,Bandit100,CNTNAP2_008_246_28,F
CNTNAP2_008_246_29_Bandit100_20251117.csv,7689.6551724137935,61.75869120654397,603,979,1.6235489220563848,0.55,0.13,80.04158004158003,47.674418604651166,52.32558139534884,204.63576938008055,7200.0,7800.0,71.42857142857143,81.88585607940446,46.42857142857143,48.275862068965516,Bandit100,CNTNAP2_008_246_29,M
CNTNAP2_008_247_49_Bandit100_20251117.csv,8222.22222222222,65.77726218097449,566,863,1.5247349823321554,1.04,0.14,84.78747203579418,46.26865671641791,53.73134328358209,191.92026827968783,7111.11111111111,8238.095238095239,80.80000000000001,86.25,50.0,44.44444444444444,Bandit100,CNTNAP2_008_247_49,M
CNTNAP2_008_247_51_Bandit100_20251117.csv,8250.0,70.13301088270859,580,833,1.436206896551724,0.79,0.15,88.61607142857143,48.529411764705884,51.470588235294116,199.70270948819007,7900.000000000002,7772.727272727272,89.62962962962962,88.17891373801918,42.857142857142854,52.17391304347826,Bandit100,CNTNAP2_008_247_51,M
CNTNAP2_008_248_45_Bandit100_20251117.csv,7080.0,58.683314415437,516,886,1.7170542635658914,1.46,0.13,71.23287671232876,52.80898876404494,47.19101123595505,177.2965420887181,7428.571428571427,7052.631578947368,77.89473684210526,68.88888888888889,52.63157894736842,52.85714285714286,Bandit100,CNTNAP2_008_248_45,F
CNTNAP2_008_248_46_Bandit100_20251117.csv,6958.333333333333,59.228971962616825,506,867,1.7134387351778657,1.34,0.19,70.14492753623188,48.51485148514851,51.48514851485149,171.97776312070104,6625.0,7125.0,76.14678899082568,67.65957446808511,46.15384615384615,50.0,Bandit100,CNTNAP2_008_248_46,F
CNTNAP2_008_248_48_Bandit100_20251117.csv,7464.285714285714,59.937565036420395,575,981,1.7060869565217391,1.16,0.13,78.81548974943053,46.22641509433962,53.77358490566038,197.21337201008134,6875.0,7363.636363636362,78.78787878787878,78.76106194690266,46.42857142857143,46.15384615384615,Bandit100,CNTNAP2_008_248_48,F
CNTNAP2_008_342_40_Bandit100_20251117.csv,8310.344827586207,63.965884861407254,599,943,1.5742904841402336,1.04,0.14,84.15178571428571,47.5,52.5,205.71918379009026,8545.454545454546,7727.272727272727,85.98726114649682,83.16151202749141,65.21739130434783,39.285714285714285,Bandit100,CNTNAP2_008_342_40,M
CNTNAP2_008_352_55_Bandit100_20251117.csv,7565.217391304347,61.29441624365482,482,792,1.6431535269709543,0.73,0.16,73.65591397849462,47.31182795698925,52.68817204301075,163.34876875442805,7200.0,7312.5,70.75471698113208,74.81203007518798,64.70588235294117,43.42105263157895,Bandit100,CNTNAP2_008_352_55,F
CNTNAP2_008_352_58_Bandit100_20251117.csv,7666.666666666667,62.189054726368155,500,804,1.608,1.22,0.12,75.69060773480662,56.75675675675676,43.24324324324324,168.88920164666973,7000.0,7368.421052631579,70.0,77.49077490774908,61.53846153846154,54.166666666666664,Bandit100,CNTNAP2_008_352_58,F
ChowHFD_177_Bandit100_20250721.csv,8000.0,65.32066508313538,549,844,1.5373406193078325,0.79,0.2,78.47222222222221,45.16129032258064,54.83870967741935,185.21333442465772,8181.818181818181,8058.823529411765,80.13698630136986,77.62237762237763,39.130434782608695,48.717948717948715,Bandit100,ChowHFD_177,M
ChowHFD_182_Bandit100_20250721.csv,7370.370370370371,64.80380499405469,545,843,1.546788990825688,0.85,0.13,83.81962864721486,44.44444444444444,55.55555555555556,181.0018758264399,7545.454545454547,7294.117647058823,85.18518518518519,83.05785123966942,50.0,41.46341463414634,Bandit100,ChowHFD_182,M
ChowHFD_183_Bandit100_20250721.csv,8192.307692307691,65.46583850931677,527,804,1.5256166982922201,0.72,0.22,80.38277511961722,47.368421052631575,52.63157894736842,176.25349833744298,8111.111111111111,7833.333333333333,83.7037037037037,78.79858657243817,35.294117647058826,52.5,Bandit100,ChowHFD_183,M
ChowHFD_184_Bandit100_20250721.csv,8133.333333333333,73.1678486997636,618,849,1.3737864077669903,0.79,0.23,90.31007751937985,46.15384615384615,53.84615384615385,211.13352572175265,7916.666666666667,8380.95238095238,90.3954802259887,90.23668639053254,63.63636363636363,39.285714285714285,Bandit100,ChowHFD_184,M
ChowHFD_185_Bandit100_20250721.csv,8444.444444444443,70.30456852791879,553,789,1.426763110307414,0.79,0.14,85.71428571428571,51.11111111111111,48.888888888888886,193.0823434668814,8800.000000000002,8117.647058823529,92.4812030075188,82.07171314741036,55.55555555555556,50.0,Bandit100,ChowHFD_185,M
ChowHFD_186_Bandit100_20250721.csv,8423.076923076922,68.61499364675984,540,787,1.4574074074074075,0.72,0.12,89.41441441441441,43.58974358974359,56.41025641025641,183.72771628055335,8750.0,8166.666666666667,93.57142857142857,87.5,66.66666666666666,36.666666666666664,Bandit100,ChowHFD_186,M
ChowHFD_187_Bandit100_20250721.csv,7967.74193548387,65.69343065693431,629,961,1.5278219395866455,0.66,0.15,85.66037735849056,53.44827586206896,46.55172413793103,209.47630922693264,8416.666666666668,7619.04761904762,84.7953216374269,86.0724233983287,66.66666666666666,50.0,Bandit100,ChowHFD_187,M
ChowHFD_189_Bandit100_20250721.csv,7148.14814814815,65.69767441860465,564,866,1.5354609929078014,0.85,0.09,81.0304449648712,53.125,46.875,189.02540551633876,7444.444444444444,6875.0,79.14110429447852,82.06106870229007,48.0,56.41025641025641,Bandit100,ChowHFD_189,M
ChowHFD_190_Bandit100_20250721.csv,8043.478260869567,71.19645494830132,482,681,1.4128630705394192,1.23,0.16,84.21052631578947,47.82608695652174,52.17391304347826,161.60248972638618,8666.666666666668,7611.111111111111,83.4862385321101,84.48275862068965,46.15384615384615,46.875,Bandit100,ChowHFD_190,M
ChowHFD_670_Bandit100_20250721.csv,7724.137931034483,63.70449678800857,594,935,1.5740740740740742,0.85,0.16,82.25108225108225,41.46341463414634,58.536585365853654,197.34281250359885,7090.909090909092,8166.666666666667,78.125,84.71760797342192,40.909090909090914,42.10526315789473,Bandit100,ChowHFD_670,M
ChowHFD_671_Bandit100_20250721.csv,7964.285714285716,72.06068268015171,569,791,1.390158172231986,0.72,0.11,90.41095890410958,52.38095238095239,47.61904761904761,188.58127512923605,7666.666666666666,7941.176470588236,92.07317073170732,89.74358974358975,64.28571428571429,46.42857142857143,Bandit100,ChowHFD_671,M
ChowHFD_672_Bandit100_20250721.csv,7233.333333333334,62.56306760847629,619,995,1.6074313408723748,0.72,0.12,78.03738317757009,46.53465346534654,53.46534653465347,208.93903994445765,7333.333333333334,7000.0,72.6027397260274,81.13879003558719,38.88888888888889,50.76923076923077,Bandit100,ChowHFD_672,M
ChowHFD_674_Bandit100_20250721.csv,8000.0,66.0559305689489,684,1039,1.5190058479532165,0.72,0.18,85.4581673306773,52.17391304347826,47.82608695652174,226.17973921151994,8166.666666666667,7818.181818181819,86.82634730538922,84.98498498498499,48.38709677419355,55.26315789473685,Bandit100,ChowHFD_674,M
DNMT3a_002_19_45_Bandit100_20250428.csv,7920.0,73.93162393162393,519,703,1.3545279383429671,0.37,0.12,94.67312348668281,39.39393939393939,60.60606060606061,173.3779264214047,8230.769230769232,7714.285714285716,94.64285714285714,95.08196721311475,33.33333333333333,46.666666666666664,Bandit100,DNMT3A_002_19_45,M
DNMT3a_002_19_47_Bandit100_20250428.csv,7280.0,60.7773851590106,515,851,1.6524271844660194,0.37,0.17,84.73520249221184,54.41176470588235,45.588235294117645,171.74556213017752,7285.714285714284,6947.368421052632,83.47826086956522,85.43689320388349,58.82352941176471,52.94117647058824,Bandit100,DNMT3A_002_19_47,F
DNMT3a_002_19_49_Bandit100_20250428.csv,7705.882352941178,65.81352833638026,359,548,1.5264623955431755,0.88,0.15,86.4963503649635,48.0,52.0,120.15014119314989,7200.0,7545.454545454547,84.88372093023256,87.2340425531915,38.095238095238095,55.172413793103445,Bandit100,DNMT3A_002_19_49,F
DNMT3a_002_19_53_Bandit100_20250428.csv,8565.217391304346,67.75568181818183,476,713,1.4978991596638656,0.94,0.12,92.39766081871345,62.5,37.5,159.90439755717134,8363.636363636362,8266.666666666668,94.0677966101695,91.51785714285714,53.84615384615385,68.42105263157895,Bandit100,DNMT3A_002_19_53,F
DNMT3a_002_22_11_Bandit100_20250331.csv,7818.181818181817,65.4178674351585,453,698,1.5408388520971303,0.56,0.1,85.33724340175954,44.0,56.00000000000001,150.1441131776477,7600.0,7785.714285714286,84.7328244274809,85.71428571428571,27.77777777777778,53.125,Bandit100,DNMT3A_002_22_11,F
DNMT3a_002_22_12_Bandit100_20250331.csv,8545.454545454546,69.5046439628483,449,650,1.447661469933185,0.69,0.08,93.5103244837758,36.11111111111111,63.888888888888886,147.88598701590797,8214.285714285714,8900.0,91.30434782608695,95.50561797752809,42.857142857142854,31.818181818181817,Bandit100,DNMT3A_002_22_12,M
DNMT3a_002_22_9_Bandit100_20250331.csv,7900.0,67.20779220779221,620,931,1.5016129032258065,0.69,0.11,89.937106918239,47.61904761904761,52.38095238095239,205.00531097882487,8333.333333333332,7611.111111111111,89.71428571428571,90.06622516556291,64.28571428571429,42.857142857142854,Bandit100,DNMT3A_002_22_9,F
DNMT3a_002_23_5_Bandit100_20250331.csv,7631.578947368421,64.97545008183306,396,610,1.5404040404040404,0.63,0.13,93.9799331103679,21.62162162162162,78.37837837837837,130.97907438521463,7692.307692307692,7428.5714285714275,92.3076923076923,96.15384615384616,25.0,17.647058823529413,Bandit100,DNMT3A_002_23_5,F
DNMT3a_002_24_2_Bandit100_20250331.csv,6959.999999999999,62.45530393325387,523,842,1.6099426386233269,0.56,0.13,81.79347826086956,55.10204081632652,44.89795918367347,173.652354687512,6636.363636363638,6941.176470588235,83.96946564885496,80.59071729957806,57.57575757575758,53.84615384615385,Bandit100,DNMT3A_002_24_2,F
DNMT3a_002_25_24_Bandit100_20250331.csv,8148.148148148147,66.10576923076923,549,832,1.5154826958105647,0.88,0.14,86.88118811881188,52.27272727272727,47.72727272727273,183.9671398761938,7333.333333333334,8571.42857142857,78.32512315270937,95.52238805970148,51.61290322580645,53.84615384615385,Bandit100,DNMT3A_002_25_24,M
DNMT3a_002_25_29_Bandit100_20250331.csv,8346.153846153848,68.18181818181817,540,792,1.4666666666666666,0.56,0.15,89.29440389294405,51.42857142857142,48.57142857142857,177.93643166060275,7928.571428571429,8428.57142857143,85.87570621468926,91.84549356223177,50.0,57.14285714285714,Bandit100,DNMT3A_002_25_29,M
DNMT3a_002_26_55_Bandit100_20250428.csv,8050.0,63.74807987711214,414,650,1.570048309178744,0.82,0.18,85.48895899053628,40.74074074074074,59.25925925925925,138.60337463035623,8300.0,7615.384615384616,85.48387096774194,85.41666666666666,37.93103448275862,44.0,Bandit100,DNMT3A_002_26_55,F
DNMT3a_002_26_56_Bandit100_20250428.csv,7296.2962962962965,56.635318704284224,542,967,1.7841328413284132,0.63,0.13,72.8862973760933,44.18604651162791,55.81395348837209,180.26746325652297,7307.692307692308,7187.5,73.13432835820896,73.07692307692307,52.94117647058824,38.46153846153847,Bandit100,DNMT3A_002_26_56,F
DNMT3a_002_26_59_Bandit100_20250428.csv,8722.22222222222,67.09323583180988,366,550,1.5027322404371584,0.88,0.13,91.57509157509158,52.38095238095239,47.61904761904761,122.88946505598253,8857.142857142859,8909.09090909091,90.32258064516128,92.22222222222223,44.44444444444444,58.333333333333336,Bandit100,DNMT3A_002_26_59,M
DNMT3a_002_27_40_Bandit100_20250428.csv,7700.000000000002,62.225475841874086,424,686,1.6179245283018868,0.595,0.12,80.13245033112582,44.44444444444444,55.55555555555556,147.17021967319553,6100.0,7928.571428571429,75.63025210084034,83.06010928961749,45.16129032258064,44.44444444444444,Bandit100,DNMT3A_002_27_40,M
DNMT3a_002_28_31_Bandit100_20250428.csv,7913.043478260869,66.34214186369958,477,718,1.5052410901467506,0.63,0.2,85.56701030927834,58.333333333333336,41.66666666666667,158.83822033114419,8000.0,7857.142857142859,79.22077922077922,90.12875536480686,40.0,81.25,Bandit100,DNMT3A_002_28_31,M
FMR1_007_207_61_Bandit100_20251103.csv,6925.925925925925,54.67196819085487,549,1016,1.8506375227686702,1.16,0.1,69.3069306930693,45.16129032258064,54.83870967741935,179.6020182550031,6111.111111111113,6904.7619047619055,60.416666666666664,72.31270358306189,29.411764705882355,54.23728813559322,Bandit100,FMR1_007_207_61,F
FMR1_007_210_79_Bandit100_20251103.csv,8740.74074074074,70.88607594936708,560,789,1.4089285714285715,0.56,0.15,92.05020920502092,39.39393939393939,60.60606060606061,188.4244222725892,7818.181818181819,9000.0,92.0,92.07317073170732,60.0,35.714285714285715,Bandit100,FMR1_007_210_79,M
FMR1_007_211_81_Bandit100_20251103.csv,7181.818181818181,62.585034013605444,460,739,1.6065217391304347,1.1,0.23,81.57894736842105,57.14285714285714,42.857142857142854,150.6635884955249,8000.0,7235.294117647058,88.0,79.7752808988764,58.333333333333336,56.896551724137936,Bandit100,FMR1_007_211_81,F
FMR1_007_211_83_Bandit100_20251103.csv,6919.999999999999,58.08656036446469,509,879,1.7269155206286837,1.77,0.16,65.38461538461539,51.26050420168067,48.739495798319325,170.78010666005207,6222.222222222222,7000.0,66.66666666666666,64.82758620689654,52.63157894736842,50.617283950617285,Bandit100,FMR1_007_211_83,F
FMR1_007_213_39_Bandit100_20251103.csv,7961.538461538463,70.2774108322325,532,758,1.4248120300751879,0.63,0.09,85.60975609756098,41.46341463414634,58.536585365853654,178.6865808573417,8000.0,7809.52380952381,90.29126213592234,84.03908794788273,20.0,48.38709677419355,Bandit100,FMR1_007_213_39,M
FMR1_007_213_40_Bandit100_20251103.csv,7875.0,56.9634703196347,499,877,1.7575150300601203,0.79,0.17,77.80748663101605,36.04651162790697,63.95348837209303,164.8936943276869,7666.666666666667,7421.052631578948,81.73076923076923,76.2081784386617,32.35294117647059,38.46153846153847,Bandit100,FMR1_007_213_40,F
FMR1_007_214_94_Bandit100_20251103.csv,8200.0,65.40880503144653,520,796,1.5307692307692307,0.42,0.17,85.61484918793504,45.45454545454545,54.54545454545454,176.40060779055568,8333.333333333332,7849.999999999998,78.04878048780488,87.39255014326648,37.5,47.22222222222222,Bandit100,FMR1_007_214_94,M
FMR1_007_214_98_Bandit100_20251103.csv,7541.666666666667,56.97538100820633,485,854,1.7608247422680412,0.69,0.13,71.27071823204419,40.38461538461539,59.61538461538461,165.2423715340359,7250.0,7368.421052631578,73.91304347826086,70.63197026022306,30.434782608695656,43.20987654320987,Bandit100,FMR1_007_214_98,M
FMR1_007_218_77_Bandit100_20251103.csv,7500.0,61.444141689373296,451,733,1.6252771618625277,0.75,0.09,76.10619469026548,48.97959183673469,51.02040816326531,152.03789398113105,6600.0,7866.666666666666,72.09302325581395,78.57142857142857,51.85185185185185,45.45454545454545,Bandit100,FMR1_007_218_77,M
FMR1_007_221_47_Bandit100_20251103.csv,7700.0,54.40414507772021,420,773,1.8404761904761904,0.88,0.12,73.62637362637363,33.33333333333333,66.66666666666666,141.30125811388052,7250.0,7692.307692307692,73.22834645669292,73.79310344827587,25.925925925925924,42.857142857142854,Bandit100,FMR1_007_221_47,M
FMR1_007_221_51_Bandit100_20251103.csv,7750.0,59.74842767295597,569,957,1.6818980667838312,0.82,0.11,77.41176470588236,54.44444444444444,45.55555555555556,191.8937664139151,7375.0,7772.727272727272,83.33333333333334,75.82089552238806,66.66666666666666,51.388888888888886,Bandit100,FMR1_007_221_51,M
FMR1_007_307_40_Bandit100_20251103.csv,7318.181818181817,56.44171779141104,460,822,1.7869565217391303,1.41,0.18,75.15723270440252,46.07843137254902,53.92156862745098,150.4724981826993,8666.666666666666,6750.0,66.07142857142857,77.01149425287356,36.36363636363637,48.75,Bandit100,FMR1_007_307_40,F
MYT1L_001_10_42_Bandit100_20250303.csv,7857.142857142857,61.66842661034847,584,950,1.6267123287671232,1.1,0.14,77.48815165876776,45.09803921568628,54.90196078431373,193.21975484508368,7636.363636363638,7789.473684210526,78.61635220125787,76.80608365019012,42.22222222222222,47.368421052631575,Bandit100,MYT1L_001_10_42,F
MYT1L_001_10_44_Bandit100_20250303.csv,7407.407407407408,59.17721518987342,560,952,1.7,0.94,0.13,76.67560321715817,37.66233766233766,62.33766233766234,186.35248443018523,7090.909090909091,7333.333333333333,71.42857142857143,80.66037735849056,33.33333333333333,41.46341463414634,Bandit100,MYT1L_001_10_44,M
MYT1L_001_12_45_Bandit100_20250303.csv,7423.076923076923,61.19235095613048,543,888,1.6353591160220995,0.94,0.14,79.17737789203085,44.21052631578947,55.78947368421052,181.10974106041925,6833.333333333333,7411.764705882353,85.61151079136691,75.6,65.0,38.666666666666664,Bandit100,MYT1L_001_12_45,M
MYT1L_001_12_48_Bandit100_20250303.csv,6916.666666666667,56.67420814479638,501,887,1.7704590818363273,1.64,0.13,71.03064066852369,48.484848484848484,51.515151515151516,166.52906710575417,6666.666666666666,6684.210526315789,65.17857142857143,73.68421052631578,40.0,53.125,Bandit100,MYT1L_001_12_48,F
MYT1L_001_1_1_Bandit100_20250303.csv,6413.793103448274,50.0,591,1189,2.011844331641286,0.75,0.17,64.47058823529412,40.588235294117645,59.411764705882355,198.90385986233974,6500.0,6315.78947368421,60.86956521739131,66.66666666666666,36.95652173913043,41.46341463414634,Bandit100,MYT1L_001_1_1,F
MYT1L_001_1_3_Bandit100_20250303.csv,7535.714285714286,62.691466083150985,572,923,1.6136363636363635,0.94,0.1,75.22727272727273,54.54545454545454,45.45454545454545,193.56291639298115,7100.0,7684.210526315789,73.94366197183099,75.75757575757575,58.333333333333336,52.38095238095239,Bandit100,MYT1L_001_1_3,M
MYT1L_001_1_4_Bandit100_20250303.csv,6965.517241379311,62.76150627615063,600,963,1.605,0.88,0.13,77.6255707762557,54.11764705882353,45.88235294117647,198.4473333639579,7700.0,6684.210526315789,79.54545454545455,76.79738562091504,40.909090909090914,58.730158730158735,Bandit100,MYT1L_001_1_4,F
MYT1L_001_2_6_Bandit100_20250303.csv,8033.333333333333,65.56854410201913,616,943,1.530844155844156,0.94,0.1,81.02345415778251,50.0,50.0,203.9380712096925,7400.0,7909.090909090909,82.17054263565892,80.53097345132744,46.15384615384615,52.17391304347826,Bandit100,MYT1L_001_2_6,F
MYT1L_001_2_9_Bandit100_20250303.csv,7535.714285714286,61.733615221987314,583,970,1.6638078902229845,1.39,0.09,79.22705314009661,48.148148148148145,51.85185185185185,194.45285854673682,7400.0,7200.0,84.44444444444444,76.61870503597122,48.0,48.19277108433735,Bandit100,MYT1L_001_2_9,M
MYT1L_001_3_19_Bandit100_20250303.csv,8285.714285714284,57.938144329896915,562,971,1.7277580071174377,1.51,0.13,83.50785340314137,37.27272727272727,62.727272727272734,187.88204749209692,8400.000000000002,7888.888888888889,90.5982905982906,80.37735849056604,45.83333333333333,34.883720930232556,Bandit100,MYT1L_001_3_19,M
MYT1L_001_5_22_Bandit100_20250303.csv,7444.4444444444425,60.12793176972282,563,942,1.6731793960923624,0.82,0.08,76.59033078880407,51.24999999999999,48.75,188.8495314570948,8400.000000000002,6611.111111111111,75.0,77.93427230046949,37.5,57.14285714285714,Bandit100,MYT1L_001_5_22,M
MYT1L_001_5_23_Bandit100_20250303.csv,7407.407407407408,61.93619361936194,563,915,1.625222024866785,1.32,0.2,77.97029702970298,46.666666666666664,53.333333333333336,186.11641458683266,6666.666666666667,7590.909090909091,83.49514563106796,76.0797342192691,52.0,45.0,Bandit100,MYT1L_001_5_23,F
MYT1L_001_5_26_Bandit100_20250303.csv,7172.4137931034475,58.333333333333336,594,1020,1.7171717171717171,1.13,0.14,76.68161434977578,50.476190476190474,49.523809523809526,198.20792399870453,8000.0,6619.04761904762,79.45205479452055,75.25083612040135,54.285714285714285,48.57142857142857,Bandit100,MYT1L_001_5_26,M
MYT1L_001_5_27_Bandit100_20250303.csv,6846.153846153847,55.99173553719008,541,975,1.8022181146025877,1.45,0.2,70.88948787061994,43.41085271317829,56.58914728682171,179.11598659751226,6857.142857142857,7210.526315789472,74.28571428571429,69.54887218045113,38.095238095238095,45.97701149425287,Bandit100,MYT1L_001_5_27,F
MYT1L_001_7_30_Bandit100_20250303.csv,7969.69696969697,66.02687140115164,687,1041,1.51528384279476,0.69,0.13,83.04761904761905,47.76119402985074,52.23880597014925,231.08249947519417,7800.0,7913.04347826087,84.14634146341463,82.54847645429363,47.82608695652174,47.72727272727273,Bandit100,MYT1L_001_7_30,M
MYT1L_001_7_32_Bandit100_20250303.csv,7931.03448275862,60.46747967479674,594,989,1.664983164983165,0.9099999999999999,0.15,82.41525423728814,38.57142857142858,61.42857142857143,197.40116118330104,7928.5714285714275,7937.5,83.87096774193549,81.25,46.875,31.57894736842105,Bandit100,MYT1L_001_7_32,F
MYT1L_001_8_34_Bandit100_20250303.csv,7666.666666666667,56.78438661710037,610,1090,1.7868852459016393,1.32,0.17,74.25968109339408,47.14285714285714,52.85714285714286,203.50336150003085,7750.0,7263.157894736841,74.71910112359551,73.9463601532567,50.0,45.45454545454545,Bandit100,MYT1L_001_8_34,M
MYT1L_001_8_36_Bandit100_20250303.csv,7233.333333333334,53.36206896551724,618,1166,1.8867313915857604,1.07,0.18,63.895486935866984,44.76744186046512,55.23255813953488,206.19968538909964,7466.666666666667,7111.111111111111,69.39890710382514,59.66386554621849,49.056603773584904,42.857142857142854,Bandit100,MYT1L_001_8_36,M
MYT1L_001_8_41_Bandit100_20250303.csv,8240.0,66.83738796414853,521,784,1.5047984644913628,1.58,0.12,81.93069306930693,54.09836065573771,45.90163934426229,173.91076338144393,9125.0,7777.777777777778,90.47619047619048,77.04280155642024,40.0,56.86274509803921,Bandit100,MYT1L_001_8_41,F
MYT1L_001_9_11_Bandit100_20250303.csv,7233.333333333334,61.14965312190287,616,1015,1.6477272727272727,1.13,0.11,75.63805104408353,50.0,50.0,204.1301775601089,7125.0,7363.636363636366,80.15873015873017,73.68421052631578,50.0,50.0,Bandit100,MYT1L_001_9_11,F
NF1_003_140_12_Bandit100_20250804.csv,7258.064516129032,58.63342566943675,634,1088,1.7160883280757098,1.22,0.13,74.27466150870407,37.5,62.5,214.180310589558,7230.7692307692305,7300.0,69.10112359550563,77.3529411764706,31.70731707317073,40.845070422535215,Bandit100,NF1_003_140_12,F
NF1_003_140_15_Bandit100_20250804.csv,7559.999999999999,61.36631330977621,521,852,1.63531669865643,1.435,0.1,79.22705314009661,48.68421052631579,51.31578947368421,177.85504314568385,6222.222222222222,7600.0,83.33333333333334,77.88461538461539,38.46153846153847,50.79365079365079,Bandit100,NF1_003_140_15,F
NF1_003_140_8_Bandit100_20250804.csv,7518.518518518517,60.470085470085465,566,937,1.6554770318021201,0.98,0.12,79.11111111111111,48.80952380952381,51.19047619047619,190.19734436864582,7444.444444444444,7347.826086956522,80.34188034188034,78.6144578313253,52.63157894736842,47.69230769230769,Bandit100,NF1_003_140_8,F
NF1_003_141_19_Bandit100_20250804.csv,7555.555555555556,64.50471698113208,547,865,1.5813528336380256,1.16,0.14,82.82828282828282,48.86363636363637,51.13636363636363,184.67309585957892,7818.181818181819,7157.894736842106,74.60317460317461,86.34686346863468,40.0,52.38095238095239,Bandit100,NF1_003_141_19,F
NF1_003_141_23_Bandit100_20250804.csv,7793.1034482758605,67.48057713651498,607,906,1.4925864909390445,0.85,0.18,83.62919132149902,50.0,50.0,205.0022049038623,8142.857142857143,7476.190476190477,82.73381294964028,83.96739130434783,64.70588235294117,45.90163934426229,Bandit100,NF1_003_141_23,M
NF1_003_142_55_Bandit100_20250804.csv,7370.370370370371,57.861635220125784,551,955,1.7332123411978222,0.72,0.14,71.62790697674419,54.95495495495496,45.04504504504504,186.46461329142133,6444.444444444444,7578.947368421053,70.49180327868852,72.07792207792207,55.00000000000001,54.929577464788736,Bandit100,NF1_003_142_55,M
NF1_003_144_26_Bandit100_20250804.csv,8578.947368421052,69.44444444444444,399,578,1.4486215538847118,1.04,0.12,82.82208588957054,54.54545454545454,45.45454545454545,139.63072199103067,7666.666666666666,8666.666666666668,83.33333333333334,82.54716981132076,57.89473684210527,50.0,Bandit100,NF1_003_144_26,M
NF1_003_144_28_Bandit100_20250804.csv,8458.333333333332,66.22516556291392,499,756,1.5150300601202404,0.66,0.13,83.48837209302326,26.31578947368421,73.68421052631578,169.23058842885854,8000.0,8538.461538461539,87.95811518324608,79.9163179916318,28.57142857142857,23.52941176470588,Bandit100,NF1_003_144_28,M
NF1_003_145_34_Bandit100_20250804.csv,9000.0,70.4874835309618,534,759,1.4213483146067416,1.16,0.11,85.86956521739131,52.5,47.5,182.0193659406736,7125.0,9500.0,74.59016393442623,89.94082840236686,64.28571428571429,44.0,Bandit100,NF1_003_145_34,M
NF1_003_146_42_Bandit100_20250804.csv,7966.666666666666,61.812627291242364,607,985,1.6227347611202636,0.85,0.13,79.06458797327394,54.285714285714285,45.714285714285715,208.49321385693042,7500.000000000002,8050.0,78.67647058823529,79.2332268370607,58.82352941176471,50.0,Bandit100,NF1_003_146_42,F
NF1_003_146_46_Bandit100_20250804.csv,8148.14814814815,73.01587301587301,552,756,1.3695652173913044,0.66,0.12,92.65033407572383,37.28813559322034,62.71186440677966,187.5527940540328,7428.5714285714275,8333.333333333332,87.96296296296296,94.13489736070382,64.70588235294117,26.190476190476193,Bandit100,NF1_003_146_46,M
NF1_003_146_50_Bandit100_20250804.csv,7909.090909090909,63.847203274215545,467,732,1.5674518201284797,0.85,0.12,81.0126582278481,50.90909090909091,49.09090909090909,162.2684971527407,6666.666666666667,8117.647058823529,73.80952380952381,84.32835820895522,53.333333333333336,48.0,Bandit100,NF1_003_146_50,M
NF1_003_147_2_Bandit100_20250804.csv,6620.689655172414,56.33802816901409,599,1071,1.7879799666110183,0.98,0.09,69.2982456140351,46.74556213017752,53.25443786982249,203.37945726245917,7500.0,6559.999999999999,77.41935483870968,67.21763085399449,52.94117647058824,46.05263157894737,Bandit100,NF1_003_147_2,F
SHANK3B_004_115_85_Bandit100_20250818.csv,7407.407407407408,58.879492600422836,556,953,1.7140287769784173,1.1,0.2,75.23584905660378,46.902654867256636,53.09734513274337,180.74023998647962,6333.333333333334,7550.0,74.31192660550458,75.55555555555556,36.666666666666664,50.0,Bandit100,SHANK3B_004_115_85,F
SHANK3B_004_120_96_Bandit100_20250818.csv,7250.0,54.557463672391016,413,762,1.8450363196125907,1.34,0.11,73.35329341317365,41.30434782608695,58.69565217391305,136.0531352707474,6500.0,7000.0,73.40425531914893,73.33333333333333,38.63636363636363,42.5531914893617,Bandit100,SHANK3B_004_120_96,M
SHANK3B_004_122_12_Bandit100_20250818.csv,7239.999999999999,60.60254924681344,522,865,1.657088122605364,0.85,0.13,79.49367088607595,41.904761904761905,58.0952380952381,173.77486703610697,6833.333333333333,7333.333333333333,85.24590163934425,78.44311377245509,85.71428571428571,38.775510204081634,Bandit100,SHANK3B_004_122_12,F
SHANK3B_004_122_15_Bandit100_20250818.csv,7375.0,60.922330097087375,501,828,1.652694610778443,1.04,0.16,81.55080213903744,32.631578947368425,67.36842105263158,172.84200542761386,6857.142857142857,7500.000000000002,82.95454545454545,81.18466898954703,45.45454545454545,28.767123287671232,Bandit100,SHANK3B_004_122_15,F
SHANK3B_004_126_28_Bandit100_20250818.csv,7130.434782608695,58.595641646489106,484,830,1.7148760330578512,1.26,0.15,62.68221574344023,66.10169491525424,33.89830508474576,156.53697284590217,6428.5714285714275,7357.142857142857,59.66386554621849,64.12556053811659,59.09090909090909,70.27027027027027,Bandit100,SHANK3B_004_126_28,F
SHANK3B_004_126_31_Bandit100_20250818.csv,8565.217391304346,64.27604871447903,474,740,1.5611814345991561,0.92,0.11,83.51648351648352,49.2063492063492,50.79365079365079,155.98394551204086,6777.777777777777,8666.666666666666,86.86868686868688,82.26415094339623,39.130434782608695,56.41025641025641,Bandit100,SHANK3B_004_126_31,M
SHANK3B_004_68_23_Bandit100_20250818.csv,7964.285714285716,61.40167364016737,586,956,1.6313993174061434,1.28,0.23,77.75119617224881,54.71698113207547,45.28301886792453,192.79629284685188,7800.0,7880.0,80.0,77.29885057471265,50.0,55.434782608695656,Bandit100,SHANK3B_004_68_23,M
SHANK3B_004_69_32_Bandit100_20250818.csv,8321.42857142857,61.327713382507895,581,951,1.6368330464716008,0.67,0.26,82.6302729528536,33.33333333333333,66.66666666666666,189.60156553411784,8500.0,8166.666666666667,79.37219730941703,86.66666666666667,37.2093023255814,12.5,Bandit100,SHANK3B_004_69_32,M
SHANK3B_004_69_33_Bandit100_20250818.csv,7583.333333333333,62.42118537200504,495,794,1.604040404040404,0.94,0.17,74.1025641025641,41.55844155844156,58.44155844155844,161.84673604541155,7000.0,7526.315789473685,76.23762376237624,73.35640138408304,30.0,43.28358208955223,Bandit100,SHANK3B_004_69_33,F
SHANK3B_004_70_4_Bandit100_20250818.csv,6769.230769230768,55.60123329907503,540,977,1.8092592592592593,0.85,0.13,70.13888888888889,52.72727272727272,47.27272727272727,176.5923284131308,7000.0,7000.0,68.90756302521008,70.6070287539936,64.51612903225806,48.717948717948715,Bandit100,SHANK3B_004_70_4,M
SHANK3B_004_71_38_Bandit100_20250818.csv,7434.782608695653,55.005889281507656,466,851,1.8261802575107295,1.59,0.21,68.4971098265896,50.98039215686274,49.01960784313725,153.5763222800767,8142.857142857143,7133.333333333334,74.31192660550458,65.82278481012658,43.90243902439025,55.73770491803278,Bandit100,SHANK3B_004_71_38,F
SHANK3B_004_72_63_Bandit100_20250818.csv,7680.0,62.34567901234568,505,811,1.605940594059406,1.04,0.12,89.16666666666667,51.94805194805194,48.05194805194805,167.02906317949345,7615.384615384614,8000.0,80.80000000000001,93.56223175965665,52.63157894736842,51.28205128205128,Bandit100,SHANK3B_004_72_63,M
SHANK3B_004_73_12_Bandit100_20250818.csv,8043.478260869564,62.219286657859975,470,758,1.6127659574468085,1.45,0.17,83.70786516853933,39.34426229508197,60.65573770491803,151.8719770705201,6363.636363636365,7937.5,81.25,84.61538461538461,54.166666666666664,29.72972972972973,Bandit100,SHANK3B_004_73_12,F
SHANK3B_004_73_16_Bandit100_20250818.csv,8280.000000000002,62.620192307692314,521,835,1.6026871401151632,1.01,0.19,84.30851063829788,39.39393939393939,60.60606060606061,170.5258851250502,7000.0,8368.421052631578,83.87096774193549,84.45229681978799,35.294117647058826,40.816326530612244,Bandit100,SHANK3B_004_73_16,F
SHANK3B_004_75_47_Bandit100_20250818.csv,7750.0,57.01254275940707,500,885,1.77,0.85,0.17,77.68817204301075,38.70967741935484,61.29032258064516,163.23384381695138,7833.333333333333,7500.000000000002,73.39449541284404,79.46768060836501,39.21568627450981,38.35616438356164,Bandit100,SHANK3B_004_75_47,M
SHANK3B_004_77_56_Bandit100_20250818.csv,7384.615384615384,61.219792865362486,532,869,1.6334586466165413,0.79,0.18,75.48543689320388,57.3170731707317,42.68292682926829,176.52426379095812,6800.0,7277.777777777778,71.03448275862068,77.90262172284645,70.0,50.0,Bandit100,SHANK3B_004_77_56,M
WAC_006_198_77_Bandit100_20251020.csv,9000.0,74.34895833333334,571,768,1.3450087565674256,0.5,0.18,92.1971252566735,54.83870967741935,45.16129032258064,193.62237388980247,7800.0,8900.0,87.5,93.87186629526462,50.0,57.89473684210527,Bandit100,WAC_006_198_77,M
WAC_006_199_93_Bandit100_20251020.csv,7466.666666666667,63.62683438155137,606,955,1.5759075907590758,0.88,0.19,81.25,58.0246913580247,41.9753086419753,203.05090520512303,7249.999999999998,7000.0,73.8562091503268,84.88745980707395,56.81818181818182,59.45945945945946,Bandit100,WAC_006_199_93,M
WAC_006_199_95_Bandit100_20251020.csv,7708.333333333333,56.21436716077537,493,880,1.7849898580121704,1.45,0.17,70.02724795640327,43.13725490196079,56.86274509803921,171.6738474187581,7800.0,7699.999999999998,86.25,65.73426573426573,71.42857142857143,38.63636363636363,Bandit100,WAC_006_199_95,F
WAC_006_200_85_Bandit100_20251020.csv,6727.272727272727,54.279015240328256,462,861,1.8636363636363635,1.58,0.15,62.057877813504824,44.9438202247191,55.0561797752809,154.97307558207103,6500.0,6666.666666666667,56.41025641025641,65.4639175257732,46.34146341463415,43.75,Bandit100,WAC_006_200_85,F
WAC_006_200_87_Bandit100_20251020.csv,7961.538461538461,60.637087599544934,532,886,1.6654135338345866,1.2,0.13,75.3731343283582,53.96825396825397,46.03174603174603,179.27963000451592,7900.0,7875.0,73.13432835820896,76.49253731343283,55.88235294117647,51.724137931034484,Bandit100,WAC_006_200_87,M
WAC_006_201_83_Bandit100_20251020.csv,7913.043478260869,59.40959409594095,482,818,1.6970954356846473,1.13,0.2,77.59103641456583,49.411764705882355,50.588235294117645,160.90936432410757,8142.857142857143,7705.882352941178,86.90476190476191,74.72527472527473,47.05882352941176,50.0,Bandit100,WAC_006_201_83,F
WAC_006_201_84_Bandit100_20251020.csv,7800.0,57.58928571428571,515,899,1.745631067961165,1.32,0.1,73.10344827586206,37.2093023255814,62.7906976744186,171.77534012229376,7500.0,7750.0,73.55371900826447,72.75641025641025,44.0,34.42622950819672,Bandit100,WAC_006_201_84,F
WAC_006_203_6_Unknown_20251020.csv,8166.666666666667,61.760000000000005,386,624,1.616580310880829,0.75,0.2,78.86435331230284,38.23529411764706,61.76470588235294,128.46890781551548,9500.0,7785.714285714286,78.04878048780488,79.14893617021276,0.0,44.827586206896555,Bandit100,WAC_006_203_6,F
WAC_006_235_13_Bandit100_20251020.csv,7777.777777777778,62.55707762557078,548,876,1.5985401459854014,1.22,0.16,79.80295566502463,50.0,50.0,185.71243660496805,7142.857142857141,8050.0,73.07692307692307,82.11920529801324,44.0,52.72727272727272,Bandit100,WAC_006_235_13,F
WAC_006_235_20_Bandit100_20251020.csv,7192.307692307692,57.0362473347548,535,938,1.753271028037383,1.32,0.12,73.35164835164835,46.73913043478261,53.2608695652174,178.50963914977754,7125.0,7210.526315789474,66.07142857142857,76.49402390438247,51.515151515151516,44.06779661016949,Bandit100,WAC_006_235_20,F
WAC_006_260_25_Bandit100_20251020.csv,8115.384615384616,63.121387283237,545,866,1.5889908256880734,0.5,0.1,84.27230046948357,47.540983606557376,52.459016393442624,183.93586824292709,7500.0,7849.999999999998,81.53846153846153,85.47297297297297,50.0,46.51162790697674,Bandit100,WAC_006_260_25,M
WAC_006_264_30_Bandit100_20251020.csv,8043.478260869567,61.04060913705583,481,787,1.636174636174636,0.69,0.19,81.2987012987013,35.78947368421053,64.21052631578948,160.97611992330485,8800.000000000002,7842.105263157893,93.90243902439023,77.88778877887789,20.0,38.095238095238095,Bandit100,WAC_006_264_30,M
