MM:DD:YYYY hh:mm:ss,Library_Version,Session_Type,Device_Number,Battery_Voltage,Motor_Turns,FR,Event,Active_Poke,Left_Poke_Count,Right_Poke_Count,Pellet_Count,Block_Pellet_Count,Retrieval_Time,InterPelletInterval,Poke_Time
2025-03-06 15:21:31,1.17.0,FR1,18,4.0,,1,Left,Left,1,0,0,0,,,0.47
2025-03-06 15:21:32,1.17.0,FR1,18,4.0,1.0,1,Pellet,Left,1,0,1,0,0.06,,
2025-03-06 16:25:22,1.17.0,FR1,18,4.0,,1,Right,Left,1,1,1,0,,,0.17
2025-03-06 16:27:50,1.17.0,FR1,18,4.0,,1,Left,Left,2,1,1,0,,,0.1
2025-03-06 16:27:52,1.17.0,FR1,18,4.0,2.0,1,Pellet,Left,2,1,2,0,1.26,3980.0,
2025-03-06 16:28:19,1.17.0,FR1,18,4.0,,1,Right,Left,2,2,2,0,,,0.21
2025-03-06 16:28:20,1.17.0,FR1,18,4.0,,1,Right,Left,2,3,2,0,,,0.21
2025-03-06 16:28:27,1.17.0,FR1,18,4.0,,1,Left,Left,3,3,2,0,,,0.0
2025-03-06 16:28:29,1.17.0,FR1,18,4.0,1.0,1,Pellet,Left,3,3,3,0,1.45,37.0,
2025-03-06 16:28:52,1.17.0,FR1,18,4.0,,1,Left,Left,4,3,3,0,,,0.4
2025-03-06 16:28:53,1.17.0,FR1,18,4.0,1.0,1,Pellet,Left,4,3,4,0,0.75,24.0,
2025-03-06 16:29:16,1.17.0,FR1,18,4.0,,1,Left,Left,5,3,4,0,,,0.14
2025-03-06 16:29:17,1.17.0,FR1,18,4.0,1.0,1,Pellet,Left,5,3,5,0,1.13,24.0,
2025-03-06 16:29:43,1.17.0,FR1,18,4.0,,1,Right,Left,5,4,5,0,,,0.25
2025-03-06 16:29:44,1.17.0,FR1,18,4.0,,1,Right,Left,5,5,5,0,,,0.21
2025-03-06 16:29:47,1.17.0,FR1,18,4.0,,1,Right,Left,5,6,5,0,,,0.14
2025-03-06 16:29:57,1.17.0,FR1,18,4.0,,1,Left,Left,6,6,5,0,,,0.01
2025-03-06 16:29:58,1.17.0,FR1,18,4.0,,1,LeftDuringDispense,Left,7,6,5,0,,,0.13
2025-03-06 16:30:02,1.17.0,FR1,18,4.0,2.0,1,Pellet,Left,7,6,6,0,1.13,45.0,
2025-03-06 16:30:20,1.17.0,FR1,18,4.0,,1,Left,Left,8,6,6,0,,,0.23
2025-03-06 16:30:21,1.17.0,FR1,18,4.0,,1,LeftDuringDispense,Left,9,6,6,0,,,0.05
2025-03-06 16:30:24,1.17.0,FR1,18,4.0,2.0,1,Pellet,Left,9,6,7,0,0.88,22.0,
2025-03-06 16:30:44,1.17.0,FR1,18,4.0,,1,Left,Left,10,6,7,0,,,0.12
2025-03-06 16:30:44,1.17.0,FR1,18,4.0,,1,LeftDuringDispense,Left,11,6,7,0,,,0.03
2025-03-06 16:30:45,1.17.0,FR1,18,4.0,,1,LeftDuringDispense,Left,12,6,7,0,,,0.26
2025-03-06 16:30:48,1.17.0,FR1,18,4.0,2.0,1,Pellet,Left,12,6,8,0,0.88,24.0,
2025-03-06 16:31:10,1.17.0,FR1,18,4.0,,1,Left,Left,13,6,8,0,,,0.04
2025-03-06 16:31:12,1.17.0,FR1,18,4.0,1.0,1,Pellet,Left,13,6,9,0,1.07,24.0,
2025-03-06 16:31:32,1.17.0,FR1,18,4.0,,1,Left,Left,14,6,9,0,,,0.06
2025-03-06 16:31:33,1.17.0,FR1,18,4.0,1.0,1,Pellet,Left,14,6,10,0,0.69,21.0,
2025-03-06 16:32:00,1.17.0,FR1,18,4.0,,1,Left,Left,15,6,10,0,,,0.13
2025-03-06 16:32:01,1.17.0,FR1,18,4.0,1.0,1,Pellet,Left,15,6,11,0,1.19,28.0,
2025-03-06 16:32:22,1.17.0,FR1,18,4.0,,1,Left,Left,16,6,11,0,,,0.01
2025-03-06 16:32:23,1.17.0,FR1,18,4.0,1.0,1,Pellet,Left,16,6,12,0,0.82,22.0,
2025-03-06 16:32:46,1.17.0,FR1,18,4.0,,1,Left,Left,17,6,12,0,,,0.27
2025-03-06 16:32:47,1.17.0,FR1,18,4.0,1.0,1,Pellet,Left,17,6,13,0,0.94,24.0,
2025-03-06 16:33:13,1.17.0,FR1,18,4.0,,1,Left,Left,18,6,13,0,,,0.25
2025-03-06 16:33:17,1.17.0,FR1,18,4.0,1.0,1,Pellet,Left,18,6,14,0,3.1,30.0,
2025-03-06 16:33:46,1.17.0,FR1,18,4.0,,1,Left,Left,19,6,14,0,,,0.17
2025-03-06 16:34:00,1.17.0,FR1,18,4.0,2.0,1,Pellet,Left,19,6,15,0,11.28,43.0,
2025-03-06 16:34:20,1.17.0,FR1,18,4.0,,1,Right,Left,19,7,15,0,,,0.33
2025-03-06 16:34:30,1.17.0,FR1,18,4.0,,1,Left,Left,20,7,15,0,,,0.12
2025-03-06 16:34:31,1.17.0,FR1,18,4.0,1.0,1,Pellet,Left,20,7,16,0,0.82,31.0,
2025-03-06 16:34:52,1.17.0,FR1,18,4.0,,1,Left,Left,21,7,16,0,,,0.04
2025-03-06 16:34:53,1.17.0,FR1,18,4.0,1.0,1,Pellet,Left,21,7,17,0,0.5,22.0,
2025-03-06 16:35:18,1.17.0,FR1,18,4.0,,1,Left,Left,22,7,17,0,,,0.23
2025-03-06 16:35:19,1.17.0,FR1,18,4.0,1.0,1,Pellet,Left,22,7,18,0,0.63,26.0,
2025-03-06 16:35:45,1.17.0,FR1,18,4.0,,1,Left,Left,23,7,18,0,,,0.09
2025-03-06 16:35:46,1.17.0,FR1,18,3.99,1.0,1,Pellet,Left,23,7,19,0,0.63,27.0,
2025-03-06 16:36:07,1.17.0,FR1,18,4.0,,1,Left,Left,24,7,19,0,,,0.09
2025-03-06 16:36:09,1.17.0,FR1,18,4.0,1.0,1,Pellet,Left,24,7,20,0,1.13,23.0,
2025-03-06 16:36:34,1.17.0,FR1,18,4.0,,1,Left,Left,25,7,20,0,,,0.0
2025-03-06 16:36:36,1.17.0,FR1,18,4.0,1.0,1,Pellet,Left,25,7,21,0,1.2,27.0,
2025-03-06 16:37:01,1.17.0,FR1,18,4.0,,1,Left,Left,26,7,21,0,,,0.23
2025-03-06 16:37:03,1.17.0,FR1,18,4.0,1.0,1,Pellet,Left,26,7,22,0,0.5,27.0,
2025-03-06 18:01:01,1.17.0,FR1,18,4.0,,1,Left,Left,27,7,22,0,,,0.04
2025-03-06 18:01:04,1.17.0,FR1,18,4.0,1.0,1,Pellet,Left,27,7,23,0,2.21,5041.0,
2025-03-06 18:01:34,1.17.0,FR1,18,4.0,,1,Left,Left,28,7,23,0,,,0.0
2025-03-06 18:01:37,1.17.0,FR1,18,3.99,1.0,1,Pellet,Left,28,7,24,0,1.76,33.0,
2025-03-06 18:02:04,1.17.0,FR1,18,3.99,,1,Left,Left,29,7,24,0,,,0.12
2025-03-06 18:02:06,1.17.0,FR1,18,3.99,1.0,1,Pellet,Left,29,7,25,0,0.88,29.0,
2025-03-06 18:02:27,1.17.0,FR1,18,3.99,,1,Left,Left,30,7,25,0,,,0.36
2025-03-06 18:02:27,1.17.0,FR1,18,4.0,,1,LeftDuringDispense,Left,31,7,25,0,,,0.03
2025-03-06 18:02:31,1.17.0,FR1,18,4.0,2.0,1,Pellet,Left,31,7,26,0,1.32,25.0,
2025-03-06 18:02:53,1.17.0,FR1,18,4.0,,1,Left,Left,32,7,26,0,,,0.23
2025-03-06 18:02:54,1.17.0,FR1,18,3.99,1.0,1,Pellet,Left,32,7,27,0,0.5,23.0,
2025-03-06 18:03:20,1.17.0,FR1,18,3.99,,1,Left,Left,33,7,27,0,,,0.37
2025-03-06 18:03:22,1.17.0,FR1,18,4.0,1.0,1,Pellet,Left,33,7,28,0,1.13,28.0,
2025-03-06 18:03:44,1.17.0,FR1,18,4.0,,1,Left,Left,34,7,28,0,,,0.13
2025-03-06 18:03:46,1.17.0,FR1,18,3.99,1.0,1,Pellet,Left,34,7,29,0,0.5,23.0,
2025-03-06 18:04:06,1.17.0,FR1,18,4.0,,1,Left,Left,35,7,29,0,,,0.41
2025-03-06 18:04:08,1.17.0,FR1,18,4.0,1.0,1,Pellet,Left,35,7,30,0,0.63,23.0,
2025-03-06 18:08:04,1.17.0,FR1,18,4.0,,1,Right,Left,35,8,30,0,,,0.17
2025-03-06 18:08:13,1.17.0,FR1,18,4.0,,1,Left,Left,36,8,30,0,,,0.17
2025-03-06 18:09:57,1.17.0,FR1,18,3.99,,1,LeftWithPellet,Left,37,8,30,0,,,1.1
2025-03-06 18:11:01,1.17.0,FR1,18,4.0,,1,LeftWithPellet,Left,38,8,30,0,,,0.11
2025-03-06 18:15:21,1.17.0,FR1,18,4.0,1.0,1,Pellet,Left,38,8,31,0,,673.0,
2025-03-06 18:16:30,1.17.0,FR1,18,3.99,,1,Left,Left,39,8,31,0,,,0.07
2025-03-06 18:16:32,1.17.0,FR1,18,4.0,1.0,1,Pellet,Left,39,8,32,0,1.39,71.0,
2025-03-06 18:17:13,1.17.0,FR1,18,3.99,,1,Left,Left,40,8,32,0,,,0.29
2025-03-06 18:17:25,1.17.0,FR1,18,4.0,2.0,1,Pellet,Left,40,8,33,0,9.82,53.0,
2025-03-06 18:32:48,1.17.0,FR1,18,4.0,,1,Left,Left,41,8,33,0,,,0.02
2025-03-06 18:32:51,1.17.0,FR1,18,4.0,1.0,1,Pellet,Left,41,8,34,0,2.02,926.0,
2025-03-06 18:33:15,1.17.0,FR1,18,3.99,,1,Left,Left,42,8,34,0,,,0.19
2025-03-06 18:33:16,1.17.0,FR1,18,3.99,1.0,1,Pellet,Left,42,8,35,0,0.88,25.0,
2025-03-06 18:33:39,1.17.0,FR1,18,4.0,,1,Left,Left,43,8,35,0,,,0.07
2025-03-06 18:33:40,1.17.0,FR1,18,3.99,,1,LeftDuringDispense,Left,44,8,35,0,,,0.07
2025-03-06 18:33:43,1.17.0,FR1,18,3.99,,1,LeftWithPellet,Left,45,8,35,0,,,0.22
2025-03-06 18:33:44,1.17.0,FR1,18,4.0,,1,LeftWithPellet,Left,46,8,35,0,,,0.26
2025-03-06 18:33:45,1.17.0,FR1,18,3.99,2.0,1,Pellet,Left,46,8,36,0,2.1,29.0,
2025-03-06 18:34:04,1.17.0,FR1,18,3.99,,1,Left,Left,47,8,36,0,,,0.01
2025-03-06 18:34:06,1.17.0,FR1,18,4.0,1.0,1,Pellet,Left,47,8,37,0,0.75,21.0,
2025-03-06 18:34:28,1.17.0,FR1,18,3.99,,1,Left,Left,48,8,37,0,,,0.08
2025-03-06 18:34:30,1.17.0,FR1,18,4.0,1.0,1,Pellet,Left,48,8,38,0,1.0,23.0,
2025-03-06 18:34:47,1.17.0,FR1,18,3.99,,1,Left,Left,49,8,38,0,,,0.04
2025-03-06 18:34:49,1.17.0,FR1,18,4.0,1.0,1,Pellet,Left,49,8,39,0,1.07,20.0,
2025-03-06 18:35:09,1.17.0,FR1,18,3.99,,1,Left,Left,50,8,39,0,,,0.42
2025-03-06 18:35:12,1.17.0,FR1,18,3.99,1.0,1,Pellet,Left,50,8,40,0,2.15,23.0,
2025-03-06 18:35:32,1.17.0,FR1,18,4.0,,1,Left,Left,51,8,40,0,,,0.08
2025-03-06 18:35:34,1.17.0,FR1,18,3.98,1.0,1,Pellet,Left,51,8,41,0,0.94,22.0,
2025-03-06 18:35:50,1.17.0,FR1,18,3.99,,1,Left,Left,52,8,41,0,,,0.32
2025-03-06 18:35:52,1.17.0,FR1,18,3.99,1.0,1,Pellet,Left,52,8,42,0,0.75,18.0,
2025-03-06 18:36:09,1.17.0,FR1,18,3.99,,1,Left,Left,53,8,42,0,,,0.17
2025-03-06 18:36:10,1.17.0,FR1,18,4.0,1.0,1,Pellet,Left,53,8,43,0,0.88,18.0,
2025-03-06 18:38:24,1.17.0,FR1,18,4.0,,1,Left,Left,54,8,43,0,,,0.04
2025-03-06 18:55:59,1.17.0,FR1,18,3.99,1.0,1,Pellet,Left,54,8,44,0,,1189.0,
2025-03-06 19:04:19,1.17.0,FR1,18,3.99,,1,Left,Left,55,8,44,0,,,0.42
2025-03-06 19:04:21,1.17.0,FR1,18,4.0,1.0,1,Pellet,Left,55,8,45,0,1.13,502.0,
2025-03-06 19:04:42,1.17.0,FR1,18,3.99,,1,Left,Left,56,8,45,0,,,0.13
2025-03-06 19:04:44,1.17.0,FR1,18,3.99,2.0,1,Pellet,Left,56,8,46,0,0.63,23.0,
2025-03-06 19:05:02,1.17.0,FR1,18,3.99,,1,Left,Left,57,8,46,0,,,0.02
2025-03-06 19:05:05,1.17.0,FR1,18,4.0,1.0,1,Pellet,Left,57,8,47,0,1.89,21.0,
2025-03-06 19:05:29,1.17.0,FR1,18,4.0,,1,Left,Left,58,8,47,0,,,0.03
2025-03-06 19:05:31,1.17.0,FR1,18,3.99,1.0,1,Pellet,Left,58,8,48,0,1.07,26.0,
2025-03-06 19:05:51,1.17.0,FR1,18,4.0,,1,Left,Left,59,8,48,0,,,0.02
2025-03-06 19:05:53,1.17.0,FR1,18,3.99,1.0,1,Pellet,Left,59,8,49,0,0.56,22.0,
2025-03-06 19:06:22,1.17.0,FR1,18,4.0,,1,Left,Left,60,8,49,0,,,0.04
2025-03-06 19:06:24,1.17.0,FR1,18,4.0,1.0,1,Pellet,Left,60,8,50,0,1.13,31.0,
2025-03-06 19:06:43,1.17.0,FR1,18,3.99,,1,Left,Left,61,8,50,0,,,0.07
2025-03-06 19:06:45,1.17.0,FR1,18,3.99,1.0,1,Pellet,Left,61,8,51,0,0.82,21.0,
2025-03-06 19:23:13,1.17.0,FR1,18,3.99,,1,Left,Left,62,8,51,0,,,0.03
2025-03-06 19:40:42,1.17.0,FR1,18,4.0,1.0,1,Pellet,Left,62,8,52,0,,2037.0,
2025-03-06 19:41:19,1.17.0,FR1,18,3.99,,1,Left,Left,63,8,52,0,,,0.18
2025-03-06 19:41:21,1.17.0,FR1,18,4.0,1.0,1,Pellet,Left,63,8,53,0,0.94,39.0,
2025-03-06 19:41:40,1.17.0,FR1,18,3.99,,1,Left,Left,64,8,53,0,,,0.02
2025-03-06 19:41:41,1.17.0,FR1,18,3.99,,1,LeftDuringDispense,Left,65,8,53,0,,,0.14
2025-03-06 19:41:42,1.17.0,FR1,18,3.99,1.0,1,Pellet,Left,65,8,54,0,1.07,21.0,
2025-03-06 19:42:01,1.17.0,FR1,18,4.0,,1,Left,Left,66,8,54,0,,,0.03
2025-03-06 19:42:02,1.17.0,FR1,18,3.99,2.0,1,Pellet,Left,66,8,55,0,0.69,20.0,
2025-03-06 19:42:26,1.17.0,FR1,18,3.99,,1,Left,Left,67,8,55,0,,,0.02
2025-03-06 19:42:27,1.17.0,FR1,18,3.99,1.0,1,Pellet,Left,67,8,56,0,0.69,25.0,
2025-03-06 19:42:49,1.17.0,FR1,18,3.99,,1,Left,Left,68,8,56,0,,,0.07
2025-03-06 19:42:50,1.17.0,FR1,18,3.99,1.0,1,Pellet,Left,68,8,57,0,0.75,23.0,
2025-03-06 19:43:10,1.17.0,FR1,18,3.99,,1,Left,Left,69,8,57,0,,,0.26
2025-03-06 19:43:11,1.17.0,FR1,18,3.99,1.0,1,Pellet,Left,69,8,58,0,0.56,21.0,
2025-03-06 19:43:44,1.17.0,FR1,18,4.0,,1,Left,Left,70,8,58,0,,,0.32
2025-03-06 19:43:45,1.17.0,FR1,18,3.99,,1,LeftDuringDispense,Left,71,8,58,0,,,0.07
2025-03-06 19:43:48,1.17.0,FR1,18,3.99,2.0,1,Pellet,Left,71,8,59,0,0.5,37.0,
2025-03-06 19:44:15,1.17.0,FR1,18,4.0,,1,Left,Left,72,8,59,0,,,0.29
2025-03-06 19:44:17,1.17.0,FR1,18,4.0,1.0,1,Pellet,Left,72,8,60,0,1.07,29.0,
2025-03-06 19:44:44,1.17.0,FR1,18,3.99,,1,Left,Left,73,8,60,0,,,0.32
2025-03-06 19:44:44,1.17.0,FR1,18,3.99,,1,LeftDuringDispense,Left,74,8,60,0,,,0.12
2025-03-06 19:44:52,1.17.0,FR1,18,3.99,,1,LeftWithPellet,Left,75,8,60,0,,,0.01
2025-03-06 19:44:52,1.17.0,FR1,18,3.98,,1,LeftWithPellet,Left,76,8,60,0,,,0.01
2025-03-06 19:44:54,1.17.0,FR1,18,3.98,,1,LeftWithPellet,Left,77,8,60,0,,,0.04
2025-03-06 19:44:54,1.17.0,FR1,18,3.99,,1,LeftWithPellet,Left,78,8,60,0,,,0.07
2025-03-06 19:45:41,1.17.0,FR1,18,3.99,4.0,1,Pellet,Left,78,8,61,0,49.52,84.0,
2025-03-06 19:48:35,1.17.0,FR1,18,3.99,,1,Right,Left,78,9,61,0,,,0.08
2025-03-06 19:48:53,1.17.0,FR1,18,3.99,,1,Right,Left,78,10,61,0,,,0.06
2025-03-06 19:48:55,1.17.0,FR1,18,3.99,,1,Right,Left,78,11,61,0,,,0.22
2025-03-06 19:59:43,1.17.0,FR1,18,4.0,,1,Right,Left,78,12,61,0,,,0.26
2025-03-06 19:59:47,1.17.0,FR1,18,3.99,,1,Right,Left,78,13,61,0,,,0.21
2025-03-06 19:59:50,1.17.0,FR1,18,3.99,,1,Left,Left,79,13,61,0,,,0.02
2025-03-06 19:59:52,1.17.0,FR1,18,3.99,,1,LeftWithPellet,Left,80,13,61,0,,,0.1
2025-03-06 20:02:26,1.17.0,FR1,18,3.99,1.0,1,Pellet,Left,80,13,62,0,,1005.0,
2025-03-06 20:03:09,1.17.0,FR1,18,3.99,,1,Left,Left,81,13,62,0,,,0.16
2025-03-06 20:03:15,1.17.0,FR1,18,3.99,2.0,1,Pellet,Left,81,13,63,0,3.03,48.0,
2025-03-06 21:03:04,1.17.0,FR1,18,3.99,,1,Left,Left,82,13,63,0,,,0.29
2025-03-06 21:03:08,1.17.0,FR1,18,3.99,1.0,1,Pellet,Left,82,13,64,0,3.48,3594.0,
2025-03-06 21:03:34,1.17.0,FR1,18,3.99,,1,Left,Left,83,13,64,0,,,0.1
2025-03-06 21:03:35,1.17.0,FR1,18,3.98,1.0,1,Pellet,Left,83,13,65,0,0.63,27.0,
2025-03-06 21:04:00,1.17.0,FR1,18,3.99,,1,Left,Left,84,13,65,0,,,0.07
2025-03-06 21:04:01,1.17.0,FR1,18,3.99,2.0,1,Pellet,Left,84,13,66,0,0.82,26.0,
2025-03-06 21:04:31,1.17.0,FR1,18,3.99,,1,Left,Left,85,13,66,0,,,0.02
2025-03-06 21:04:35,1.17.0,FR1,18,3.98,2.0,1,Pellet,Left,85,13,67,0,0.88,34.0,
2025-03-06 21:05:05,1.17.0,FR1,18,3.99,,1,Left,Left,86,13,67,0,,,0.49
2025-03-06 21:05:05,1.17.0,FR1,18,3.98,,1,LeftDuringDispense,Left,87,13,67,0,,,0.04
2025-03-06 21:05:08,1.17.0,FR1,18,3.98,,1,LeftDuringDispense,Left,88,13,67,0,,,0.02
2025-03-06 21:05:08,1.17.0,FR1,18,3.99,,1,LeftDuringDispense,Left,89,13,67,0,,,0.2
2025-03-06 21:05:11,1.17.0,FR1,18,3.99,,1,LeftDuringDispense,Left,90,13,67,0,,,0.27
2025-03-06 21:05:13,1.17.0,FR1,18,3.98,,1,LeftDuringDispense,Left,91,13,67,0,,,0.06
2025-03-06 21:05:14,1.17.0,FR1,18,3.99,,1,LeftDuringDispense,Left,92,13,67,0,,,0.2
2025-03-06 21:05:15,1.17.0,FR1,18,3.99,,1,LeftDuringDispense,Left,93,13,67,0,,,0.31
2025-03-06 21:05:16,1.17.0,FR1,18,3.99,,1,LeftDuringDispense,Left,94,13,67,0,,,0.4
2025-03-06 21:05:19,1.17.0,FR1,18,3.99,5.0,1,Pellet,Left,94,13,68,0,1.0,44.0,
2025-03-06 21:05:38,1.17.0,FR1,18,3.99,,1,Left,Left,95,13,68,0,,,0.38
2025-03-06 21:05:38,1.17.0,FR1,18,3.99,,1,LeftDuringDispense,Left,96,13,68,0,,,0.0
2025-03-06 21:05:42,1.17.0,FR1,18,3.99,2.0,1,Pellet,Left,96,13,69,0,0.88,23.0,
2025-03-06 21:06:04,1.17.0,FR1,18,3.98,,1,Left,Left,97,13,69,0,,,0.11
2025-03-06 21:06:05,1.17.0,FR1,18,3.99,,1,LeftDuringDispense,Left,98,13,69,0,,,0.27
2025-03-06 21:06:09,1.17.0,FR1,18,3.98,2.0,1,Pellet,Left,98,13,70,0,1.83,27.0,
2025-03-06 21:06:28,1.17.0,FR1,18,3.99,,1,Left,Left,99,13,70,0,,,0.02
2025-03-06 21:06:31,1.17.0,FR1,18,3.99,1.0,1,Pellet,Left,99,13,71,0,1.7,22.0,
2025-03-06 21:06:52,1.17.0,FR1,18,3.99,,1,Left,Left,100,13,71,0,,,0.04
2025-03-06 21:06:52,1.17.0,FR1,18,3.99,,1,LeftDuringDispense,Left,101,13,71,0,,,0.09
2025-03-06 21:06:56,1.17.0,FR1,18,3.98,2.0,1,Pellet,Left,101,13,72,0,1.26,25.0,
2025-03-06 21:07:10,1.17.0,FR1,18,3.99,,1,Left,Left,102,13,72,0,,,0.02
2025-03-06 21:07:12,1.17.0,FR1,18,3.98,,1,LeftWithPellet,Left,103,13,72,0,,,0.24
2025-03-06 21:07:13,1.17.0,FR1,18,3.99,,1,LeftWithPellet,Left,104,13,72,0,,,0.11
2025-03-06 21:07:13,1.17.0,FR1,18,3.99,,1,LeftWithPellet,Left,105,13,72,0,,,0.1
2025-03-06 21:07:14,1.17.0,FR1,18,3.98,1.0,1,Pellet,Left,105,13,73,0,3.55,18.0,
2025-03-06 21:07:34,1.17.0,FR1,18,3.98,,1,Left,Left,106,13,73,0,,,0.62
2025-03-06 21:07:36,1.17.0,FR1,18,3.99,1.0,1,Pellet,Left,106,13,74,0,0.94,22.0,
2025-03-06 21:07:57,1.17.0,FR1,18,3.98,,1,Left,Left,107,13,74,0,,,0.04
2025-03-06 21:07:57,1.17.0,FR1,18,3.98,,1,LeftDuringDispense,Left,108,13,74,0,,,0.04
2025-03-06 21:08:01,1.17.0,FR1,18,3.99,2.0,1,Pellet,Left,108,13,75,0,0.69,25.0,
2025-03-06 21:08:21,1.17.0,FR1,18,3.98,,1,Left,Left,109,13,75,0,,,0.01
2025-03-06 21:08:22,1.17.0,FR1,18,3.98,,1,LeftWithPellet,Left,110,13,75,0,,,0.04
2025-03-06 21:08:23,1.17.0,FR1,18,3.98,1.0,1,Pellet,Left,110,13,76,0,1.13,22.0,
2025-03-06 21:08:43,1.17.0,FR1,18,3.99,,1,Left,Left,111,13,76,0,,,0.13
2025-03-06 21:08:46,1.17.0,FR1,18,3.99,1.0,1,Pellet,Left,111,13,77,0,1.45,23.0,
2025-03-06 21:09:06,1.17.0,FR1,18,3.99,,1,Left,Left,112,13,77,0,,,0.13
2025-03-06 21:09:08,1.17.0,FR1,18,3.99,1.0,1,Pellet,Left,112,13,78,0,1.01,22.0,
2025-03-06 21:17:53,1.17.0,FR1,18,3.98,,1,Right,Left,112,14,78,0,,,0.13
2025-03-06 21:17:57,1.17.0,FR1,18,3.99,,1,Right,Left,112,15,78,0,,,0.28
2025-03-06 21:28:10,1.17.0,FR1,18,3.98,,1,Right,Left,112,16,78,0,,,0.15
2025-03-06 21:38:03,1.17.0,FR1,18,3.98,,1,Left,Left,113,16,78,0,,,0.11
2025-03-06 21:38:07,1.17.0,FR1,18,3.98,1.0,1,Pellet,Left,113,16,79,0,3.86,1739.0,
2025-03-06 21:50:19,1.17.0,FR1,18,3.99,,1,Right,Left,113,17,79,0,,,0.04
2025-03-06 21:50:20,1.17.0,FR1,18,3.98,,1,Right,Left,113,18,79,0,,,0.24
2025-03-06 21:50:29,1.17.0,FR1,18,3.98,,1,Left,Left,114,18,79,0,,,0.17
2025-03-06 21:50:30,1.17.0,FR1,18,3.98,,1,LeftWithPellet,Left,115,18,79,0,,,0.28
2025-03-06 21:52:01,1.17.0,FR1,18,3.99,1.0,1,Pellet,Left,115,18,80,0,,834.0,
2025-03-06 21:52:24,1.17.0,FR1,18,3.99,,1,Right,Left,115,19,80,0,,,0.11
2025-03-06 21:52:25,1.17.0,FR1,18,3.99,,1,Right,Left,115,20,80,0,,,0.21
2025-03-06 21:52:26,1.17.0,FR1,18,3.98,,1,Right,Left,115,21,80,0,,,0.03
2025-03-06 21:52:31,1.17.0,FR1,18,3.98,,1,Right,Left,115,22,80,0,,,0.55
2025-03-06 21:52:33,1.17.0,FR1,18,3.99,,1,Right,Left,115,23,80,0,,,0.14
2025-03-06 21:52:39,1.17.0,FR1,18,3.98,,1,Left,Left,116,23,80,0,,,0.11
2025-03-06 21:52:44,1.17.0,FR1,18,3.98,2.0,1,Pellet,Left,116,23,81,0,4.68,43.0,
2025-03-06 21:53:08,1.17.0,FR1,18,3.98,,1,Left,Left,117,23,81,0,,,0.04
2025-03-06 21:53:27,1.17.0,FR1,18,3.99,1.0,1,Pellet,Left,117,23,82,0,18.27,43.0,
2025-03-06 21:53:55,1.17.0,FR1,18,3.98,,1,Right,Left,117,24,82,0,,,0.06
2025-03-06 21:54:21,1.17.0,FR1,18,3.99,,1,Right,Left,117,25,82,0,,,0.14
2025-03-06 21:54:37,1.17.0,FR1,18,3.99,,1,Left,Left,118,25,82,0,,,0.17
2025-03-06 21:55:17,1.17.0,FR1,18,3.98,1.0,1,Pellet,Left,118,25,83,0,38.4,110.0,
2025-03-06 22:11:45,1.17.0,FR1,18,3.98,,1,Right,Left,118,26,83,0,,,0.1
2025-03-06 22:11:46,1.17.0,FR1,18,3.98,,1,Right,Left,118,27,83,0,,,0.1
2025-03-06 22:14:15,1.17.0,FR1,18,3.98,,1,Left,Left,119,27,83,0,,,0.19
2025-03-06 22:14:19,1.17.0,FR1,18,3.98,1.0,1,Pellet,Left,119,27,84,0,3.1,1142.0,
2025-03-06 22:14:55,1.17.0,FR1,18,3.98,,1,Left,Left,120,27,84,0,,,0.15
2025-03-06 22:14:58,1.17.0,FR1,18,3.98,1.0,1,Pellet,Left,120,27,85,0,1.77,39.0,
2025-03-06 22:15:17,1.17.0,FR1,18,3.98,,1,Left,Left,121,27,85,0,,,0.01
2025-03-06 22:15:17,1.17.0,FR1,18,3.99,,1,LeftDuringDispense,Left,122,27,85,0,,,0.07
2025-03-06 22:15:22,1.17.0,FR1,18,3.99,2.0,1,Pellet,Left,122,27,86,0,1.7,24.0,
2025-03-06 22:15:38,1.17.0,FR1,18,3.98,,1,Left,Left,123,27,86,0,,,0.27
2025-03-06 22:15:40,1.17.0,FR1,18,3.98,1.0,1,Pellet,Left,123,27,87,0,0.94,18.0,
2025-03-06 22:16:04,1.17.0,FR1,18,3.98,,1,Left,Left,124,27,87,0,,,0.02
2025-03-06 22:16:04,1.17.0,FR1,18,3.98,,1,LeftDuringDispense,Left,125,27,87,0,,,0.01
2025-03-06 22:16:08,1.17.0,FR1,18,3.98,2.0,1,Pellet,Left,125,27,88,0,1.2,28.0,
2025-03-06 22:16:28,1.17.0,FR1,18,3.99,,1,Left,Left,126,27,88,0,,,0.03
2025-03-06 22:16:30,1.17.0,FR1,18,3.98,1.0,1,Pellet,Left,126,27,89,0,1.07,22.0,
2025-03-06 22:17:05,1.17.0,FR1,18,3.98,,1,Left,Left,127,27,89,0,,,0.07
2025-03-06 22:17:05,1.17.0,FR1,18,3.98,,1,LeftDuringDispense,Left,128,27,89,0,,,0.02
2025-03-06 22:17:10,1.17.0,FR1,18,3.98,2.0,1,Pellet,Left,128,27,90,0,1.89,40.0,
2025-03-06 22:17:33,1.17.0,FR1,18,3.98,,1,Left,Left,129,27,90,0,,,0.33
2025-03-06 22:17:35,1.17.0,FR1,18,3.98,1.0,1,Pellet,Left,129,27,91,0,1.13,25.0,
2025-03-06 23:56:39,1.17.0,FR1,18,3.98,,1,Left,Left,130,27,91,0,,,0.03
2025-03-06 23:56:43,1.17.0,FR1,18,3.98,1.0,1,Pellet,Left,130,27,92,0,2.91,5948.0,
2025-03-06 23:57:05,1.17.0,FR1,18,3.98,,1,Left,Left,131,27,92,0,,,0.04
2025-03-06 23:57:06,1.17.0,FR1,18,3.98,1.0,1,Pellet,Left,131,27,93,0,0.44,23.0,
2025-03-06 23:57:37,1.17.0,FR1,18,3.98,,1,Left,Left,132,27,93,0,,,0.26
2025-03-06 23:57:39,1.17.0,FR1,18,3.98,1.0,1,Pellet,Left,132,27,94,0,0.94,33.0,
2025-03-06 23:58:00,1.17.0,FR1,18,3.98,,1,Left,Left,133,27,94,0,,,0.2
2025-03-06 23:58:01,1.17.0,FR1,18,3.98,1.0,1,Pellet,Left,133,27,95,0,0.56,22.0,
2025-03-06 23:58:24,1.17.0,FR1,18,3.98,,1,Left,Left,134,27,95,0,,,0.08
2025-03-06 23:58:25,1.17.0,FR1,18,3.98,1.0,1,Pellet,Left,134,27,96,0,0.88,24.0,
2025-03-07 00:04:04,1.17.0,FR1,18,3.98,,1,Right,Left,134,28,96,0,,,0.02
2025-03-07 00:04:05,1.17.0,FR1,18,3.98,,1,Right,Left,134,29,96,0,,,0.0
2025-03-07 00:04:06,1.17.0,FR1,18,3.98,,1,Right,Left,134,30,96,0,,,0.3
2025-03-07 00:05:03,1.17.0,FR1,18,3.98,,1,Left,Left,135,30,96,0,,,0.02
2025-03-07 00:05:04,1.17.0,FR1,18,3.98,,1,LeftWithPellet,Left,136,30,96,0,,,0.15
2025-03-07 00:05:05,1.17.0,FR1,18,3.98,,1,LeftWithPellet,Left,137,30,96,0,,,0.09
2025-03-07 00:05:07,1.17.0,FR1,18,3.98,1.0,1,Pellet,Left,137,30,97,0,3.33,402.0,
2025-03-07 00:05:42,1.17.0,FR1,18,3.98,,1,Left,Left,138,30,97,0,,,0.05
2025-03-07 00:05:50,1.17.0,FR1,18,3.98,2.0,1,Pellet,Left,138,30,98,0,5.82,43.0,
2025-03-07 00:06:18,1.17.0,FR1,18,3.98,,1,Left,Left,139,30,98,0,,,0.17
2025-03-07 00:06:20,1.17.0,FR1,18,3.98,1.0,1,Pellet,Left,139,30,99,0,1.58,30.0,
2025-03-07 00:06:45,1.17.0,FR1,18,3.98,,1,Left,Left,140,30,99,0,,,0.01
2025-03-07 00:06:47,1.17.0,FR1,18,3.98,1.0,1,Pellet,Left,140,30,100,0,1.95,27.0,
2025-03-07 00:07:31,1.17.0,FR1,18,3.98,,1,Left,Left,141,30,100,0,,,0.1
2025-03-07 00:07:34,1.17.0,FR1,18,3.98,1.0,1,Pellet,Left,141,30,101,0,2.59,47.0,
2025-03-07 00:08:08,1.17.0,FR1,18,3.98,,1,Left,Left,142,30,101,0,,,0.35
2025-03-07 00:08:08,1.17.0,FR1,18,3.98,,1,LeftDuringDispense,Left,143,30,101,0,,,0.03
2025-03-07 00:08:12,1.17.0,FR1,18,3.98,3.0,1,Pellet,Left,143,30,102,0,0.44,38.0,
2025-03-07 00:08:34,1.17.0,FR1,18,3.98,,1,Left,Left,144,30,102,0,,,0.09
2025-03-07 00:08:35,1.17.0,FR1,18,3.98,1.0,1,Pellet,Left,144,30,103,0,0.75,23.0,
2025-03-07 00:09:11,1.17.0,FR1,18,3.98,,1,Left,Left,145,30,103,0,,,0.1
2025-03-07 00:09:13,1.17.0,FR1,18,3.98,1.0,1,Pellet,Left,145,30,104,0,0.75,37.0,
2025-03-07 00:09:37,1.17.0,FR1,18,3.98,,1,Left,Left,146,30,104,0,,,0.06
2025-03-07 00:09:39,1.17.0,FR1,18,3.98,1.0,1,Pellet,Left,146,30,105,0,1.13,27.0,
2025-03-07 00:10:08,1.17.0,FR1,18,3.98,,1,Left,Left,147,30,105,0,,,0.01
2025-03-07 00:10:10,1.17.0,FR1,18,3.98,1.0,1,Pellet,Left,147,30,106,0,1.51,31.0,
2025-03-07 00:10:45,1.17.0,FR1,18,3.98,,1,Left,Left,148,30,106,0,,,0.25
2025-03-07 00:10:47,1.17.0,FR1,18,3.98,1.0,1,Pellet,Left,148,30,107,0,1.13,37.0,
2025-03-07 00:11:12,1.17.0,FR1,18,3.98,,1,Left,Left,149,30,107,0,,,0.19
2025-03-07 00:11:13,1.17.0,FR1,18,3.98,1.0,1,Pellet,Left,149,30,108,0,0.69,26.0,
2025-03-07 00:22:44,1.17.0,FR1,18,3.98,,1,Right,Left,149,31,108,0,,,0.19
2025-03-07 00:23:46,1.17.0,FR1,18,3.98,,1,Right,Left,149,32,108,0,,,0.01
2025-03-07 00:24:04,1.17.0,FR1,18,3.98,,1,Left,Left,150,32,108,0,,,0.69
2025-03-07 00:24:07,1.17.0,FR1,18,3.98,1.0,1,Pellet,Left,150,32,109,0,2.02,774.0,
2025-03-07 00:24:38,1.17.0,FR1,18,3.98,,1,Right,Left,150,33,109,0,,,0.1
2025-03-07 00:43:15,1.17.0,FR1,18,3.98,,1,Left,Left,151,33,109,0,,,0.08
2025-03-07 00:43:19,1.17.0,FR1,18,3.98,2.0,1,Pellet,Left,151,33,110,0,2.84,1152.0,
2025-03-07 00:43:51,1.17.0,FR1,18,3.98,,1,Left,Left,152,33,110,0,,,0.06
2025-03-07 00:43:53,1.17.0,FR1,18,3.98,1.0,1,Pellet,Left,152,33,111,0,1.39,34.0,
2025-03-07 00:44:17,1.17.0,FR1,18,3.98,,1,Left,Left,153,33,111,0,,,0.0
2025-03-07 00:44:19,1.17.0,FR1,18,3.98,1.0,1,Pellet,Left,153,33,112,0,1.07,26.0,
2025-03-07 00:44:35,1.17.0,FR1,18,3.98,,1,Left,Left,154,33,112,0,,,0.34
2025-03-07 00:44:37,1.17.0,FR1,18,3.98,1.0,1,Pellet,Left,154,33,113,0,0.94,18.0,
2025-03-07 00:44:57,1.17.0,FR1,18,3.98,,1,Left,Left,155,33,113,0,,,0.29
2025-03-07 00:45:03,1.17.0,FR1,18,3.98,3.0,1,Pellet,Left,155,33,114,0,0.63,26.0,
2025-03-07 00:45:27,1.17.0,FR1,18,3.98,,1,Left,Left,156,33,114,0,,,0.11
2025-03-07 00:45:29,1.17.0,FR1,18,3.98,1.0,1,Pellet,Left,156,33,115,0,1.32,26.0,
2025-03-07 00:45:48,1.17.0,FR1,18,3.98,,1,Left,Left,157,33,115,0,,,0.04
2025-03-07 00:45:52,1.17.0,FR1,18,3.98,2.0,1,Pellet,Left,157,33,116,0,0.75,22.0,
2025-03-07 00:46:12,1.17.0,FR1,18,3.98,,1,Left,Left,158,33,116,0,,,0.25
2025-03-07 00:46:16,1.17.0,FR1,18,3.98,2.0,1,Pellet,Left,158,33,117,0,0.94,25.0,
2025-03-07 00:46:33,1.17.0,FR1,18,3.98,,1,Left,Left,159,33,117,0,,,0.19
2025-03-07 00:46:33,1.17.0,FR1,18,3.98,,1,LeftDuringDispense,Left,160,33,117,0,,,0.1
2025-03-07 00:46:37,1.17.0,FR1,18,3.98,2.0,1,Pellet,Left,160,33,118,0,0.5,21.0,
2025-03-07 00:46:54,1.17.0,FR1,18,3.98,,1,Left,Left,161,33,118,0,,,0.03
2025-03-07 00:46:56,1.17.0,FR1,18,3.98,1.0,1,Pellet,Left,161,33,119,0,1.51,19.0,
2025-03-07 00:47:16,1.17.0,FR1,18,3.98,,1,Left,Left,162,33,119,0,,,0.06
2025-03-07 00:47:18,1.17.0,FR1,18,3.98,1.0,1,Pellet,Left,162,33,120,0,1.2,22.0,
2025-03-07 00:47:50,1.17.0,FR1,18,3.98,,1,Left,Left,163,33,120,0,,,0.34
2025-03-07 00:47:53,1.17.0,FR1,18,3.98,2.0,1,Pellet,Left,163,33,121,0,0.44,35.0,
2025-03-07 00:48:11,1.17.0,FR1,18,3.98,,1,Left,Left,164,33,121,0,,,0.06
2025-03-07 00:48:13,1.17.0,FR1,18,3.98,1.0,1,Pellet,Left,164,33,122,0,1.38,20.0,
2025-03-07 00:57:16,1.17.0,FR1,18,3.98,,1,Left,Left,165,33,122,0,,,0.21
2025-03-07 00:59:57,1.17.0,FR1,18,3.98,2.0,1,Pellet,Left,165,33,123,0,,704.0,
2025-03-07 01:04:16,1.17.0,FR1,18,3.98,,1,Left,Left,166,33,123,0,,,0.12
2025-03-07 01:05:35,1.17.0,FR1,18,3.98,,1,RightWithPellet,Left,166,34,123,0,,,0.1
2025-03-07 01:05:38,1.17.0,FR1,18,3.98,1.0,1,Pellet,Left,166,34,124,0,,341.0,
2025-03-07 01:17:41,1.17.0,FR1,18,3.98,,1,Left,Left,167,34,124,0,,,0.14
2025-03-07 01:17:42,1.17.0,FR1,18,3.98,,1,LeftDuringDispense,Left,168,34,124,0,,,0.13
2025-03-07 01:17:50,1.17.0,FR1,18,3.98,3.0,1,Pellet,Left,168,34,125,0,2.84,732.0,
2025-03-07 01:18:13,1.17.0,FR1,18,3.98,,1,Left,Left,169,34,125,0,,,0.28
2025-03-07 01:18:14,1.17.0,FR1,18,3.98,1.0,1,Pellet,Left,169,34,126,0,0.88,24.0,
2025-03-07 01:28:33,1.17.0,FR1,18,3.98,,1,Left,Left,170,34,126,0,,,0.68
2025-03-07 01:28:57,1.17.0,FR1,18,3.98,1.0,1,Pellet,Left,170,34,127,0,23.93,643.0,
2025-03-07 01:29:18,1.17.0,FR1,18,3.98,,1,Right,Left,170,35,127,0,,,0.06
2025-03-07 01:47:52,1.17.0,FR1,18,3.98,,1,Right,Left,170,36,127,0,,,0.03
2025-03-07 01:59:33,1.17.0,FR1,18,3.97,,1,Left,Left,171,36,127,0,,,0.24
2025-03-07 01:59:48,1.17.0,FR1,18,3.98,1.0,1,Pellet,Left,171,36,128,0,15.09,1851.0,
2025-03-07 02:03:19,1.17.0,FR1,18,3.98,,1,Right,Left,171,37,128,0,,,0.06
2025-03-07 02:04:30,1.17.0,FR1,18,3.98,,1,Left,Left,172,37,128,0,,,0.07
2025-03-07 02:04:42,1.17.0,FR1,18,3.98,1.0,1,Pellet,Left,172,37,129,0,11.6,294.0,
2025-03-07 02:05:07,1.17.0,FR1,18,3.98,,1,Left,Left,173,37,129,0,,,0.0
2025-03-07 02:05:10,1.17.0,FR1,18,3.98,1.0,1,Pellet,Left,173,37,130,0,1.89,28.0,
2025-03-07 02:05:29,1.17.0,FR1,18,3.98,,1,Left,Left,174,37,130,0,,,0.23
2025-03-07 02:05:32,1.17.0,FR1,18,3.98,1.0,1,Pellet,Left,174,37,131,0,2.15,22.0,
2025-03-07 02:06:08,1.17.0,FR1,18,3.98,,1,Right,Left,174,38,131,0,,,0.0
2025-03-07 02:07:08,1.17.0,FR1,18,3.98,,1,Left,Left,175,38,131,0,,,0.18
2025-03-07 02:07:30,1.17.0,FR1,18,3.98,1.0,1,Pellet,Left,175,38,132,0,21.14,118.0,
2025-03-07 02:12:57,1.17.0,FR1,18,3.97,,1,Left,Left,176,38,132,0,,,0.07
2025-03-07 02:13:27,1.17.0,FR1,18,3.98,1.0,1,Pellet,Left,176,38,133,0,29.67,357.0,
2025-03-07 02:21:55,1.17.0,FR1,18,3.98,,1,Left,Left,177,38,133,0,,,0.01
2025-03-07 02:21:57,1.17.0,FR1,18,3.98,,1,LeftWithPellet,Left,178,38,133,0,,,0.04
2025-03-07 02:22:00,1.17.0,FR1,18,3.98,,1,LeftWithPellet,Left,179,38,133,0,,,0.06
2025-03-07 02:23:26,1.17.0,FR1,18,3.97,1.0,1,Pellet,Left,179,38,134,0,,599.0,
2025-03-07 02:24:53,1.17.0,FR1,18,3.98,,1,Left,Left,180,38,134,0,,,0.27
2025-03-07 02:33:42,1.17.0,FR1,18,3.98,1.0,1,Pellet,Left,180,38,135,0,,616.0,
2025-03-07 02:35:53,1.17.0,FR1,18,3.98,,1,Left,Left,181,38,135,0,,,0.24
2025-03-07 02:37:32,1.17.0,FR1,18,3.98,1.0,1,Pellet,Left,181,38,136,0,,230.0,
2025-03-07 02:45:51,1.17.0,FR1,18,3.98,,1,Left,Left,182,38,136,0,,,0.08
2025-03-07 02:57:15,1.17.0,FR1,18,3.98,1.0,1,Pellet,Left,182,38,137,0,,1183.0,
2025-03-07 04:38:11,1.17.0,FR1,18,3.97,,1,Left,Left,183,38,137,0,,,0.38
2025-03-07 04:38:15,1.17.0,FR1,18,3.97,2.0,1,Pellet,Left,183,38,138,0,1.39,6060.0,
2025-03-07 04:38:41,1.17.0,FR1,18,3.96,,1,Left,Left,184,38,138,0,,,0.03
2025-03-07 04:38:42,1.17.0,FR1,18,3.97,1.0,1,Pellet,Left,184,38,139,0,0.82,27.0,
2025-03-07 04:39:07,1.17.0,FR1,18,3.97,,1,Left,Left,185,38,139,0,,,0.07
2025-03-07 04:39:09,1.17.0,FR1,18,3.96,1.0,1,Pellet,Left,185,38,140,0,1.2,27.0,
2025-03-07 04:39:30,1.17.0,FR1,18,3.98,,1,Left,Left,186,38,140,0,,,0.17
2025-03-07 04:39:32,1.17.0,FR1,18,3.97,1.0,1,Pellet,Left,186,38,141,0,0.94,23.0,
2025-03-07 04:39:52,1.17.0,FR1,18,3.97,,1,Left,Left,187,38,141,0,,,0.04
2025-03-07 04:39:54,1.17.0,FR1,18,3.97,2.0,1,Pellet,Left,187,38,142,0,0.75,22.0,
2025-03-07 04:40:19,1.17.0,FR1,18,3.97,,1,Left,Left,188,38,142,0,,,0.26
2025-03-07 04:40:20,1.17.0,FR1,18,3.97,1.0,1,Pellet,Left,188,38,143,0,0.88,26.0,
2025-03-07 04:40:50,1.17.0,FR1,18,3.97,,1,Left,Left,189,38,143,0,,,0.0
2025-03-07 04:41:55,1.17.0,FR1,18,3.97,,1,RightWithPellet,Left,189,39,143,0,,,0.06
2025-03-07 04:43:41,1.17.0,FR1,18,3.98,1.0,1,Pellet,Left,189,39,144,0,,201.0,
2025-03-07 04:47:12,1.17.0,FR1,18,3.97,,1,Left,Left,190,39,144,0,,,0.32
2025-03-07 04:47:38,1.17.0,FR1,18,3.98,1.0,1,Pellet,Left,190,39,145,0,24.94,237.0,
2025-03-07 04:50:58,1.17.0,FR1,18,3.97,,1,Left,Left,191,39,145,0,,,0.1
2025-03-07 04:53:09,1.17.0,FR1,18,3.97,1.0,1,Pellet,Left,191,39,146,0,,331.0,
2025-03-07 04:57:07,1.17.0,FR1,18,3.97,,1,Left,Left,192,39,146,0,,,0.7
2025-03-07 04:59:08,1.17.0,FR1,18,3.96,1.0,1,Pellet,Left,192,39,147,0,,359.0,
2025-03-07 04:59:29,1.17.0,FR1,18,3.97,,1,Right,Left,192,40,147,0,,,0.2
2025-03-07 05:09:19,1.17.0,FR1,18,3.97,,1,Right,Left,192,41,147,0,,,0.22
2025-03-07 05:09:48,1.17.0,FR1,18,3.97,,1,Left,Left,193,41,147,0,,,0.12
2025-03-07 05:09:51,1.17.0,FR1,18,3.97,1.0,1,Pellet,Left,193,41,148,0,2.4,643.0,
2025-03-07 05:10:23,1.17.0,FR1,18,3.97,,1,Left,Left,194,41,148,0,,,0.26
2025-03-07 05:10:23,1.17.0,FR1,18,3.96,,1,LeftDuringDispense,Left,195,41,148,0,,,0.04
2025-03-07 05:10:27,1.17.0,FR1,18,3.97,2.0,1,Pellet,Left,195,41,149,0,1.57,36.0,
2025-03-07 05:11:07,1.17.0,FR1,18,3.97,,1,Left,Left,196,41,149,0,,,0.06
2025-03-07 05:11:11,1.17.0,FR1,18,3.97,1.0,1,Pellet,Left,196,41,150,0,3.73,44.0,
2025-03-07 05:30:12,1.17.0,FR1,18,3.96,,1,Right,Left,196,42,150,0,,,0.94
2025-03-07 05:30:14,1.17.0,FR1,18,3.97,,1,Right,Left,196,43,150,0,,,0.43
2025-03-07 05:30:15,1.17.0,FR1,18,3.97,,1,Right,Left,196,44,150,0,,,0.3
2025-03-07 05:30:16,1.17.0,FR1,18,3.96,,1,Right,Left,196,45,150,0,,,0.31
2025-03-07 05:30:24,1.17.0,FR1,18,3.97,,1,Right,Left,196,46,150,0,,,0.35
2025-03-07 05:30:37,1.17.0,FR1,18,3.96,,1,Left,Left,197,46,150,0,,,0.17
2025-03-07 05:30:38,1.17.0,FR1,18,3.96,,1,LeftDuringDispense,Left,198,46,150,0,,,0.15
2025-03-07 05:30:43,1.17.0,FR1,18,3.96,,1,LeftWithPellet,Left,199,46,150,0,,,0.32
2025-03-07 05:30:45,1.17.0,FR1,18,3.97,2.0,1,Pellet,Left,199,46,151,0,4.58,1174.0,
2025-03-07 05:33:57,1.17.0,FR1,18,3.97,,1,Right,Left,199,47,151,0,,,0.27
2025-03-07 05:48:29,1.17.0,FR1,18,3.96,,1,Left,Left,200,47,151,0,,,0.14
2025-03-07 07:16:08,1.17.0,FR1,18,3.97,1.0,1,Pellet,Left,200,47,152,0,,6323.0,
2025-03-07 07:16:34,1.17.0,FR1,18,3.96,,1,Left,Left,201,47,152,0,,,0.05
2025-03-07 07:16:38,1.17.0,FR1,18,3.96,2.0,1,Pellet,Left,201,47,153,0,1.26,30.0,
2025-03-07 07:17:06,1.17.0,FR1,18,3.96,,1,Left,Left,202,47,153,0,,,0.28
2025-03-07 07:17:08,1.17.0,FR1,18,3.97,1.0,1,Pellet,Left,202,47,154,0,0.94,30.0,
2025-03-07 07:17:36,1.17.0,FR1,18,3.96,,1,Left,Left,203,47,154,0,,,0.03
2025-03-07 07:17:39,1.17.0,FR1,18,3.97,2.0,1,Pellet,Left,203,47,155,0,0.63,31.0,
2025-03-07 07:18:04,1.17.0,FR1,18,3.96,,1,Left,Left,204,47,155,0,,,0.16
2025-03-07 07:18:05,1.17.0,FR1,18,3.96,1.0,1,Pellet,Left,204,47,156,0,1.01,26.0,
2025-03-07 07:18:29,1.17.0,FR1,18,3.96,,1,Left,Left,205,47,156,0,,,0.14
2025-03-07 07:18:31,1.17.0,FR1,18,3.96,1.0,1,Pellet,Left,205,47,157,0,1.13,26.0,
2025-03-07 07:18:58,1.17.0,FR1,18,3.96,,1,Left,Left,206,47,157,0,,,0.05
2025-03-07 07:19:00,1.17.0,FR1,18,3.97,1.0,1,Pellet,Left,206,47,158,0,1.89,29.0,
2025-03-07 07:20:32,1.17.0,FR1,18,3.96,,1,Left,Left,207,47,158,0,,,0.12
2025-03-07 07:24:42,1.17.0,FR1,18,3.96,,1,RightWithPellet,Left,207,48,158,0,,,0.32
2025-03-07 07:24:59,1.17.0,FR1,18,3.96,1.0,1,Pellet,Left,207,48,159,0,,359.0,
2025-03-07 07:27:01,1.17.0,FR1,18,3.96,,1,Left,Left,208,48,159,0,,,0.04
2025-03-07 07:27:02,1.17.0,FR1,18,3.96,,1,LeftDuringDispense,Left,209,48,159,0,,,0.0
2025-03-07 07:27:26,1.17.0,FR1,18,3.96,1.0,1,Pellet,Left,209,48,160,0,23.88,147.0,
2025-03-07 07:29:28,1.17.0,FR1,18,3.96,,1,Right,Left,209,49,160,0,,,0.02
2025-03-07 07:29:30,1.17.0,FR1,18,3.96,,1,Right,Left,209,50,160,0,,,0.45
2025-03-07 07:29:31,1.17.0,FR1,18,3.96,,1,Right,Left,209,51,160,0,,,0.0
2025-03-07 07:29:32,1.17.0,FR1,18,3.96,,1,Right,Left,209,52,160,0,,,0.21
2025-03-07 07:31:36,1.17.0,FR1,18,3.96,,1,Left,Left,210,52,160,0,,,0.01
2025-03-07 07:33:56,1.17.0,FR1,18,3.96,2.0,1,Pellet,Left,210,52,161,0,,390.0,
2025-03-07 07:35:56,1.17.0,FR1,18,3.96,,1,Left,Left,211,52,161,0,,,0.37
2025-03-07 07:36:35,1.17.0,FR1,18,3.96,1.0,1,Pellet,Left,211,52,162,0,38.52,159.0,
2025-03-07 07:55:02,1.17.0,FR1,18,3.96,,1,Right,Left,211,53,162,0,,,0.07
2025-03-07 09:23:27,1.17.0,FR1,18,3.96,,1,Left,Left,212,53,162,0,,,0.17
2025-03-07 09:23:30,1.17.0,FR1,18,3.96,1.0,1,Pellet,Left,212,53,163,0,2.21,6415.0,
2025-03-07 09:23:51,1.17.0,FR1,18,3.96,,1,Left,Left,213,53,163,0,,,0.05
2025-03-07 09:23:53,1.17.0,FR1,18,3.96,1.0,1,Pellet,Left,213,53,164,0,0.88,23.0,
2025-03-07 09:26:54,1.17.0,FR1,18,3.96,,1,Left,Left,214,53,164,0,,,0.05
2025-03-07 09:27:32,1.17.0,FR1,18,3.96,1.0,1,Pellet,Left,214,53,165,0,37.25,219.0,
2025-03-07 09:28:27,1.17.0,FR1,18,3.96,,1,Left,Left,215,53,165,0,,,0.25
2025-03-07 09:28:29,1.17.0,FR1,18,3.96,1.0,1,Pellet,Left,215,53,166,0,1.13,57.0,
2025-03-07 09:29:03,1.17.0,FR1,18,3.96,,1,Left,Left,216,53,166,0,,,0.37
2025-03-07 09:29:04,1.17.0,FR1,18,3.96,,1,LeftDuringDispense,Left,217,53,166,0,,,0.04
2025-03-07 09:29:04,1.17.0,FR1,18,3.96,,1,LeftDuringDispense,Left,218,53,166,0,,,0.2
2025-03-07 09:29:08,1.17.0,FR1,18,3.96,2.0,1,Pellet,Left,218,53,167,0,0.82,39.0,
2025-03-07 10:44:26,1.17.0,FR1,18,3.96,,1,Left,Left,219,53,167,0,,,0.11
2025-03-07 10:44:29,1.17.0,FR1,18,3.96,1.0,1,Pellet,Left,219,53,168,0,1.64,4521.0,
2025-03-07 10:44:57,1.17.0,FR1,18,3.96,,1,Left,Left,220,53,168,0,,,0.06
2025-03-07 10:44:58,1.17.0,FR1,18,3.96,1.0,1,Pellet,Left,220,53,169,0,0.75,29.0,
2025-03-07 10:45:17,1.17.0,FR1,18,3.96,,1,Left,Left,221,53,169,0,,,0.37
2025-03-07 10:45:19,1.17.0,FR1,18,3.96,1.0,1,Pellet,Left,221,53,170,0,1.07,21.0,
2025-03-07 10:45:52,1.17.0,FR1,18,3.96,,1,Left,Left,222,53,170,0,,,0.23
2025-03-07 10:45:53,1.17.0,FR1,18,3.96,1.0,1,Pellet,Left,222,53,171,0,0.5,34.0,
2025-03-07 10:46:14,1.17.0,FR1,18,3.96,,1,Left,Left,223,53,171,0,,,0.02
2025-03-07 10:46:15,1.17.0,FR1,18,3.96,1.0,1,Pellet,Left,223,53,172,0,0.63,22.0,
2025-03-07 10:46:35,1.17.0,FR1,18,3.96,,1,Left,Left,224,53,172,0,,,0.08
2025-03-07 10:46:36,1.17.0,FR1,18,3.96,1.0,1,Pellet,Left,224,53,173,0,0.44,21.0,
2025-03-07 11:43:19,1.17.0,FR1,18,3.96,,1,Left,Left,225,53,173,0,,,0.13
2025-03-07 11:43:21,1.17.0,FR1,18,3.96,1.0,1,Pellet,Left,225,53,174,0,1.39,3405.0,
2025-03-07 11:43:49,1.17.0,FR1,18,3.96,,1,Left,Left,226,53,174,0,,,0.32
2025-03-07 11:43:52,1.17.0,FR1,18,3.96,1.0,1,Pellet,Left,226,53,175,0,1.96,31.0,
2025-03-07 11:44:14,1.17.0,FR1,18,3.96,,1,Left,Left,227,53,175,0,,,0.41
2025-03-07 11:44:16,1.17.0,FR1,18,3.96,1.0,1,Pellet,Left,227,53,176,0,0.75,24.0,
2025-03-07 11:44:36,1.17.0,FR1,18,3.95,,1,Left,Left,228,53,176,0,,,0.09
2025-03-07 11:44:39,1.17.0,FR1,18,3.96,2.0,1,Pellet,Left,228,53,177,0,0.82,23.0,
2025-03-07 12:52:17,1.17.0,FR1,18,3.96,,1,Left,Left,229,53,177,0,,,0.21
2025-03-07 12:52:19,1.17.0,FR1,18,3.95,1.0,1,Pellet,Left,229,53,178,0,0.94,4060.0,
2025-03-07 12:52:42,1.17.0,FR1,18,3.95,,1,Left,Left,230,53,178,0,,,0.08
2025-03-07 12:52:44,1.17.0,FR1,18,3.95,1.0,1,Pellet,Left,230,53,179,0,0.75,25.0,
2025-03-07 12:53:01,1.17.0,FR1,18,3.95,,1,Left,Left,231,53,179,0,,,0.31
2025-03-07 12:53:02,1.17.0,FR1,18,3.96,1.0,1,Pellet,Left,231,53,180,0,0.63,18.0,
2025-03-07 12:53:34,1.17.0,FR1,18,3.95,,1,Left,Left,232,53,180,0,,,0.21
2025-03-07 12:53:35,1.17.0,FR1,18,3.95,1.0,1,Pellet,Left,232,53,181,0,0.63,33.0,
2025-03-07 12:53:57,1.17.0,FR1,18,3.95,,1,Left,Left,233,53,181,0,,,0.14
2025-03-07 12:53:58,1.17.0,FR1,18,3.95,,1,LeftDuringDispense,Left,234,53,181,0,,,0.02
2025-03-07 12:54:01,1.17.0,FR1,18,3.96,2.0,1,Pellet,Left,234,53,182,0,1.01,26.0,
2025-03-07 12:54:24,1.17.0,FR1,18,3.95,,1,Left,Left,235,53,182,0,,,0.32
2025-03-07 12:54:28,1.17.0,FR1,18,3.95,2.0,1,Pellet,Left,235,53,183,0,1.32,27.0,
2025-03-07 12:54:47,1.17.0,FR1,18,3.95,,1,Left,Left,236,53,183,0,,,0.03
2025-03-07 12:54:48,1.17.0,FR1,18,3.95,1.0,1,Pellet,Left,236,53,184,0,0.63,20.0,
2025-03-07 12:55:06,1.17.0,FR1,18,3.96,,1,Left,Left,237,53,184,0,,,0.32
2025-03-07 12:55:07,1.17.0,FR1,18,3.95,1.0,1,Pellet,Left,237,53,185,0,0.37,19.0,
