MM:DD:YYYY hh:mm:ss,Library_Version,Session_type,Device_Number,Battery_Voltage,Motor_Turns,PelletsToSwitch,Prob_left,Prob_right,Event,High_prob_poke,Left_Poke_Count,Right_Poke_Count,Pellet_Count,Block_Pellet_Count,Retrieval_Time,InterPelletInterval,Poke_Time
7/23/2025 14:00:39,1.17.0,Bandit100,72,3.87,,20,0,100,Right,Right,0,1,0,0,,,0.38
7/23/2025 14:00:49,1.17.0,Bandit100,72,3.87,3.0,20,0,100,Pellet,Right,0,1,1,0,5.03,,
7/23/2025 14:01:44,1.17.0,Bandit100,72,3.87,,20,0,100,Left,Right,1,1,1,1,,,0.06
7/23/2025 14:02:30,1.17.0,Bandit100,72,3.87,,20,0,100,Right,Right,1,2,1,1,,,0.2
7/23/2025 14:02:42,1.17.0,Bandit100,72,3.87,3.0,20,0,100,Pellet,Right,1,2,2,1,6.81,113.0,
7/23/2025 14:03:12,1.17.0,Bandit100,72,3.87,,20,0,100,Right,Right,1,3,2,2,,,0.15
7/23/2025 14:03:16,1.17.0,Bandit100,72,3.87,1.0,20,0,100,Pellet,Right,1,3,3,2,2.94,34.0,
7/23/2025 14:03:36,1.17.0,Bandit100,72,3.87,,20,0,100,Right,Right,1,4,3,3,,,0.17
7/23/2025 14:03:38,1.17.0,Bandit100,72,3.87,1.0,20,0,100,Pellet,Right,1,4,4,3,0.79,21.0,
7/23/2025 14:04:20,1.17.0,Bandit100,72,3.87,,20,0,100,Right,Right,1,5,4,4,,,0.03
7/23/2025 14:04:21,1.17.0,Bandit100,72,3.87,1.0,20,0,100,Pellet,Right,1,5,5,4,0.66,44.0,
7/23/2025 14:05:32,1.17.0,Bandit100,72,3.87,,20,0,100,Left,Right,2,5,5,5,,,0.08
7/23/2025 14:05:33,1.17.0,Bandit100,72,3.87,,20,0,100,LeftinTimeOut,Right,2,5,5,5,,,
7/23/2025 14:06:12,1.17.0,Bandit100,72,3.87,,20,0,100,Right,Right,2,6,5,5,,,0.21
7/23/2025 14:06:14,1.17.0,Bandit100,72,3.87,1.0,20,0,100,Pellet,Right,2,6,6,5,1.23,113.0,
7/23/2025 14:06:47,1.17.0,Bandit100,72,3.87,,20,0,100,Left,Right,3,6,6,6,,,0.02
7/23/2025 14:06:48,1.17.0,Bandit100,72,3.87,,20,0,100,LeftinTimeOut,Right,3,6,6,6,,,
7/23/2025 14:07:04,1.17.0,Bandit100,72,3.87,,20,0,100,Right,Right,3,7,6,6,,,0.0
7/23/2025 14:07:34,1.17.0,Bandit100,72,3.87,1.0,20,0,100,Pellet,Right,3,7,7,6,28.88,80.0,
7/23/2025 14:08:01,1.17.0,Bandit100,72,3.87,,20,0,100,Right,Right,3,8,7,7,,,0.28
7/23/2025 14:08:02,1.17.0,Bandit100,72,3.87,1.0,20,0,100,Pellet,Right,3,8,8,7,0.66,28.0,
7/23/2025 14:08:30,1.17.0,Bandit100,72,3.87,,20,0,100,Right,Right,3,9,8,8,,,0.1
7/23/2025 14:08:31,1.17.0,Bandit100,72,3.87,1.0,20,0,100,Pellet,Right,3,9,9,8,0.66,29.0,
7/23/2025 14:08:56,1.17.0,Bandit100,72,3.87,,20,0,100,Right,Right,3,10,9,9,,,0.2
7/23/2025 14:08:57,1.17.0,Bandit100,72,3.87,,20,0,100,RightDuringDispense,Right,3,10,9,9,,,0.03
7/23/2025 14:09:00,1.17.0,Bandit100,72,3.87,2.0,20,0,100,Pellet,Right,3,10,10,9,0.66,29.0,
7/23/2025 14:09:40,1.17.0,Bandit100,72,3.87,,20,0,100,Left,Right,4,10,10,10,,,0.95
7/23/2025 14:10:54,1.17.0,Bandit100,72,3.87,,20,0,100,Left,Right,5,10,10,10,,,0.23
7/23/2025 14:10:57,1.17.0,Bandit100,72,3.87,,20,0,100,RightinTimeout,Right,5,10,10,10,,,0.0
7/23/2025 14:10:58,1.17.0,Bandit100,72,3.87,,20,0,100,RightinTimeout,Right,5,10,10,10,,,0.0
7/23/2025 14:10:58,1.17.0,Bandit100,72,3.87,,20,0,100,RightinTimeout,Right,5,10,10,10,,,0.0
7/23/2025 14:11:29,1.17.0,Bandit100,72,3.87,,20,0,100,Left,Right,6,10,10,10,,,0.48
7/23/2025 14:11:33,1.17.0,Bandit100,72,3.87,,20,0,100,RightinTimeout,Right,6,10,10,10,,,0.0
7/23/2025 14:11:33,1.17.0,Bandit100,72,3.87,,20,0,100,RightinTimeout,Right,6,10,10,10,,,0.0
7/23/2025 14:11:33,1.17.0,Bandit100,72,3.87,,20,0,100,RightinTimeout,Right,6,10,10,10,,,0.0
7/23/2025 14:11:34,1.17.0,Bandit100,72,3.87,,20,0,100,RightinTimeout,Right,6,10,10,10,,,0.0
7/23/2025 14:20:55,1.17.0,Bandit100,72,3.87,,20,0,100,Right,Right,6,11,10,10,,,0.02
7/23/2025 14:20:57,1.17.0,Bandit100,72,3.87,1.0,20,0,100,Pellet,Right,6,11,11,10,0.79,717.0,
7/23/2025 14:21:24,1.17.0,Bandit100,72,3.87,,20,0,100,Right,Right,6,12,11,11,,,0.03
7/23/2025 14:21:26,1.17.0,Bandit100,72,3.87,1.0,20,0,100,Pellet,Right,6,12,12,11,1.16,29.0,
7/23/2025 14:22:03,1.17.0,Bandit100,72,3.87,,20,0,100,Right,Right,6,13,12,12,,,0.07
7/23/2025 14:22:04,1.17.0,Bandit100,72,3.87,1.0,20,0,100,Pellet,Right,6,13,13,12,0.66,38.0,
7/23/2025 14:22:44,1.17.0,Bandit100,72,3.87,,20,0,100,Right,Right,6,14,13,13,,,0.59
7/23/2025 14:22:46,1.17.0,Bandit100,72,3.85,1.0,20,0,100,Pellet,Right,6,14,14,13,0.72,42.0,
7/23/2025 14:23:17,1.17.0,Bandit100,72,3.87,,20,0,100,Right,Right,6,15,14,14,,,0.02
7/23/2025 14:23:18,1.17.0,Bandit100,72,3.87,1.0,20,0,100,Pellet,Right,6,15,15,14,0.66,32.0,
7/23/2025 14:23:43,1.17.0,Bandit100,72,3.87,,20,0,100,Right,Right,6,16,15,15,,,0.06
7/23/2025 14:23:44,1.17.0,Bandit100,72,3.87,1.0,20,0,100,Pellet,Right,6,16,16,15,0.66,26.0,
7/23/2025 14:24:18,1.17.0,Bandit100,72,3.87,,20,0,100,Right,Right,6,17,16,16,,,0.22
7/23/2025 14:24:19,1.17.0,Bandit100,72,3.87,1.0,20,0,100,Pellet,Right,6,17,17,16,0.66,35.0,
7/23/2025 14:24:43,1.17.0,Bandit100,72,3.86,,20,0,100,Right,Right,6,18,17,17,,,0.11
7/23/2025 14:24:45,1.17.0,Bandit100,72,3.87,1.0,20,0,100,Pellet,Right,6,18,18,17,1.29,26.0,
7/23/2025 14:25:26,1.17.0,Bandit100,72,3.87,,20,0,100,Right,Right,6,19,18,18,,,0.06
7/23/2025 14:25:27,1.17.0,Bandit100,72,3.87,1.0,20,0,100,Pellet,Right,6,19,19,18,0.66,42.0,
7/23/2025 14:25:51,1.17.0,Bandit100,72,3.87,,20,0,100,Right,Right,6,20,19,19,,,0.21
7/23/2025 14:25:52,1.17.0,Bandit100,72,3.87,1.0,20,0,100,Pellet,Right,6,20,20,19,0.66,25.0,
7/23/2025 14:26:16,1.17.0,Bandit100,72,3.87,,20,100,0,Right,Left,6,21,20,0,,,0.0
7/23/2025 14:26:21,1.17.0,Bandit100,72,3.87,,20,100,0,RightinTimeout,Left,6,21,20,0,,,0.0
7/23/2025 14:26:21,1.17.0,Bandit100,72,3.87,,20,100,0,RightinTimeout,Left,6,21,20,0,,,0.0
7/23/2025 14:28:03,1.17.0,Bandit100,72,3.87,,20,100,0,Left,Left,7,21,20,0,,,0.06
7/23/2025 14:28:04,1.17.0,Bandit100,72,3.87,1.0,20,100,0,Pellet,Left,7,21,21,0,0.72,132.0,
7/23/2025 14:28:30,1.17.0,Bandit100,72,3.87,,20,100,0,Right,Left,7,22,21,1,,,0.01
7/23/2025 14:28:33,1.17.0,Bandit100,72,3.87,,20,100,0,LeftinTimeOut,Left,7,22,21,1,,,
7/23/2025 14:28:34,1.17.0,Bandit100,72,3.87,,20,100,0,LeftinTimeOut,Left,7,22,21,1,,,
7/23/2025 14:30:00,1.17.0,Bandit100,72,3.87,,20,100,0,Right,Left,7,23,21,1,,,0.02
7/23/2025 14:30:02,1.17.0,Bandit100,72,3.87,,20,100,0,RightinTimeout,Left,7,23,21,1,,,0.0
7/23/2025 14:30:02,1.17.0,Bandit100,72,3.87,,20,100,0,RightinTimeout,Left,7,23,21,1,,,0.0
7/23/2025 14:30:04,1.17.0,Bandit100,72,3.87,,20,100,0,RightinTimeout,Left,7,23,21,1,,,0.0
7/23/2025 14:30:04,1.17.0,Bandit100,72,3.86,,20,100,0,RightinTimeout,Left,7,23,21,1,,,0.0
7/23/2025 14:30:07,1.17.0,Bandit100,72,3.87,,20,100,0,LeftinTimeOut,Left,7,23,21,1,,,
7/23/2025 14:32:57,1.17.0,Bandit100,72,3.87,,20,100,0,Right,Left,7,24,21,1,,,0.78
7/23/2025 14:32:58,1.17.0,Bandit100,72,3.87,,20,100,0,RightinTimeout,Left,7,24,21,1,,,0.0
7/23/2025 14:32:59,1.17.0,Bandit100,72,3.87,,20,100,0,RightinTimeout,Left,7,24,21,1,,,0.0
7/23/2025 14:32:59,1.17.0,Bandit100,72,3.87,,20,100,0,RightinTimeout,Left,7,24,21,1,,,0.0
7/23/2025 14:32:59,1.17.0,Bandit100,72,3.87,,20,100,0,RightinTimeout,Left,7,24,21,1,,,0.0
7/23/2025 15:56:21,1.17.0,Bandit100,72,3.85,,20,100,0,Right,Left,7,25,21,1,,,0.12
7/23/2025 15:56:22,1.17.0,Bandit100,72,3.87,,20,100,0,RightinTimeout,Left,7,25,21,1,,,0.0
7/23/2025 15:56:22,1.17.0,Bandit100,72,3.87,,20,100,0,RightinTimeout,Left,7,25,21,1,,,0.0
7/23/2025 15:56:27,1.17.0,Bandit100,72,3.86,,20,100,0,RightinTimeout,Left,7,25,21,1,,,0.0
7/23/2025 15:56:27,1.17.0,Bandit100,72,3.86,,20,100,0,RightinTimeout,Left,7,25,21,1,,,0.0
7/23/2025 15:56:38,1.17.0,Bandit100,72,3.87,,20,100,0,Right,Left,7,26,21,1,,,0.22
7/23/2025 15:56:39,1.17.0,Bandit100,72,3.86,,20,100,0,LeftinTimeOut,Left,7,26,21,1,,,
7/23/2025 16:04:00,1.17.0,Bandit100,72,3.85,,20,100,0,Left,Left,8,26,21,1,,,0.03
7/23/2025 16:04:00,1.17.0,Bandit100,72,3.86,,20,100,0,LeftDuringDispense,Left,8,26,21,1,,,0.1
7/23/2025 16:04:23,1.17.0,Bandit100,72,3.85,1.0,20,100,0,Pellet,Left,8,26,22,1,22.02,5779.0,
7/23/2025 16:04:40,1.17.0,Bandit100,72,3.87,,20,100,0,Left,Left,9,26,22,2,,,0.01
7/23/2025 16:04:42,1.17.0,Bandit100,72,3.87,2.0,20,100,0,Pellet,Left,9,26,23,2,0.66,19.0,
7/23/2025 16:05:23,1.17.0,Bandit100,72,3.87,,20,100,0,Left,Left,10,26,23,3,,,0.12
7/23/2025 16:05:41,1.17.0,Bandit100,72,3.87,2.0,20,100,0,Pellet,Left,10,26,24,3,17.31,59.0,
7/23/2025 16:06:19,1.17.0,Bandit100,72,3.86,,20,100,0,Right,Left,10,27,24,4,,,0.19
7/23/2025 16:06:23,1.17.0,Bandit100,72,3.86,,20,100,0,LeftinTimeOut,Left,10,27,24,4,,,
7/23/2025 16:06:24,1.17.0,Bandit100,72,3.87,,20,100,0,LeftinTimeOut,Left,10,27,24,4,,,
7/23/2025 16:06:29,1.17.0,Bandit100,72,3.86,,20,100,0,RightinTimeout,Left,10,27,24,4,,,0.0
7/23/2025 16:06:29,1.17.0,Bandit100,72,3.86,,20,100,0,RightinTimeout,Left,10,27,24,4,,,0.0
7/23/2025 16:06:32,1.17.0,Bandit100,72,3.87,,20,100,0,RightinTimeout,Left,10,27,24,4,,,0.0
7/23/2025 16:06:33,1.17.0,Bandit100,72,3.87,,20,100,0,RightinTimeout,Left,10,27,24,4,,,0.0
7/23/2025 16:06:33,1.17.0,Bandit100,72,3.86,,20,100,0,RightinTimeout,Left,10,27,24,4,,,0.0
7/23/2025 16:06:33,1.17.0,Bandit100,72,3.87,,20,100,0,RightinTimeout,Left,10,27,24,4,,,0.0
7/23/2025 16:06:34,1.17.0,Bandit100,72,3.85,,20,100,0,RightinTimeout,Left,10,27,24,4,,,0.0
7/23/2025 16:06:34,1.17.0,Bandit100,72,3.86,,20,100,0,RightinTimeout,Left,10,27,24,4,,,0.0
7/23/2025 16:06:34,1.17.0,Bandit100,72,3.87,,20,100,0,RightinTimeout,Left,10,27,24,4,,,0.0
7/23/2025 16:06:35,1.17.0,Bandit100,72,3.86,,20,100,0,RightinTimeout,Left,10,27,24,4,,,0.0
7/23/2025 16:06:35,1.17.0,Bandit100,72,3.86,,20,100,0,RightinTimeout,Left,10,27,24,4,,,0.0
7/23/2025 16:06:35,1.17.0,Bandit100,72,3.87,,20,100,0,RightinTimeout,Left,10,27,24,4,,,0.0
7/23/2025 16:06:36,1.17.0,Bandit100,72,3.86,,20,100,0,RightinTimeout,Left,10,27,24,4,,,0.0
7/23/2025 16:06:36,1.17.0,Bandit100,72,3.85,,20,100,0,RightinTimeout,Left,10,27,24,4,,,0.0
7/23/2025 16:07:35,1.17.0,Bandit100,72,3.87,,20,100,0,Left,Left,11,27,24,4,,,0.11
7/23/2025 16:07:35,1.17.0,Bandit100,72,3.86,,20,100,0,LeftDuringDispense,Left,11,27,24,4,,,0.05
7/23/2025 16:07:39,1.17.0,Bandit100,72,3.87,2.0,20,100,0,Pellet,Left,11,27,25,4,0.91,118.0,
7/23/2025 16:08:06,1.17.0,Bandit100,72,3.86,,20,100,0,Left,Left,12,27,25,5,,,0.06
7/23/2025 16:08:06,1.17.0,Bandit100,72,3.86,,20,100,0,LeftDuringDispense,Left,12,27,25,5,,,0.01
7/23/2025 16:08:10,1.17.0,Bandit100,72,3.87,2.0,20,100,0,Pellet,Left,12,27,26,5,1.16,31.0,
7/23/2025 16:08:35,1.17.0,Bandit100,72,3.87,,20,100,0,Left,Left,13,27,26,6,,,0.03
7/23/2025 16:08:36,1.17.0,Bandit100,72,3.86,1.0,20,100,0,Pellet,Left,13,27,27,6,0.66,26.0,
7/23/2025 16:09:00,1.17.0,Bandit100,72,3.87,,20,100,0,Left,Left,14,27,27,7,,,0.04
7/23/2025 16:09:01,1.17.0,Bandit100,72,3.86,,20,100,0,LeftDuringDispense,Left,14,27,27,7,,,0.03
7/23/2025 16:09:04,1.17.0,Bandit100,72,3.87,2.0,20,100,0,Pellet,Left,14,27,28,7,0.66,28.0,
7/23/2025 16:09:41,1.17.0,Bandit100,72,3.86,,20,100,0,Left,Left,15,27,28,8,,,0.02
7/23/2025 16:09:42,1.17.0,Bandit100,72,3.86,1.0,20,100,0,Pellet,Left,15,27,29,8,0.66,38.0,
7/23/2025 16:10:01,1.17.0,Bandit100,72,3.87,,20,100,0,Left,Left,16,27,29,9,,,0.04
7/23/2025 16:10:03,1.17.0,Bandit100,72,3.86,1.0,20,100,0,Pellet,Left,16,27,30,9,0.66,21.0,
7/23/2025 16:10:28,1.17.0,Bandit100,72,3.87,,20,100,0,Left,Left,17,27,30,10,,,0.04
7/23/2025 16:10:29,1.17.0,Bandit100,72,3.87,1.0,20,100,0,Pellet,Left,17,27,31,10,0.66,26.0,
7/23/2025 16:10:59,1.17.0,Bandit100,72,3.87,,20,100,0,Left,Left,18,27,31,11,,,0.4
7/23/2025 16:11:00,1.17.0,Bandit100,72,3.87,1.0,20,100,0,Pellet,Left,18,27,32,11,0.66,31.0,
7/23/2025 16:11:24,1.17.0,Bandit100,72,3.86,,20,100,0,Left,Left,19,27,32,12,,,0.06
7/23/2025 16:11:26,1.17.0,Bandit100,72,3.86,2.0,20,100,0,Pellet,Left,19,27,33,12,0.79,26.0,
7/23/2025 16:11:52,1.17.0,Bandit100,72,3.86,,20,100,0,Left,Left,20,27,33,13,,,0.02
7/23/2025 16:11:53,1.17.0,Bandit100,72,3.87,1.0,20,100,0,Pellet,Left,20,27,34,13,0.66,27.0,
7/23/2025 16:12:09,1.17.0,Bandit100,72,3.86,,20,100,0,Left,Left,21,27,34,14,,,0.03
7/23/2025 16:12:11,1.17.0,Bandit100,72,3.87,2.0,20,100,0,Pellet,Left,21,27,35,14,0.98,18.0,
7/23/2025 16:12:43,1.17.0,Bandit100,72,3.86,,20,100,0,Right,Left,21,28,35,15,,,0.11
7/23/2025 16:59:14,1.17.0,Bandit100,72,3.85,,20,100,0,Left,Left,22,28,35,15,,,0.25
7/23/2025 16:59:15,1.17.0,Bandit100,72,3.87,1.0,20,100,0,Pellet,Left,22,28,36,15,0.66,2824.0,
7/23/2025 16:59:44,1.17.0,Bandit100,72,3.87,,20,100,0,Left,Left,23,28,36,16,,,0.11
7/23/2025 16:59:46,1.17.0,Bandit100,72,3.87,1.0,20,100,0,Pellet,Left,23,28,37,16,0.66,31.0,
7/23/2025 17:00:12,1.17.0,Bandit100,72,3.86,,20,100,0,Left,Left,24,28,37,17,,,0.09
7/23/2025 17:00:14,1.17.0,Bandit100,72,3.87,1.0,20,100,0,Pellet,Left,24,28,38,17,0.66,28.0,
7/23/2025 17:00:33,1.17.0,Bandit100,72,3.87,,20,100,0,Left,Left,25,28,38,18,,,0.08
7/23/2025 17:00:34,1.17.0,Bandit100,72,3.87,1.0,20,100,0,Pellet,Left,25,28,39,18,0.72,20.0,
7/23/2025 17:00:59,1.17.0,Bandit100,72,3.86,,20,100,0,Left,Left,26,28,39,19,,,0.03
7/23/2025 17:00:59,1.17.0,Bandit100,72,3.86,,20,100,0,LeftDuringDispense,Left,26,28,39,19,,,0.05
7/23/2025 17:01:04,1.17.0,Bandit100,72,3.87,2.0,20,100,0,Pellet,Left,26,28,40,19,2.56,30.0,
7/23/2025 17:01:25,1.17.0,Bandit100,72,3.87,,20,0,100,Left,Right,27,28,40,0,,,1.33
7/23/2025 17:01:27,1.17.0,Bandit100,72,3.86,,20,0,100,LeftinTimeOut,Right,27,28,40,0,,,
7/23/2025 17:01:34,1.17.0,Bandit100,72,3.87,,20,0,100,RightinTimeout,Right,27,28,40,0,,,0.0
7/23/2025 17:01:35,1.17.0,Bandit100,72,3.86,,20,0,100,RightinTimeout,Right,27,28,40,0,,,0.0
7/23/2025 17:01:36,1.17.0,Bandit100,72,3.87,,20,0,100,RightinTimeout,Right,27,28,40,0,,,0.0
7/23/2025 17:01:48,1.17.0,Bandit100,72,3.86,,20,0,100,Left,Right,28,28,40,0,,,0.17
7/23/2025 17:01:49,1.17.0,Bandit100,72,3.86,,20,0,100,LeftinTimeOut,Right,28,28,40,0,,,
7/23/2025 17:02:08,1.17.0,Bandit100,72,3.85,,20,0,100,Right,Right,28,29,40,0,,,0.21
7/23/2025 17:02:10,1.17.0,Bandit100,72,3.87,1.0,20,0,100,Pellet,Right,28,29,41,0,0.66,66.0,
7/23/2025 17:02:38,1.17.0,Bandit100,72,3.86,,20,0,100,Left,Right,29,29,41,1,,,0.05
7/23/2025 17:02:39,1.17.0,Bandit100,72,3.86,,20,0,100,LeftinTimeOut,Right,29,29,41,1,,,
7/23/2025 17:02:41,1.17.0,Bandit100,72,3.87,,20,0,100,RightinTimeout,Right,29,29,41,1,,,0.0
7/23/2025 17:09:05,1.17.0,Bandit100,72,3.86,,20,0,100,Left,Right,30,29,41,1,,,0.54
7/23/2025 17:09:13,1.17.0,Bandit100,72,3.86,,20,0,100,RightinTimeout,Right,30,29,41,1,,,0.0
7/23/2025 17:10:03,1.17.0,Bandit100,72,3.87,,20,0,100,Right,Right,30,30,41,1,,,0.11
7/23/2025 17:10:03,1.17.0,Bandit100,72,3.86,,20,0,100,RightDuringDispense,Right,30,30,41,1,,,0.09
7/23/2025 17:10:07,1.17.0,Bandit100,72,3.87,2.0,20,0,100,Pellet,Right,30,30,42,1,0.98,477.0,
7/23/2025 17:10:56,1.17.0,Bandit100,72,3.86,,20,0,100,Left,Right,31,30,42,2,,,0.1
7/23/2025 17:11:02,1.17.0,Bandit100,72,3.85,,20,0,100,RightinTimeout,Right,31,30,42,2,,,0.0
7/23/2025 17:11:02,1.17.0,Bandit100,72,3.87,,20,0,100,RightinTimeout,Right,31,30,42,2,,,0.0
7/23/2025 17:11:03,1.17.0,Bandit100,72,3.86,,20,0,100,RightinTimeout,Right,31,30,42,2,,,0.0
7/23/2025 17:12:18,1.17.0,Bandit100,72,3.86,,20,0,100,Left,Right,32,30,42,2,,,0.39
7/23/2025 17:12:51,1.17.0,Bandit100,72,3.87,,20,0,100,Left,Right,33,30,42,2,,,0.05
7/23/2025 17:15:20,1.17.0,Bandit100,72,3.85,,20,0,100,Left,Right,34,30,42,2,,,0.01
7/23/2025 17:15:24,1.17.0,Bandit100,72,3.86,,20,0,100,RightinTimeout,Right,34,30,42,2,,,0.0
7/23/2025 17:15:24,1.17.0,Bandit100,72,3.86,,20,0,100,RightinTimeout,Right,34,30,42,2,,,0.0
7/23/2025 17:15:24,1.17.0,Bandit100,72,3.86,,20,0,100,RightinTimeout,Right,34,30,42,2,,,0.0
7/23/2025 17:15:26,1.17.0,Bandit100,72,3.86,,20,0,100,RightinTimeout,Right,34,30,42,2,,,0.0
7/23/2025 17:15:31,1.17.0,Bandit100,72,3.87,,20,0,100,RightinTimeout,Right,34,30,42,2,,,0.0
7/23/2025 17:15:31,1.17.0,Bandit100,72,3.86,,20,0,100,RightinTimeout,Right,34,30,42,2,,,0.0
7/23/2025 17:20:07,1.17.0,Bandit100,72,3.86,,20,0,100,Left,Right,35,30,42,2,,,0.08
7/23/2025 17:20:07,1.17.0,Bandit100,72,3.87,,20,0,100,LeftinTimeOut,Right,35,30,42,2,,,
7/23/2025 17:20:12,1.17.0,Bandit100,72,3.86,,20,0,100,RightinTimeout,Right,35,30,42,2,,,0.0
7/23/2025 17:20:12,1.17.0,Bandit100,72,3.86,,20,0,100,RightinTimeout,Right,35,30,42,2,,,0.0
7/23/2025 17:20:13,1.17.0,Bandit100,72,3.86,,20,0,100,RightinTimeout,Right,35,30,42,2,,,0.0
7/23/2025 17:20:13,1.17.0,Bandit100,72,3.86,,20,0,100,RightinTimeout,Right,35,30,42,2,,,0.0
7/23/2025 17:20:13,1.17.0,Bandit100,72,3.86,,20,0,100,RightinTimeout,Right,35,30,42,2,,,0.0
7/23/2025 17:20:13,1.17.0,Bandit100,72,3.86,,20,0,100,RightinTimeout,Right,35,30,42,2,,,0.0
7/23/2025 17:20:14,1.17.0,Bandit100,72,3.86,,20,0,100,RightinTimeout,Right,35,30,42,2,,,0.0
7/23/2025 17:21:37,1.17.0,Bandit100,72,3.86,,20,0,100,Right,Right,35,31,42,2,,,0.07
7/23/2025 17:21:39,1.17.0,Bandit100,72,3.86,1.0,20,0,100,Pellet,Right,35,31,43,2,0.66,692.0,
7/23/2025 17:22:03,1.17.0,Bandit100,72,3.87,,20,0,100,Right,Right,35,32,43,3,,,0.42
7/23/2025 17:22:04,1.17.0,Bandit100,72,3.86,1.0,20,0,100,Pellet,Right,35,32,44,3,0.66,25.0,
7/23/2025 17:22:32,1.17.0,Bandit100,72,3.85,,20,0,100,Right,Right,35,33,44,4,,,0.43
7/23/2025 17:22:34,1.17.0,Bandit100,72,3.87,1.0,20,0,100,Pellet,Right,35,33,45,4,1.10,30.0,
7/23/2025 17:23:01,1.17.0,Bandit100,72,3.86,,20,0,100,Right,Right,35,34,45,5,,,0.3
7/23/2025 17:23:03,1.17.0,Bandit100,72,3.86,1.0,20,0,100,Pellet,Right,35,34,46,5,1.61,29.0,
7/23/2025 17:23:25,1.17.0,Bandit100,72,3.87,,20,0,100,Right,Right,35,35,46,6,,,0.34
7/23/2025 17:23:26,1.17.0,Bandit100,72,3.86,1.0,20,0,100,Pellet,Right,35,35,47,6,0.66,23.0,
7/23/2025 17:23:50,1.17.0,Bandit100,72,3.86,,20,0,100,Right,Right,35,36,47,7,,,0.05
7/23/2025 17:23:51,1.17.0,Bandit100,72,3.86,1.0,20,0,100,Pellet,Right,35,36,48,7,0.66,25.0,
7/23/2025 17:24:19,1.17.0,Bandit100,72,3.86,,20,0,100,Right,Right,35,37,48,8,,,0.12
7/23/2025 17:24:21,1.17.0,Bandit100,72,3.86,1.0,20,0,100,Pellet,Right,35,37,49,8,0.66,30.0,
7/23/2025 17:24:50,1.17.0,Bandit100,72,3.86,,20,0,100,Right,Right,35,38,49,9,,,0.05
7/23/2025 17:24:52,1.17.0,Bandit100,72,3.86,2.0,20,0,100,Pellet,Right,35,38,50,9,0.72,31.0,
7/23/2025 17:25:13,1.17.0,Bandit100,72,3.86,,20,0,100,Right,Right,35,39,50,10,,,0.03
7/23/2025 17:25:15,1.17.0,Bandit100,72,3.87,1.0,20,0,100,Pellet,Right,35,39,51,10,0.66,23.0,
7/23/2025 17:25:37,1.17.0,Bandit100,72,3.86,,20,0,100,Right,Right,35,40,51,11,,,0.04
7/23/2025 17:25:38,1.17.0,Bandit100,72,3.86,1.0,20,0,100,Pellet,Right,35,40,52,11,0.66,23.0,
7/23/2025 17:26:07,1.17.0,Bandit100,72,3.87,,20,0,100,Right,Right,35,41,52,12,,,0.02
7/23/2025 17:26:08,1.17.0,Bandit100,72,3.86,1.0,20,0,100,Pellet,Right,35,41,53,12,0.66,30.0,
7/23/2025 17:26:30,1.17.0,Bandit100,72,3.86,,20,0,100,Right,Right,35,42,53,13,,,0.06
7/23/2025 17:26:32,1.17.0,Bandit100,72,3.85,1.0,20,0,100,Pellet,Right,35,42,54,13,0.66,24.0,
7/23/2025 17:26:53,1.17.0,Bandit100,72,3.86,,20,0,100,Right,Right,35,43,54,14,,,0.05
7/23/2025 17:26:54,1.17.0,Bandit100,72,3.86,1.0,20,0,100,Pellet,Right,35,43,55,14,0.66,22.0,
7/23/2025 17:27:20,1.17.0,Bandit100,72,3.87,,20,0,100,Right,Right,35,44,55,15,,,0.1
7/23/2025 17:27:21,1.17.0,Bandit100,72,3.86,2.0,20,0,100,Pellet,Right,35,44,56,15,0.66,27.0,
7/23/2025 17:27:42,1.17.0,Bandit100,72,3.85,,20,0,100,Right,Right,35,45,56,16,,,0.02
7/23/2025 17:27:42,1.17.0,Bandit100,72,3.86,,20,0,100,RightDuringDispense,Right,35,45,56,16,,,0.01
7/23/2025 17:27:46,1.17.0,Bandit100,72,3.87,2.0,20,0,100,Pellet,Right,35,45,57,16,0.85,25.0,
7/23/2025 17:28:08,1.17.0,Bandit100,72,3.86,,20,0,100,Right,Right,35,46,57,17,,,0.28
7/23/2025 17:28:10,1.17.0,Bandit100,72,3.86,1.0,20,0,100,Pellet,Right,35,46,58,17,0.85,24.0,
7/23/2025 17:28:32,1.17.0,Bandit100,72,3.86,,20,0,100,Right,Right,35,47,58,18,,,0.1
7/23/2025 17:28:33,1.17.0,Bandit100,72,3.86,1.0,20,0,100,Pellet,Right,35,47,59,18,0.66,23.0,
7/23/2025 17:28:48,1.17.0,Bandit100,72,3.87,,20,0,100,Right,Right,35,48,59,19,,,0.13
7/23/2025 17:28:50,1.17.0,Bandit100,72,3.86,1.0,20,0,100,Pellet,Right,35,48,60,19,0.66,17.0,
7/23/2025 17:47:42,1.17.0,Bandit100,72,3.86,,20,100,0,Right,Left,35,49,60,0,,,0.31
7/23/2025 17:55:35,1.17.0,Bandit100,72,3.86,,20,100,0,Right,Left,35,50,60,0,,,0.08
7/23/2025 17:55:36,1.17.0,Bandit100,72,3.86,,20,100,0,RightinTimeout,Left,35,50,60,0,,,0.0
7/23/2025 17:55:37,1.17.0,Bandit100,72,3.86,,20,100,0,RightinTimeout,Left,35,50,60,0,,,0.0
7/23/2025 17:55:37,1.17.0,Bandit100,72,3.86,,20,100,0,RightinTimeout,Left,35,50,60,0,,,0.0
7/23/2025 17:59:24,1.17.0,Bandit100,72,3.86,,20,100,0,Left,Left,36,50,60,0,,,0.32
7/23/2025 17:59:25,1.17.0,Bandit100,72,3.86,1.0,20,100,0,Pellet,Left,36,50,61,0,0.91,1835.0,
7/23/2025 17:59:44,1.17.0,Bandit100,72,3.86,,20,100,0,Left,Left,37,50,61,1,,,0.01
7/23/2025 17:59:46,1.17.0,Bandit100,72,3.86,1.0,20,100,0,Pellet,Left,37,50,62,1,0.72,21.0,
7/23/2025 18:00:10,1.17.0,Bandit100,72,3.85,,20,100,0,Left,Left,38,50,62,2,,,0.07
7/23/2025 18:00:12,1.17.0,Bandit100,72,3.86,1.0,20,100,0,Pellet,Left,38,50,63,2,0.66,26.0,
7/23/2025 18:00:42,1.17.0,Bandit100,72,3.86,,20,100,0,Left,Left,39,50,63,3,,,0.04
7/23/2025 18:00:44,1.17.0,Bandit100,72,3.86,1.0,20,100,0,Pellet,Left,39,50,64,3,0.66,32.0,
7/23/2025 18:01:16,1.17.0,Bandit100,72,3.86,,20,100,0,Left,Left,40,50,64,4,,,0.74
7/23/2025 18:01:30,1.17.0,Bandit100,72,3.86,1.0,20,100,0,Pellet,Left,40,50,65,4,13.49,46.0,
7/23/2025 18:01:51,1.17.0,Bandit100,72,3.86,,20,100,0,Left,Left,41,50,65,5,,,0.19
7/23/2025 18:01:54,1.17.0,Bandit100,72,3.86,1.0,20,100,0,Pellet,Left,41,50,66,5,2.31,24.0,
7/23/2025 18:02:14,1.17.0,Bandit100,72,3.86,,20,100,0,Left,Left,42,50,66,6,,,0.48
7/23/2025 18:02:16,1.17.0,Bandit100,72,3.86,1.0,20,100,0,Pellet,Left,42,50,67,6,0.66,22.0,
7/23/2025 18:02:31,1.17.0,Bandit100,72,3.87,,20,100,0,Left,Left,43,50,67,7,,,0.21
7/23/2025 18:02:32,1.17.0,Bandit100,72,3.86,1.0,20,100,0,Pellet,Left,43,50,68,7,0.72,16.0,
7/23/2025 18:02:51,1.17.0,Bandit100,72,3.86,,20,100,0,Left,Left,44,50,68,8,,,0.22
7/23/2025 18:02:52,1.17.0,Bandit100,72,3.86,1.0,20,100,0,Pellet,Left,44,50,69,8,0.72,20.0,
7/23/2025 18:03:16,1.17.0,Bandit100,72,3.87,,20,100,0,Left,Left,45,50,69,9,,,0.25
7/23/2025 18:03:18,1.17.0,Bandit100,72,3.86,1.0,20,100,0,Pellet,Left,45,50,70,9,0.66,26.0,
7/23/2025 18:13:44,1.17.0,Bandit100,72,3.86,,20,100,0,Right,Left,45,51,70,10,,,0.11
7/23/2025 18:13:45,1.17.0,Bandit100,72,3.86,,20,100,0,RightinTimeout,Left,45,51,70,10,,,0.0
7/23/2025 18:13:45,1.17.0,Bandit100,72,3.86,,20,100,0,RightinTimeout,Left,45,51,70,10,,,0.0
7/23/2025 18:14:41,1.17.0,Bandit100,72,3.87,,20,100,0,Left,Left,46,51,70,10,,,0.05
7/23/2025 18:15:00,1.17.0,Bandit100,72,3.86,1.0,20,100,0,Pellet,Left,46,51,71,10,18.06,702.0,
7/23/2025 18:15:22,1.17.0,Bandit100,72,3.86,,20,100,0,Left,Left,47,51,71,11,,,0.16
7/23/2025 18:15:23,1.17.0,Bandit100,72,3.86,2.0,20,100,0,Pellet,Left,47,51,72,11,0.66,23.0,
7/23/2025 18:16:00,1.17.0,Bandit100,72,3.86,,20,100,0,Right,Left,47,52,72,12,,,0.45
7/23/2025 18:22:00,1.17.0,Bandit100,72,3.86,,20,100,0,Left,Left,48,52,72,12,,,0.57
7/23/2025 18:22:01,1.17.0,Bandit100,72,3.86,1.0,20,100,0,Pellet,Left,48,52,73,12,0.66,398.0,
7/23/2025 18:22:45,1.17.0,Bandit100,72,3.85,,20,100,0,Left,Left,49,52,73,13,,,0.01
7/23/2025 18:22:46,1.17.0,Bandit100,72,3.86,,20,100,0,LeftDuringDispense,Left,49,52,73,13,,,0.01
7/23/2025 18:22:49,1.17.0,Bandit100,72,3.86,2.0,20,100,0,Pellet,Left,49,52,74,13,0.79,48.0,
7/23/2025 18:23:16,1.17.0,Bandit100,72,3.87,,20,100,0,Left,Left,50,52,74,14,,,0.35
7/23/2025 18:23:17,1.17.0,Bandit100,72,3.86,1.0,20,100,0,Pellet,Left,50,52,75,14,0.72,28.0,
7/23/2025 18:23:39,1.17.0,Bandit100,72,3.86,,20,100,0,Left,Left,51,52,75,15,,,0.37
7/23/2025 18:23:40,1.17.0,Bandit100,72,3.86,1.0,20,100,0,Pellet,Left,51,52,76,15,0.66,23.0,
7/23/2025 18:24:10,1.17.0,Bandit100,72,3.85,,20,100,0,Right,Left,51,53,76,16,,,0.0
7/23/2025 19:00:19,1.17.0,Bandit100,72,3.86,,20,100,0,Left,Left,52,53,76,16,,,0.79
7/23/2025 19:00:22,1.17.0,Bandit100,72,3.85,1.0,20,100,0,Pellet,Left,52,53,77,16,2.31,2202.0,
7/23/2025 19:00:48,1.17.0,Bandit100,72,3.85,,20,100,0,Left,Left,53,53,77,17,,,0.28
7/23/2025 19:00:51,1.17.0,Bandit100,72,3.86,2.0,20,100,0,Pellet,Left,53,53,78,17,0.66,29.0,
7/23/2025 19:01:54,1.17.0,Bandit100,72,3.86,,20,100,0,Left,Left,54,53,78,18,,,0.13
7/23/2025 19:01:56,1.17.0,Bandit100,72,3.86,1.0,20,100,0,Pellet,Left,54,53,79,18,0.85,65.0,
7/23/2025 19:02:18,1.17.0,Bandit100,72,3.86,,20,100,0,Left,Left,55,53,79,19,,,0.11
7/23/2025 19:02:19,1.17.0,Bandit100,72,3.86,1.0,20,100,0,Pellet,Left,55,53,80,19,0.66,23.0,
7/23/2025 19:02:48,1.17.0,Bandit100,72,3.85,,20,0,100,Left,Right,56,53,80,0,,,0.32
7/23/2025 19:02:51,1.17.0,Bandit100,72,3.86,,20,0,100,LeftinTimeOut,Right,56,53,80,0,,,
7/23/2025 19:02:52,1.17.0,Bandit100,72,3.85,,20,0,100,LeftinTimeOut,Right,56,53,80,0,,,
7/23/2025 19:02:59,1.17.0,Bandit100,72,3.86,,20,0,100,RightinTimeout,Right,56,53,80,0,,,0.0
7/23/2025 19:02:59,1.17.0,Bandit100,72,3.86,,20,0,100,RightinTimeout,Right,56,53,80,0,,,0.0
7/23/2025 19:03:00,1.17.0,Bandit100,72,3.86,,20,0,100,RightinTimeout,Right,56,53,80,0,,,0.0
7/23/2025 19:03:03,1.17.0,Bandit100,72,3.85,,20,0,100,RightinTimeout,Right,56,53,80,0,,,0.0
7/23/2025 19:03:03,1.17.0,Bandit100,72,3.86,,20,0,100,RightinTimeout,Right,56,53,80,0,,,0.0
7/23/2025 19:03:03,1.17.0,Bandit100,72,3.86,,20,0,100,RightinTimeout,Right,56,53,80,0,,,0.0
7/23/2025 19:03:05,1.17.0,Bandit100,72,3.86,,20,0,100,LeftinTimeOut,Right,56,53,80,0,,,
7/23/2025 19:03:06,1.17.0,Bandit100,72,3.86,,20,0,100,LeftinTimeOut,Right,56,53,80,0,,,
7/23/2025 19:09:51,1.17.0,Bandit100,72,3.85,,20,0,100,Right,Right,56,54,80,0,,,0.4
7/23/2025 19:09:52,1.17.0,Bandit100,72,3.86,1.0,20,0,100,Pellet,Right,56,54,81,0,0.72,453.0,
7/23/2025 19:10:21,1.17.0,Bandit100,72,3.85,,20,0,100,Right,Right,56,55,81,1,,,0.13
7/23/2025 19:10:22,1.17.0,Bandit100,72,3.85,,20,0,100,RightDuringDispense,Right,56,55,81,1,,,0.01
7/23/2025 19:10:23,1.17.0,Bandit100,72,3.86,1.0,20,0,100,Pellet,Right,56,55,82,1,0.72,31.0,
7/23/2025 19:10:43,1.17.0,Bandit100,72,3.86,,20,0,100,Right,Right,56,56,82,2,,,0.31
7/23/2025 19:10:44,1.17.0,Bandit100,72,3.85,1.0,20,0,100,Pellet,Right,56,56,83,2,0.66,21.0,
7/23/2025 19:11:12,1.17.0,Bandit100,72,3.85,,20,0,100,Right,Right,56,57,83,3,,,0.35
7/23/2025 19:11:14,1.17.0,Bandit100,72,3.86,1.0,20,0,100,Pellet,Right,56,57,84,3,1.23,30.0,
7/23/2025 19:11:35,1.17.0,Bandit100,72,3.86,,20,0,100,Right,Right,56,58,84,4,,,0.3
7/23/2025 19:11:36,1.17.0,Bandit100,72,3.86,1.0,20,0,100,Pellet,Right,56,58,85,4,0.66,22.0,
7/23/2025 19:12:01,1.17.0,Bandit100,72,3.86,,20,0,100,Right,Right,56,59,85,5,,,0.18
7/23/2025 19:12:02,1.17.0,Bandit100,72,3.85,1.0,20,0,100,Pellet,Right,56,59,86,5,0.66,26.0,
7/23/2025 19:12:18,1.17.0,Bandit100,72,3.86,,20,0,100,Right,Right,56,60,86,6,,,0.3
7/23/2025 19:12:19,1.17.0,Bandit100,72,3.86,1.0,20,0,100,Pellet,Right,56,60,87,6,0.66,17.0,
7/23/2025 19:12:44,1.17.0,Bandit100,72,3.86,,20,0,100,Right,Right,56,61,87,7,,,0.2
7/23/2025 19:12:46,1.17.0,Bandit100,72,3.86,1.0,20,0,100,Pellet,Right,56,61,88,7,1.23,27.0,
7/23/2025 19:13:04,1.17.0,Bandit100,72,3.86,,20,0,100,Right,Right,56,62,88,8,,,0.27
7/23/2025 19:13:06,1.17.0,Bandit100,72,3.86,1.0,20,0,100,Pellet,Right,56,62,89,8,0.66,20.0,
7/23/2025 19:34:45,1.17.0,Bandit100,72,3.86,,20,0,100,Right,Right,56,63,89,9,,,0.02
7/23/2025 19:34:47,1.17.0,Bandit100,72,3.85,1.0,20,0,100,Pellet,Right,56,63,90,9,0.66,1301.0,
7/23/2025 19:35:06,1.17.0,Bandit100,72,3.85,,20,0,100,Right,Right,56,64,90,10,,,0.49
7/23/2025 19:35:08,1.17.0,Bandit100,72,3.86,1.0,20,0,100,Pellet,Right,56,64,91,10,0.79,21.0,
7/23/2025 19:36:08,1.17.0,Bandit100,72,3.86,,20,0,100,Right,Right,56,65,91,11,,,0.33
7/23/2025 19:36:08,1.17.0,Bandit100,72,3.86,,20,0,100,RightDuringDispense,Right,56,65,91,11,,,0.03
7/23/2025 19:36:12,1.17.0,Bandit100,72,3.86,2.0,20,0,100,Pellet,Right,56,65,92,11,0.66,64.0,
7/23/2025 19:36:33,1.17.0,Bandit100,72,3.86,,20,0,100,Right,Right,56,66,92,12,,,0.39
7/23/2025 19:36:35,1.17.0,Bandit100,72,3.85,1.0,20,0,100,Pellet,Right,56,66,93,12,0.66,23.0,
7/23/2025 19:36:58,1.17.0,Bandit100,72,3.86,,20,0,100,Right,Right,56,67,93,13,,,0.12
7/23/2025 19:37:00,1.17.0,Bandit100,72,3.86,1.0,20,0,100,Pellet,Right,56,67,94,13,0.66,25.0,
7/23/2025 19:37:26,1.17.0,Bandit100,72,3.86,,20,0,100,Right,Right,56,68,94,14,,,0.05
7/23/2025 19:37:27,1.17.0,Bandit100,72,3.86,1.0,20,0,100,Pellet,Right,56,68,95,14,0.66,27.0,
7/23/2025 19:37:48,1.17.0,Bandit100,72,3.86,,20,0,100,Right,Right,56,69,95,15,,,0.07
7/23/2025 19:37:49,1.17.0,Bandit100,72,3.85,1.0,20,0,100,Pellet,Right,56,69,96,15,0.66,22.0,
7/23/2025 19:46:55,1.17.0,Bandit100,72,3.86,,20,0,100,Right,Right,56,70,96,16,,,0.21
7/23/2025 19:46:56,1.17.0,Bandit100,72,3.86,1.0,20,0,100,Pellet,Right,56,70,97,16,0.91,547.0,
7/23/2025 19:47:19,1.17.0,Bandit100,72,3.85,,20,0,100,Right,Right,56,71,97,17,,,0.04
7/23/2025 20:15:19,1.17.0,Bandit100,72,3.85,1.0,20,0,100,Pellet,Right,56,71,98,17,Timed_out,1703.0,
7/23/2025 20:15:40,1.17.0,Bandit100,72,3.85,,20,0,100,Right,Right,56,72,98,18,,,0.05
7/23/2025 20:15:41,1.17.0,Bandit100,72,3.86,1.0,20,0,100,Pellet,Right,56,72,99,18,0.72,22.0,
7/23/2025 20:16:13,1.17.0,Bandit100,72,3.86,,20,0,100,Right,Right,56,73,99,19,,,0.02
7/23/2025 20:16:13,1.17.0,Bandit100,72,3.85,,20,0,100,RightDuringDispense,Right,56,73,99,19,,,0.04
7/23/2025 20:16:16,1.17.0,Bandit100,72,3.85,2.0,20,0,100,Pellet,Right,56,73,100,19,0.66,35.0,
7/23/2025 20:16:36,1.17.0,Bandit100,72,3.86,,20,100,0,Right,Left,56,74,100,0,,,0.14
7/23/2025 20:16:39,1.17.0,Bandit100,72,3.86,,20,100,0,RightinTimeout,Left,56,74,100,0,,,0.0
7/23/2025 20:16:39,1.17.0,Bandit100,72,3.85,,20,100,0,RightinTimeout,Left,56,74,100,0,,,0.0
7/23/2025 20:16:40,1.17.0,Bandit100,72,3.85,,20,100,0,RightinTimeout,Left,56,74,100,0,,,0.0
7/23/2025 20:16:40,1.17.0,Bandit100,72,3.85,,20,100,0,RightinTimeout,Left,56,74,100,0,,,0.0
7/23/2025 20:16:42,1.17.0,Bandit100,72,3.85,,20,100,0,RightinTimeout,Left,56,74,100,0,,,0.0
7/23/2025 20:16:44,1.17.0,Bandit100,72,3.85,,20,100,0,RightinTimeout,Left,56,74,100,0,,,0.0
7/23/2025 20:16:44,1.17.0,Bandit100,72,3.85,,20,100,0,RightinTimeout,Left,56,74,100,0,,,0.0
7/23/2025 20:16:44,1.17.0,Bandit100,72,3.85,,20,100,0,RightinTimeout,Left,56,74,100,0,,,0.0
7/23/2025 20:16:45,1.17.0,Bandit100,72,3.85,,20,100,0,RightinTimeout,Left,56,74,100,0,,,0.0
7/23/2025 20:16:45,1.17.0,Bandit100,72,3.85,,20,100,0,RightinTimeout,Left,56,74,100,0,,,0.0
7/23/2025 20:16:45,1.17.0,Bandit100,72,3.86,,20,100,0,RightinTimeout,Left,56,74,100,0,,,0.0
7/23/2025 20:16:47,1.17.0,Bandit100,72,3.85,,20,100,0,RightinTimeout,Left,56,74,100,0,,,0.0
7/23/2025 20:34:53,1.17.0,Bandit100,72,3.85,,20,100,0,Left,Left,57,74,100,0,,,0.03
7/23/2025 20:34:55,1.17.0,Bandit100,72,3.85,1.0,20,100,0,Pellet,Left,57,74,101,0,1.10,1119.0,
7/23/2025 20:36:08,1.17.0,Bandit100,72,3.85,,20,100,0,Left,Left,58,74,101,1,,,0.07
7/23/2025 20:36:08,1.17.0,Bandit100,72,3.85,,20,100,0,LeftDuringDispense,Left,58,74,101,1,,,0.0
7/23/2025 20:36:13,1.17.0,Bandit100,72,3.85,2.0,20,100,0,Pellet,Left,58,74,102,1,2.31,78.0,
7/23/2025 20:36:33,1.17.0,Bandit100,72,3.85,,20,100,0,Left,Left,59,74,102,2,,,0.04
7/23/2025 20:36:35,1.17.0,Bandit100,72,3.85,1.0,20,100,0,Pellet,Left,59,74,103,2,1.67,22.0,
7/23/2025 20:36:57,1.17.0,Bandit100,72,3.85,,20,100,0,Left,Left,60,74,103,3,,,0.17
7/23/2025 20:36:58,1.17.0,Bandit100,72,3.85,1.0,20,100,0,Pellet,Left,60,74,104,3,0.79,23.0,
7/23/2025 20:37:25,1.17.0,Bandit100,72,3.86,,20,100,0,Left,Left,61,74,104,4,,,0.02
7/23/2025 20:37:57,1.17.0,Bandit100,72,3.85,2.0,20,100,0,Pellet,Left,61,74,105,4,30.82,59.0,
7/23/2025 20:38:39,1.17.0,Bandit100,72,3.85,,20,100,0,Left,Left,62,74,105,5,,,0.0
7/23/2025 20:38:40,1.17.0,Bandit100,72,3.85,1.0,20,100,0,Pellet,Left,62,74,106,5,0.66,43.0,
7/23/2025 20:39:05,1.17.0,Bandit100,72,3.85,,20,100,0,Left,Left,63,74,106,6,,,0.14
7/23/2025 20:39:06,1.17.0,Bandit100,72,3.85,,20,100,0,LeftDuringDispense,Left,63,74,106,6,,,0.01
7/23/2025 20:39:09,1.17.0,Bandit100,72,3.85,2.0,20,100,0,Pellet,Left,63,74,107,6,0.72,29.0,
7/23/2025 20:39:27,1.17.0,Bandit100,72,3.85,,20,100,0,Left,Left,64,74,107,7,,,0.2
7/23/2025 20:39:28,1.17.0,Bandit100,72,3.85,1.0,20,100,0,Pellet,Left,64,74,108,7,0.79,19.0,
7/23/2025 20:39:48,1.17.0,Bandit100,72,3.85,,20,100,0,Left,Left,65,74,108,8,,,0.28
7/23/2025 20:39:49,1.17.0,Bandit100,72,3.85,1.0,20,100,0,Pellet,Left,65,74,109,8,0.72,21.0,
7/23/2025 20:40:05,1.17.0,Bandit100,72,3.85,,20,100,0,Left,Left,66,74,109,9,,,0.22
7/23/2025 20:40:07,1.17.0,Bandit100,72,3.86,1.0,20,100,0,Pellet,Left,66,74,110,9,0.72,18.0,
7/23/2025 20:47:50,1.17.0,Bandit100,72,3.85,,20,100,0,Left,Left,67,74,110,10,,,0.63
7/23/2025 20:47:52,1.17.0,Bandit100,72,3.85,1.0,20,100,0,Pellet,Left,67,74,111,10,1.29,465.0,
7/23/2025 20:48:08,1.17.0,Bandit100,72,3.85,,20,100,0,Left,Left,68,74,111,11,,,0.05
7/23/2025 20:48:10,1.17.0,Bandit100,72,3.85,1.0,20,100,0,Pellet,Left,68,74,112,11,0.66,18.0,
7/23/2025 20:59:13,1.17.0,Bandit100,72,3.86,,20,100,0,Right,Left,68,75,112,12,,,0.06
7/23/2025 21:10:29,1.17.0,Bandit100,72,3.85,,20,100,0,Right,Left,68,76,112,12,,,0.03
7/23/2025 21:10:31,1.17.0,Bandit100,72,3.86,,20,100,0,RightinTimeout,Left,68,76,112,12,,,0.0
7/23/2025 21:10:31,1.17.0,Bandit100,72,3.85,,20,100,0,RightinTimeout,Left,68,76,112,12,,,0.0
7/23/2025 21:10:31,1.17.0,Bandit100,72,3.85,,20,100,0,RightinTimeout,Left,68,76,112,12,,,0.0
7/23/2025 21:10:32,1.17.0,Bandit100,72,3.85,,20,100,0,RightinTimeout,Left,68,76,112,12,,,0.0
7/23/2025 21:20:43,1.17.0,Bandit100,72,3.85,,20,100,0,Right,Left,68,77,112,12,,,0.1
7/23/2025 21:20:44,1.17.0,Bandit100,72,3.86,,20,100,0,RightinTimeout,Left,68,77,112,12,,,0.0
7/23/2025 21:20:44,1.17.0,Bandit100,72,3.85,,20,100,0,RightinTimeout,Left,68,77,112,12,,,0.0
7/23/2025 21:27:13,1.17.0,Bandit100,72,3.85,,20,100,0,Right,Left,68,78,112,12,,,0.02
7/23/2025 21:28:43,1.17.0,Bandit100,72,3.85,,20,100,0,Left,Left,69,78,112,12,,,0.07
7/23/2025 21:28:45,1.17.0,Bandit100,72,3.85,1.0,20,100,0,Pellet,Left,69,78,113,12,0.66,2435.0,
7/23/2025 21:30:00,1.17.0,Bandit100,72,3.85,,20,100,0,Right,Left,69,79,113,13,,,0.29
7/23/2025 21:30:02,1.17.0,Bandit100,72,3.85,,20,100,0,LeftinTimeOut,Left,69,79,113,13,,,
7/23/2025 21:30:02,1.17.0,Bandit100,72,3.85,,20,100,0,LeftinTimeOut,Left,69,79,113,13,,,
7/23/2025 21:30:06,1.17.0,Bandit100,72,3.86,,20,100,0,RightinTimeout,Left,69,79,113,13,,,0.0
7/23/2025 21:30:06,1.17.0,Bandit100,72,3.85,,20,100,0,RightinTimeout,Left,69,79,113,13,,,0.0
7/23/2025 21:34:08,1.17.0,Bandit100,72,3.85,,20,100,0,Left,Left,70,79,113,13,,,0.09
7/23/2025 21:34:10,1.17.0,Bandit100,72,3.85,1.0,20,100,0,Pellet,Left,70,79,114,13,0.72,325.0,
7/23/2025 21:34:40,1.17.0,Bandit100,72,3.85,,20,100,0,Left,Left,71,79,114,14,,,0.58
7/23/2025 21:34:42,1.17.0,Bandit100,72,3.85,1.0,20,100,0,Pellet,Left,71,79,115,14,0.66,32.0,
7/23/2025 21:35:19,1.17.0,Bandit100,72,3.86,,20,100,0,Left,Left,72,79,115,15,,,0.24
7/23/2025 21:35:21,1.17.0,Bandit100,72,3.85,2.0,20,100,0,Pellet,Left,72,79,116,15,0.66,39.0,
7/23/2025 21:35:36,1.17.0,Bandit100,72,3.85,,20,100,0,Left,Left,73,79,116,16,,,0.33
7/23/2025 21:35:37,1.17.0,Bandit100,72,3.86,1.0,20,100,0,Pellet,Left,73,79,117,16,0.66,16.0,
7/23/2025 21:36:07,1.17.0,Bandit100,72,3.85,,20,100,0,Left,Left,74,79,117,17,,,0.07
7/23/2025 21:36:09,1.17.0,Bandit100,72,3.85,1.0,20,100,0,Pellet,Left,74,79,118,17,0.66,32.0,
7/23/2025 21:36:37,1.17.0,Bandit100,72,3.85,,20,100,0,Left,Left,75,79,118,18,,,0.04
7/23/2025 21:36:38,1.17.0,Bandit100,72,3.85,1.0,20,100,0,Pellet,Left,75,79,119,18,0.66,29.0,
7/23/2025 21:36:57,1.17.0,Bandit100,72,3.85,,20,100,0,Left,Left,76,79,119,19,,,0.16
7/23/2025 21:36:59,1.17.0,Bandit100,72,3.85,1.0,20,100,0,Pellet,Left,76,79,120,19,0.66,21.0,
7/23/2025 21:37:28,1.17.0,Bandit100,72,3.85,,20,0,100,Left,Right,77,79,120,0,,,0.31
7/23/2025 22:37:38,1.17.0,Bandit100,72,3.85,,20,0,100,Left,Right,78,79,120,0,,,0.02
7/23/2025 22:37:38,1.17.0,Bandit100,72,3.85,,20,0,100,LeftinTimeOut,Right,78,79,120,0,,,
7/23/2025 22:37:40,1.17.0,Bandit100,72,3.85,,20,0,100,LeftinTimeOut,Right,78,79,120,0,,,
7/23/2025 22:37:46,1.17.0,Bandit100,72,3.85,,20,0,100,LeftinTimeOut,Right,78,79,120,0,,,
7/23/2025 22:37:48,1.17.0,Bandit100,72,3.85,,20,0,100,LeftinTimeOut,Right,78,79,120,0,,,
7/23/2025 22:37:49,1.17.0,Bandit100,72,3.85,,20,0,100,LeftinTimeOut,Right,78,79,120,0,,,
7/23/2025 22:37:50,1.17.0,Bandit100,72,3.85,,20,0,100,LeftinTimeOut,Right,78,79,120,0,,,
7/23/2025 22:37:52,1.17.0,Bandit100,72,3.85,,20,0,100,LeftinTimeOut,Right,78,79,120,0,,,
7/23/2025 22:37:59,1.17.0,Bandit100,72,3.85,,20,0,100,LeftinTimeOut,Right,78,79,120,0,,,
7/23/2025 22:38:00,1.17.0,Bandit100,72,3.85,,20,0,100,LeftinTimeOut,Right,78,79,120,0,,,
7/23/2025 22:38:01,1.17.0,Bandit100,72,3.85,,20,0,100,LeftinTimeOut,Right,78,79,120,0,,,
7/23/2025 22:38:03,1.17.0,Bandit100,72,3.85,,20,0,100,LeftinTimeOut,Right,78,79,120,0,,,
7/23/2025 22:38:04,1.17.0,Bandit100,72,3.85,,20,0,100,LeftinTimeOut,Right,78,79,120,0,,,
7/23/2025 22:38:05,1.17.0,Bandit100,72,3.85,,20,0,100,LeftinTimeOut,Right,78,79,120,0,,,
7/23/2025 22:38:08,1.17.0,Bandit100,72,3.85,,20,0,100,LeftinTimeOut,Right,78,79,120,0,,,
7/23/2025 22:38:09,1.17.0,Bandit100,72,3.85,,20,0,100,LeftinTimeOut,Right,78,79,120,0,,,
7/23/2025 22:38:10,1.17.0,Bandit100,72,3.85,,20,0,100,LeftinTimeOut,Right,78,79,120,0,,,
7/23/2025 22:38:10,1.17.0,Bandit100,72,3.85,,20,0,100,LeftinTimeOut,Right,78,79,120,0,,,
7/23/2025 22:38:11,1.17.0,Bandit100,72,3.85,,20,0,100,LeftinTimeOut,Right,78,79,120,0,,,
7/23/2025 22:50:47,1.17.0,Bandit100,72,3.85,,20,0,100,Left,Right,79,79,120,0,,,0.4
7/23/2025 22:50:47,1.17.0,Bandit100,72,3.85,,20,0,100,LeftinTimeOut,Right,79,79,120,0,,,
7/23/2025 22:50:51,1.17.0,Bandit100,72,3.85,,20,0,100,LeftinTimeOut,Right,79,79,120,0,,,
7/23/2025 22:50:52,1.17.0,Bandit100,72,3.85,,20,0,100,LeftinTimeOut,Right,79,79,120,0,,,
7/23/2025 23:04:18,1.17.0,Bandit100,72,3.85,,20,0,100,Left,Right,80,79,120,0,,,0.02
7/23/2025 23:04:19,1.17.0,Bandit100,72,3.85,,20,0,100,LeftinTimeOut,Right,80,79,120,0,,,
7/23/2025 23:04:19,1.17.0,Bandit100,72,3.85,,20,0,100,LeftinTimeOut,Right,80,79,120,0,,,
7/23/2025 23:04:20,1.17.0,Bandit100,72,3.85,,20,0,100,LeftinTimeOut,Right,80,79,120,0,,,
7/23/2025 23:04:23,1.17.0,Bandit100,72,3.85,,20,0,100,LeftinTimeOut,Right,80,79,120,0,,,
7/23/2025 23:04:24,1.17.0,Bandit100,72,3.85,,20,0,100,LeftinTimeOut,Right,80,79,120,0,,,
7/23/2025 23:05:01,1.17.0,Bandit100,72,3.85,,20,0,100,Right,Right,80,80,120,0,,,0.04
7/23/2025 23:05:02,1.17.0,Bandit100,72,3.85,,20,0,100,RightDuringDispense,Right,80,80,120,0,,,0.0
7/23/2025 23:05:05,1.17.0,Bandit100,72,3.85,2.0,20,0,100,Pellet,Right,80,80,121,0,0.91,5286.0,
7/23/2025 23:05:28,1.17.0,Bandit100,72,3.85,,20,0,100,Left,Right,81,80,121,1,,,0.39
7/23/2025 23:05:29,1.17.0,Bandit100,72,3.85,,20,0,100,LeftinTimeOut,Right,81,80,121,1,,,
7/23/2025 23:05:30,1.17.0,Bandit100,72,3.85,,20,0,100,LeftinTimeOut,Right,81,80,121,1,,,
7/23/2025 23:05:30,1.17.0,Bandit100,72,3.85,,20,0,100,LeftinTimeOut,Right,81,80,121,1,,,
7/23/2025 23:05:32,1.17.0,Bandit100,72,3.85,,20,0,100,LeftinTimeOut,Right,81,80,121,1,,,
7/23/2025 23:05:33,1.17.0,Bandit100,72,3.85,,20,0,100,LeftinTimeOut,Right,81,80,121,1,,,
7/23/2025 23:05:47,1.17.0,Bandit100,72,3.85,,20,0,100,Left,Right,82,80,121,1,,,0.47
7/23/2025 23:05:48,1.17.0,Bandit100,72,3.85,,20,0,100,LeftinTimeOut,Right,82,80,121,1,,,
7/23/2025 23:05:49,1.17.0,Bandit100,72,3.85,,20,0,100,LeftinTimeOut,Right,82,80,121,1,,,
7/23/2025 23:05:52,1.17.0,Bandit100,72,3.85,,20,0,100,LeftinTimeOut,Right,82,80,121,1,,,
7/23/2025 23:05:53,1.17.0,Bandit100,72,3.85,,20,0,100,LeftinTimeOut,Right,82,80,121,1,,,
7/23/2025 23:05:55,1.17.0,Bandit100,72,3.85,,20,0,100,LeftinTimeOut,Right,82,80,121,1,,,
7/23/2025 23:06:00,1.17.0,Bandit100,72,3.85,,20,0,100,RightinTimeout,Right,82,80,121,1,,,0.0
7/23/2025 23:06:00,1.17.0,Bandit100,72,3.85,,20,0,100,RightinTimeout,Right,82,80,121,1,,,0.0
7/23/2025 23:06:01,1.17.0,Bandit100,72,3.85,,20,0,100,RightinTimeout,Right,82,80,121,1,,,0.0
7/23/2025 23:06:01,1.17.0,Bandit100,72,3.85,,20,0,100,RightinTimeout,Right,82,80,121,1,,,0.0
7/23/2025 23:06:25,1.17.0,Bandit100,72,3.85,,20,0,100,Right,Right,82,81,121,1,,,0.16
7/23/2025 23:06:27,1.17.0,Bandit100,72,3.85,1.0,20,0,100,Pellet,Right,82,81,122,1,0.79,82.0,
7/23/2025 23:06:55,1.17.0,Bandit100,72,3.85,,20,0,100,Left,Right,83,81,122,2,,,0.02
7/23/2025 23:06:57,1.17.0,Bandit100,72,3.85,,20,0,100,LeftinTimeOut,Right,83,81,122,2,,,
7/23/2025 23:07:03,1.17.0,Bandit100,72,3.85,,20,0,100,RightinTimeout,Right,83,81,122,2,,,0.0
7/23/2025 23:07:03,1.17.0,Bandit100,72,3.85,,20,0,100,RightinTimeout,Right,83,81,122,2,,,0.0
7/23/2025 23:07:05,1.17.0,Bandit100,72,3.85,,20,0,100,RightinTimeout,Right,83,81,122,2,,,0.0
7/23/2025 23:11:22,1.17.0,Bandit100,72,3.85,,20,0,100,Right,Right,83,82,122,2,,,0.08
7/23/2025 23:11:23,1.17.0,Bandit100,72,3.85,1.0,20,0,100,Pellet,Right,83,82,123,2,0.72,296.0,
7/23/2025 23:11:50,1.17.0,Bandit100,72,3.85,,20,0,100,Right,Right,83,83,123,3,,,0.13
7/23/2025 23:11:51,1.17.0,Bandit100,72,3.85,,20,0,100,RightDuringDispense,Right,83,83,123,3,,,0.0
7/23/2025 23:11:54,1.17.0,Bandit100,72,3.85,2.0,20,0,100,Pellet,Right,83,83,124,3,0.66,31.0,
7/23/2025 23:12:13,1.17.0,Bandit100,72,3.85,,20,0,100,Right,Right,83,84,124,4,,,0.61
7/23/2025 23:12:14,1.17.0,Bandit100,72,3.85,1.0,20,0,100,Pellet,Right,83,84,125,4,0.66,20.0,
7/23/2025 23:12:33,1.17.0,Bandit100,72,3.85,,20,0,100,Right,Right,83,85,125,5,,,0.03
7/23/2025 23:12:35,1.17.0,Bandit100,72,3.85,2.0,20,0,100,Pellet,Right,83,85,126,5,0.66,21.0,
7/23/2025 23:13:06,1.17.0,Bandit100,72,3.85,,20,0,100,Right,Right,83,86,126,6,,,0.1
7/23/2025 23:13:07,1.17.0,Bandit100,72,3.85,1.0,20,0,100,Pellet,Right,83,86,127,6,0.66,32.0,
7/23/2025 23:13:28,1.17.0,Bandit100,72,3.85,,20,0,100,Right,Right,83,87,127,7,,,0.16
7/23/2025 23:13:28,1.17.0,Bandit100,72,3.85,,20,0,100,RightDuringDispense,Right,83,87,127,7,,,0.05
7/23/2025 23:13:34,1.17.0,Bandit100,72,3.85,3.0,20,0,100,Pellet,Right,83,87,128,7,0.91,27.0,
7/23/2025 23:13:50,1.17.0,Bandit100,72,3.85,,20,0,100,Right,Right,83,88,128,8,,,0.24
7/23/2025 23:13:52,1.17.0,Bandit100,72,3.85,1.0,20,0,100,Pellet,Right,83,88,129,8,0.85,18.0,
7/23/2025 23:14:13,1.17.0,Bandit100,72,3.85,,20,0,100,Right,Right,83,89,129,9,,,0.02
7/23/2025 23:14:14,1.17.0,Bandit100,72,3.85,1.0,20,0,100,Pellet,Right,83,89,130,9,0.66,22.0,
7/23/2025 23:14:41,1.17.0,Bandit100,72,3.85,,20,0,100,Right,Right,83,90,130,10,,,0.44
7/23/2025 23:14:43,1.17.0,Bandit100,72,3.85,1.0,20,0,100,Pellet,Right,83,90,131,10,0.79,29.0,
7/23/2025 23:15:05,1.17.0,Bandit100,72,3.85,,20,0,100,Right,Right,83,91,131,11,,,0.19
7/23/2025 23:15:05,1.17.0,Bandit100,72,3.85,,20,0,100,RightDuringDispense,Right,83,91,131,11,,,0.04
7/23/2025 23:15:09,1.17.0,Bandit100,72,3.85,2.0,20,0,100,Pellet,Right,83,91,132,11,0.66,26.0,
7/23/2025 23:15:24,1.17.0,Bandit100,72,3.85,,20,0,100,Right,Right,83,92,132,12,,,0.04
7/23/2025 23:15:25,1.17.0,Bandit100,72,3.85,1.0,20,0,100,Pellet,Right,83,92,133,12,0.66,16.0,
7/23/2025 23:15:41,1.17.0,Bandit100,72,3.85,,20,0,100,Right,Right,83,93,133,13,,,0.41
7/23/2025 23:15:41,1.17.0,Bandit100,72,3.85,,20,0,100,RightDuringDispense,Right,83,93,133,13,,,0.06
7/23/2025 23:15:42,1.17.0,Bandit100,72,3.85,,20,0,100,RightDuringDispense,Right,83,93,133,13,,,0.22
7/23/2025 23:15:45,1.17.0,Bandit100,72,3.85,2.0,20,0,100,Pellet,Right,83,93,134,13,0.66,20.0,
7/23/2025 23:16:00,1.17.0,Bandit100,72,3.85,,20,0,100,Right,Right,83,94,134,14,,,0.13
7/23/2025 23:16:00,1.17.0,Bandit100,72,3.85,,20,0,100,RightDuringDispense,Right,83,94,134,14,,,0.01
7/23/2025 23:16:19,1.17.0,Bandit100,72,3.85,3.0,20,0,100,Pellet,Right,83,94,135,14,13.56,34.0,
7/23/2025 23:16:33,1.17.0,Bandit100,72,3.85,,20,0,100,Right,Right,83,95,135,15,,,0.13
7/23/2025 23:16:34,1.17.0,Bandit100,72,3.85,,20,0,100,RightDuringDispense,Right,83,95,135,15,,,0.03
7/23/2025 23:16:37,1.17.0,Bandit100,72,3.85,2.0,20,0,100,Pellet,Right,83,95,136,15,0.66,18.0,
7/23/2025 23:16:55,1.17.0,Bandit100,72,3.85,,20,0,100,Right,Right,83,96,136,16,,,0.0
7/23/2025 23:21:40,1.17.0,Bandit100,72,3.85,1.0,20,0,100,Pellet,Right,83,96,137,16,Timed_out,303.0,
7/23/2025 23:29:55,1.17.0,Bandit100,72,3.85,,20,0,100,Left,Right,84,96,137,17,,,0.19
7/23/2025 23:34:54,1.17.0,Bandit100,72,3.85,,20,0,100,Left,Right,85,96,137,17,,,0.38
7/23/2025 23:44:29,1.17.0,Bandit100,72,3.85,,20,0,100,Right,Right,85,97,137,17,,,0.27
7/23/2025 23:44:30,1.17.0,Bandit100,72,3.85,1.0,20,0,100,Pellet,Right,85,97,138,17,0.72,1370.0,
7/23/2025 23:45:02,1.17.0,Bandit100,72,3.85,,20,0,100,Right,Right,85,98,138,18,,,0.07
7/23/2025 23:45:03,1.17.0,Bandit100,72,3.85,1.0,20,0,100,Pellet,Right,85,98,139,18,0.66,33.0,
7/23/2025 23:46:05,1.17.0,Bandit100,72,3.85,,20,0,100,Right,Right,85,99,139,19,,,0.04
7/23/2025 23:46:05,1.17.0,Bandit100,72,3.85,,20,0,100,RightDuringDispense,Right,85,99,139,19,,,0.0
7/23/2025 23:46:09,1.17.0,Bandit100,72,3.85,3.0,20,0,100,Pellet,Right,85,99,140,19,0.66,66.0,
7/23/2025 23:46:32,1.17.0,Bandit100,72,3.85,,20,100,0,Right,Left,85,100,140,0,,,0.07
7/23/2025 23:46:33,1.17.0,Bandit100,72,3.85,,20,100,0,RightinTimeout,Left,85,100,140,0,,,0.0
7/23/2025 23:51:15,1.17.0,Bandit100,72,3.85,,20,100,0,Right,Left,85,101,140,0,,,0.2
7/23/2025 23:54:52,1.17.0,Bandit100,72,3.85,,20,100,0,Left,Left,86,101,140,0,,,0.27
7/23/2025 23:54:53,1.17.0,Bandit100,72,3.85,1.0,20,100,0,Pellet,Left,86,101,141,0,0.66,524.0,
7/23/2025 23:55:17,1.17.0,Bandit100,72,3.85,,20,100,0,Left,Left,87,101,141,1,,,0.15
7/23/2025 23:55:19,1.17.0,Bandit100,72,3.85,1.0,20,100,0,Pellet,Left,87,101,142,1,1.10,26.0,
7/23/2025 23:55:43,1.17.0,Bandit100,72,3.85,,20,100,0,Right,Left,87,102,142,2,,,0.24
7/24/2025 0:02:58,1.17.0,Bandit100,72,3.85,,20,100,0,Left,Left,88,102,142,2,,,0.29
7/24/2025 0:02:59,1.17.0,Bandit100,72,3.85,1.0,20,100,0,Pellet,Left,88,102,143,2,0.66,460.0,
7/24/2025 0:03:18,1.17.0,Bandit100,72,3.85,,20,100,0,Left,Left,89,102,143,3,,,0.3
7/24/2025 0:03:19,1.17.0,Bandit100,72,3.85,1.0,20,100,0,Pellet,Left,89,102,144,3,0.66,20.0,
7/24/2025 0:03:38,1.17.0,Bandit100,72,3.85,,20,100,0,Left,Left,90,102,144,4,,,0.26
7/24/2025 0:03:39,1.17.0,Bandit100,72,3.85,1.0,20,100,0,Pellet,Left,90,102,145,4,0.91,20.0,
7/24/2025 0:04:10,1.17.0,Bandit100,72,3.85,,20,100,0,Left,Left,91,102,145,5,,,0.21
7/24/2025 0:04:11,1.17.0,Bandit100,72,3.85,1.0,20,100,0,Pellet,Left,91,102,146,5,0.66,32.0,
7/24/2025 0:06:33,1.17.0,Bandit100,72,3.85,,20,100,0,Left,Left,92,102,146,6,,,0.23
7/24/2025 0:06:36,1.17.0,Bandit100,72,3.85,1.0,20,100,0,Pellet,Left,92,102,147,6,1.99,145.0,
7/24/2025 0:11:59,1.17.0,Bandit100,72,3.85,,20,100,0,Left,Left,93,102,147,7,,,0.3
7/24/2025 0:12:00,1.17.0,Bandit100,72,3.85,1.0,20,100,0,Pellet,Left,93,102,148,7,0.72,324.0,
7/24/2025 1:14:04,1.17.0,Bandit100,72,3.85,,20,100,0,Left,Left,94,102,148,8,,,0.2
7/24/2025 1:14:05,1.17.0,Bandit100,72,3.85,1.0,20,100,0,Pellet,Left,94,102,149,8,0.66,3725.0,
7/24/2025 1:14:23,1.17.0,Bandit100,72,3.85,,20,100,0,Left,Left,95,102,149,9,,,0.23
7/24/2025 1:14:24,1.17.0,Bandit100,72,3.85,1.0,20,100,0,Pellet,Left,95,102,150,9,0.72,19.0,
7/24/2025 1:40:47,1.17.0,Bandit100,72,3.85,,20,100,0,Left,Left,96,102,150,10,,,0.05
7/24/2025 1:40:49,1.17.0,Bandit100,72,3.85,1.0,20,100,0,Pellet,Left,96,102,151,10,0.66,1585.0,
7/24/2025 1:41:15,1.17.0,Bandit100,72,3.85,,20,100,0,Left,Left,97,102,151,11,,,0.05
7/24/2025 1:41:16,1.17.0,Bandit100,72,3.84,,20,100,0,LeftDuringDispense,Left,97,102,151,11,,,0.09
7/24/2025 1:41:20,1.17.0,Bandit100,72,3.85,3.0,20,100,0,Pellet,Left,97,102,152,11,0.72,30.0,
7/24/2025 1:41:52,1.17.0,Bandit100,72,3.84,,20,100,0,Left,Left,98,102,152,12,,,0.07
7/24/2025 1:41:53,1.17.0,Bandit100,72,3.84,,20,100,0,LeftDuringDispense,Left,98,102,152,12,,,0.02
7/24/2025 1:41:54,1.17.0,Bandit100,72,3.85,1.0,20,100,0,Pellet,Left,98,102,153,12,0.98,35.0,
7/24/2025 1:42:49,1.17.0,Bandit100,72,3.85,,20,100,0,Left,Left,99,102,153,13,,,0.03
7/24/2025 1:42:51,1.17.0,Bandit100,72,3.84,1.0,20,100,0,Pellet,Left,99,102,154,13,0.66,57.0,
7/24/2025 1:43:12,1.17.0,Bandit100,72,3.85,,20,100,0,Left,Left,100,102,154,14,,,0.23
7/24/2025 1:43:13,1.17.0,Bandit100,72,3.85,1.0,20,100,0,Pellet,Left,100,102,155,14,0.66,22.0,
7/24/2025 1:43:48,1.17.0,Bandit100,72,3.85,,20,100,0,Right,Left,100,103,155,15,,,0.1
7/24/2025 1:50:01,1.17.0,Bandit100,72,3.85,,20,100,0,Left,Left,101,103,155,15,,,0.76
7/24/2025 1:50:03,1.17.0,Bandit100,72,3.85,1.0,20,100,0,Pellet,Left,101,103,156,15,0.66,410.0,
7/24/2025 1:50:40,1.17.0,Bandit100,72,3.85,,20,100,0,Left,Left,102,103,156,16,,,0.18
7/24/2025 1:50:41,1.17.0,Bandit100,72,3.85,1.0,20,100,0,Pellet,Left,102,103,157,16,0.66,38.0,
7/24/2025 1:51:57,1.17.0,Bandit100,72,3.84,,20,100,0,Left,Left,103,103,157,17,,,0.06
7/24/2025 1:51:58,1.17.0,Bandit100,72,3.84,1.0,20,100,0,Pellet,Left,103,103,158,17,0.66,77.0,
7/24/2025 2:01:06,1.17.0,Bandit100,72,3.85,,20,100,0,Right,Left,103,104,158,18,,,0.08
7/24/2025 2:06:34,1.17.0,Bandit100,72,3.84,,20,100,0,Left,Left,104,104,158,18,,,0.16
7/24/2025 2:06:35,1.17.0,Bandit100,72,3.85,1.0,20,100,0,Pellet,Left,104,104,159,18,0.72,877.0,
7/24/2025 2:19:00,1.17.0,Bandit100,72,3.85,,20,100,0,Right,Left,104,105,159,19,,,0.14
7/24/2025 2:20:42,1.17.0,Bandit100,72,3.84,,20,100,0,Left,Left,105,105,159,19,,,0.04
7/24/2025 2:20:44,1.17.0,Bandit100,72,3.85,1.0,20,100,0,Pellet,Left,105,105,160,19,0.66,849.0,
7/24/2025 2:21:07,1.17.0,Bandit100,72,3.85,,20,0,100,Left,Right,106,105,160,0,,,0.14
7/24/2025 2:22:51,1.17.0,Bandit100,72,3.84,,20,0,100,Right,Right,106,106,160,0,,,0.18
7/24/2025 2:22:52,1.17.0,Bandit100,72,3.85,1.0,20,0,100,Pellet,Right,106,106,161,0,1.23,128.0,
7/24/2025 2:23:21,1.17.0,Bandit100,72,3.85,,20,0,100,Left,Right,107,106,161,1,,,0.02
7/24/2025 2:23:22,1.17.0,Bandit100,72,3.85,,20,0,100,LeftinTimeOut,Right,107,106,161,1,,,
7/24/2025 2:30:03,1.17.0,Bandit100,72,3.85,,20,0,100,Right,Right,107,107,161,1,,,0.14
7/24/2025 2:30:05,1.17.0,Bandit100,72,3.84,1.0,20,0,100,Pellet,Right,107,107,162,1,0.72,433.0,
7/24/2025 2:30:30,1.17.0,Bandit100,72,3.84,,20,0,100,Right,Right,107,108,162,2,,,0.21
7/24/2025 2:30:32,1.17.0,Bandit100,72,3.85,1.0,20,0,100,Pellet,Right,107,108,163,2,1.04,27.0,
7/24/2025 2:30:57,1.17.0,Bandit100,72,3.84,,20,0,100,Right,Right,107,109,163,3,,,0.18
7/24/2025 2:30:58,1.17.0,Bandit100,72,3.84,1.0,20,0,100,Pellet,Right,107,109,164,3,0.66,26.0,
7/24/2025 2:31:24,1.17.0,Bandit100,72,3.85,,20,0,100,Left,Right,108,109,164,4,,,0.33
7/24/2025 2:40:01,1.17.0,Bandit100,72,3.84,,20,0,100,Right,Right,108,110,164,4,,,0.15
7/24/2025 2:40:05,1.17.0,Bandit100,72,3.84,2.0,20,0,100,Pellet,Right,108,110,165,4,0.79,547.0,
7/24/2025 2:40:33,1.17.0,Bandit100,72,3.85,,20,0,100,Right,Right,108,111,165,5,,,0.08
7/24/2025 2:40:35,1.17.0,Bandit100,72,3.84,2.0,20,0,100,Pellet,Right,108,111,166,5,0.66,30.0,
7/24/2025 2:53:28,1.17.0,Bandit100,72,3.84,,20,0,100,Left,Right,109,111,166,6,,,0.42
7/24/2025 2:53:28,1.17.0,Bandit100,72,3.84,,20,0,100,LeftinTimeOut,Right,109,111,166,6,,,
7/24/2025 3:38:48,1.17.0,Bandit100,72,3.84,,20,0,100,Left,Right,110,111,166,6,,,0.58
7/24/2025 3:38:50,1.17.0,Bandit100,72,3.84,,20,0,100,LeftinTimeOut,Right,110,111,166,6,,,
7/24/2025 3:51:09,1.17.0,Bandit100,72,3.85,,20,0,100,Right,Right,110,112,166,6,,,0.07
7/24/2025 3:51:10,1.17.0,Bandit100,72,3.84,1.0,20,0,100,Pellet,Right,110,112,167,6,0.66,4235.0,
7/24/2025 3:51:33,1.17.0,Bandit100,72,3.84,,20,0,100,Right,Right,110,113,167,7,,,0.14
7/24/2025 3:51:34,1.17.0,Bandit100,72,3.84,1.0,20,0,100,Pellet,Right,110,113,168,7,0.66,24.0,
7/24/2025 3:51:54,1.17.0,Bandit100,72,3.84,,20,0,100,Right,Right,110,114,168,8,,,0.27
7/24/2025 3:51:56,1.17.0,Bandit100,72,3.84,1.0,20,0,100,Pellet,Right,110,114,169,8,0.66,22.0,
7/24/2025 3:59:44,1.17.0,Bandit100,72,3.84,,20,0,100,Left,Right,111,114,169,9,,,0.22
7/24/2025 3:59:45,1.17.0,Bandit100,72,3.84,,20,0,100,LeftinTimeOut,Right,111,114,169,9,,,
7/24/2025 3:59:46,1.17.0,Bandit100,72,3.84,,20,0,100,RightinTimeout,Right,111,114,169,9,,,0.0
7/24/2025 3:59:47,1.17.0,Bandit100,72,3.84,,20,0,100,RightinTimeout,Right,111,114,169,9,,,0.0
7/24/2025 4:01:28,1.17.0,Bandit100,72,3.83,,20,0,100,Left,Right,112,114,169,9,,,0.3
7/24/2025 4:01:55,1.17.0,Bandit100,72,3.84,,20,0,100,Left,Right,113,114,169,9,,,0.12
7/24/2025 4:01:57,1.17.0,Bandit100,72,3.84,,20,0,100,LeftinTimeOut,Right,113,114,169,9,,,
7/24/2025 4:01:59,1.17.0,Bandit100,72,3.84,,20,0,100,LeftinTimeOut,Right,113,114,169,9,,,
7/24/2025 4:02:02,1.17.0,Bandit100,72,3.84,,20,0,100,LeftinTimeOut,Right,113,114,169,9,,,
7/24/2025 4:02:06,1.17.0,Bandit100,72,3.83,,20,0,100,LeftinTimeOut,Right,113,114,169,9,,,
7/24/2025 4:02:06,1.17.0,Bandit100,72,3.84,,20,0,100,LeftinTimeOut,Right,113,114,169,9,,,
7/24/2025 4:02:07,1.17.0,Bandit100,72,3.85,,20,0,100,LeftinTimeOut,Right,113,114,169,9,,,
7/24/2025 4:02:07,1.17.0,Bandit100,72,3.84,,20,0,100,LeftinTimeOut,Right,113,114,169,9,,,
7/24/2025 4:02:07,1.17.0,Bandit100,72,3.84,,20,0,100,LeftinTimeOut,Right,113,114,169,9,,,
7/24/2025 4:02:11,1.17.0,Bandit100,72,3.84,,20,0,100,RightinTimeout,Right,113,114,169,9,,,0.0
7/24/2025 4:02:11,1.17.0,Bandit100,72,3.84,,20,0,100,RightinTimeout,Right,113,114,169,9,,,0.0
7/24/2025 4:02:12,1.17.0,Bandit100,72,3.84,,20,0,100,RightinTimeout,Right,113,114,169,9,,,0.0
7/24/2025 4:02:12,1.17.0,Bandit100,72,3.84,,20,0,100,RightinTimeout,Right,113,114,169,9,,,0.0
7/24/2025 4:02:13,1.17.0,Bandit100,72,3.84,,20,0,100,RightinTimeout,Right,113,114,169,9,,,0.0
7/24/2025 4:02:13,1.17.0,Bandit100,72,3.84,,20,0,100,RightinTimeout,Right,113,114,169,9,,,0.0
7/24/2025 4:02:14,1.17.0,Bandit100,72,3.84,,20,0,100,RightinTimeout,Right,113,114,169,9,,,0.0
7/24/2025 4:02:51,1.17.0,Bandit100,72,3.84,,20,0,100,Right,Right,113,115,169,9,,,0.4
7/24/2025 4:02:53,1.17.0,Bandit100,72,3.84,2.0,20,0,100,Pellet,Right,113,115,170,9,1.16,657.0,
7/24/2025 4:03:26,1.17.0,Bandit100,72,3.84,,20,0,100,Right,Right,113,116,170,10,,,0.31
7/24/2025 4:03:27,1.17.0,Bandit100,72,3.84,1.0,20,0,100,Pellet,Right,113,116,171,10,0.66,34.0,
7/24/2025 4:03:44,1.17.0,Bandit100,72,3.84,,20,0,100,Right,Right,113,117,171,11,,,0.43
7/24/2025 4:03:45,1.17.0,Bandit100,72,3.83,1.0,20,0,100,Pellet,Right,113,117,172,11,0.72,18.0,
7/24/2025 4:04:22,1.17.0,Bandit100,72,3.84,,20,0,100,Right,Right,113,118,172,12,,,0.0
7/24/2025 4:04:23,1.17.0,Bandit100,72,3.84,1.0,20,0,100,Pellet,Right,113,118,173,12,0.66,38.0,
7/24/2025 4:04:40,1.17.0,Bandit100,72,3.84,,20,0,100,Right,Right,113,119,173,13,,,0.2
7/24/2025 4:04:44,1.17.0,Bandit100,72,3.84,2.0,20,0,100,Pellet,Right,113,119,174,13,0.85,21.0,
7/24/2025 4:05:02,1.17.0,Bandit100,72,3.84,,20,0,100,Right,Right,113,120,174,14,,,0.07
7/24/2025 4:05:02,1.17.0,Bandit100,72,3.84,,20,0,100,RightDuringDispense,Right,113,120,174,14,,,0.04
7/24/2025 4:05:06,1.17.0,Bandit100,72,3.84,2.0,20,0,100,Pellet,Right,113,120,175,14,0.66,22.0,
7/24/2025 4:05:25,1.17.0,Bandit100,72,3.84,,20,0,100,Right,Right,113,121,175,15,,,0.33
7/24/2025 4:05:26,1.17.0,Bandit100,72,3.83,1.0,20,0,100,Pellet,Right,113,121,176,15,0.66,20.0,
7/24/2025 4:05:45,1.17.0,Bandit100,72,3.84,,20,0,100,Right,Right,113,122,176,16,,,0.02
7/24/2025 4:05:46,1.17.0,Bandit100,72,3.84,1.0,20,0,100,Pellet,Right,113,122,177,16,0.66,20.0,
7/24/2025 4:06:02,1.17.0,Bandit100,72,3.84,,20,0,100,Right,Right,113,123,177,17,,,0.06
7/24/2025 4:06:03,1.17.0,Bandit100,72,3.83,1.0,20,0,100,Pellet,Right,113,123,178,17,0.66,17.0,
7/24/2025 4:06:36,1.17.0,Bandit100,72,3.83,,20,0,100,Right,Right,113,124,178,18,,,0.24
7/24/2025 4:06:37,1.17.0,Bandit100,72,3.84,2.0,20,0,100,Pellet,Right,113,124,179,18,0.66,34.0,
7/24/2025 4:07:02,1.17.0,Bandit100,72,3.84,,20,0,100,Right,Right,113,125,179,19,,,0.28
7/24/2025 4:07:03,1.17.0,Bandit100,72,3.83,1.0,20,0,100,Pellet,Right,113,125,180,19,0.66,26.0,
7/24/2025 4:17:37,1.17.0,Bandit100,72,3.85,,20,100,0,Right,Left,113,126,180,0,,,0.3
7/24/2025 4:22:33,1.17.0,Bandit100,72,3.83,,20,100,0,Left,Left,114,126,180,0,,,0.28
7/24/2025 4:22:34,1.17.0,Bandit100,72,3.84,1.0,20,100,0,Pellet,Left,114,126,181,0,0.85,931.0,
7/24/2025 4:22:55,1.17.0,Bandit100,72,3.84,,20,100,0,Left,Left,115,126,181,1,,,0.18
7/24/2025 4:22:57,1.17.0,Bandit100,72,3.84,1.0,20,100,0,Pellet,Left,115,126,182,1,0.91,23.0,
7/24/2025 4:23:13,1.17.0,Bandit100,72,3.84,,20,100,0,Left,Left,116,126,182,2,,,0.09
7/24/2025 4:23:14,1.17.0,Bandit100,72,3.84,1.0,20,100,0,Pellet,Left,116,126,183,2,0.66,17.0,
7/24/2025 4:23:35,1.17.0,Bandit100,72,3.83,,20,100,0,Left,Left,117,126,183,3,,,0.04
7/24/2025 4:23:36,1.17.0,Bandit100,72,3.83,1.0,20,100,0,Pellet,Left,117,126,184,3,0.66,22.0,
7/24/2025 4:26:07,1.17.0,Bandit100,72,3.84,,20,100,0,Left,Left,118,126,184,4,,,0.15
7/24/2025 4:26:08,1.17.0,Bandit100,72,3.84,1.0,20,100,0,Pellet,Left,118,126,185,4,0.66,152.0,
7/24/2025 4:34:10,1.17.0,Bandit100,72,3.84,,20,100,0,Left,Left,119,126,185,5,,,0.04
7/24/2025 4:34:11,1.17.0,Bandit100,72,3.84,2.0,20,100,0,Pellet,Left,119,126,186,5,0.66,483.0,
7/24/2025 7:29:06,1.17.0,Bandit100,72,3.83,,20,100,0,Right,Left,119,127,186,6,,,0.1
7/24/2025 7:34:27,1.17.0,Bandit100,72,3.84,,20,100,0,Left,Left,120,127,186,6,,,0.17
7/24/2025 7:34:29,1.17.0,Bandit100,72,3.83,1.0,20,100,0,Pellet,Left,120,127,187,6,0.91,10818.0,
7/24/2025 7:34:50,1.17.0,Bandit100,72,3.83,,20,100,0,Left,Left,121,127,187,7,,,0.17
7/24/2025 7:34:51,1.17.0,Bandit100,72,3.83,1.0,20,100,0,Pellet,Left,121,127,188,7,0.66,22.0,
7/24/2025 7:35:13,1.17.0,Bandit100,72,3.83,,20,100,0,Left,Left,122,127,188,8,,,0.12
7/24/2025 7:35:14,1.17.0,Bandit100,72,3.83,1.0,20,100,0,Pellet,Left,122,127,189,8,0.66,23.0,
7/24/2025 7:45:02,1.17.0,Bandit100,72,3.83,,20,100,0,Left,Left,123,127,189,9,,,0.13
7/24/2025 7:45:04,1.17.0,Bandit100,72,3.83,1.0,20,100,0,Pellet,Left,123,127,190,9,1.42,590.0,
7/24/2025 7:45:26,1.17.0,Bandit100,72,3.83,,20,100,0,Left,Left,124,127,190,10,,,0.03
7/24/2025 7:45:28,1.17.0,Bandit100,72,3.83,1.0,20,100,0,Pellet,Left,124,127,191,10,0.79,24.0,
7/24/2025 10:50:52,1.17.0,Bandit100,72,3.83,,20,100,0,Left,Left,125,127,191,11,,,0.08
7/24/2025 10:51:09,1.17.0,Bandit100,72,3.83,1.0,20,100,0,Pellet,Left,125,127,192,11,16.74,11141.0,
7/24/2025 10:51:22,1.17.0,Bandit100,72,3.83,,20,100,0,Left,Left,126,127,192,12,,,0.08
7/24/2025 10:51:24,1.17.0,Bandit100,72,3.83,1.0,20,100,0,Pellet,Left,126,127,193,12,0.98,15.0,
7/24/2025 10:51:41,1.17.0,Bandit100,72,3.83,,20,100,0,Left,Left,127,127,193,13,,,0.27
7/24/2025 10:51:43,1.17.0,Bandit100,72,3.83,1.0,20,100,0,Pellet,Left,127,127,194,13,0.72,19.0,
7/24/2025 10:52:10,1.17.0,Bandit100,72,3.83,,20,100,0,Left,Left,128,127,194,14,,,0.26
7/24/2025 10:52:11,1.17.0,Bandit100,72,3.83,1.0,20,100,0,Pellet,Left,128,127,195,14,0.66,28.0,
7/24/2025 12:30:55,1.17.0,Bandit100,72,3.83,,20,100,0,Left,Left,129,127,195,15,,,0.34
7/24/2025 12:30:57,1.17.0,Bandit100,72,3.83,1.0,20,100,0,Pellet,Left,129,127,196,15,0.79,5926.0,
7/24/2025 13:02:46,1.17.0,Bandit100,72,3.82,,20,100,0,Left,Left,130,127,196,16,,,0.32
7/24/2025 13:02:48,1.17.0,Bandit100,72,3.83,1.0,20,100,0,Pellet,Left,130,127,197,16,0.66,1911.0,
7/24/2025 13:03:19,1.17.0,Bandit100,72,3.83,,20,100,0,Left,Left,131,127,197,17,,,0.23
7/24/2025 13:03:20,1.17.0,Bandit100,72,3.82,1.0,20,100,0,Pellet,Left,131,127,198,17,0.66,32.0,
7/24/2025 13:03:48,1.17.0,Bandit100,72,3.82,,20,100,0,Left,Left,132,127,198,18,,,0.1
7/24/2025 13:03:49,1.17.0,Bandit100,72,3.83,1.0,20,100,0,Pellet,Left,132,127,199,18,0.66,29.0,
7/24/2025 13:04:15,1.17.0,Bandit100,72,3.83,,20,100,0,Left,Left,133,127,199,19,,,0.3
7/24/2025 13:04:16,1.17.0,Bandit100,72,3.82,1.0,20,100,0,Pellet,Left,133,127,200,19,0.98,27.0,
7/24/2025 13:04:38,1.17.0,Bandit100,72,3.83,,20,0,100,Left,Right,134,127,200,0,,,0.06
